상품번호,상품명,판매가,상태,카테고리,재고,등록일
13298650417,절구 절구통 다지기 으깨기 절구공이 세트 LL,46600,SALE,생활/건강>주방용품>칼/커팅기구>절구,3333,2026-04-06T00:16:43.288+09:00
13298650126,S형 걸이 후크 8개 세트 공간 절약 소품 정리함 다용도 주방 벽걸이 행주 수건걸이,11490,SALE,생활/건강>수납/정리용품>옷걸이>일반옷걸이,9999,2026-04-06T00:16:36.301+09:00
13298649975,스위스 밀리터리 보온 도시락 세트 470ml,47090,SALE,생활/건강>주방용품>보관/밀폐용기>도시락통/찬합,999,2026-04-06T00:16:32.806+09:00
13298649809,스위스 밀리터리 보온 도시락 세트 350ml,38020,SALE,생활/건강>주방용품>보관/밀폐용기>도시락통/찬합,999,2026-04-06T00:16:29.480+09:00
13298649628,휴대용 철제 이젤 미술 그림 그리기 세트 실내 야외용 휴대용이젤 용품 도구 풍경화 작업,34170,SALE,생활/건강>화방용품>미술보조용품>이젤,7,2026-04-06T00:16:25.297+09:00
13298649459,벽걸이 샴푸 디스펜서 3구 물비누 세제통 호텔용 세트 욕실 용품 샴푸디 욕실디 세제디,59890,SALE,생활/건강>욕실용품>욕실용기/홀더>디스펜서,9999,2026-04-06T00:16:21.893+09:00
13298649300,로즈 골드 28mm 서류 클립 사무용 종이 10 개 세트 문서 정리 디자인 문구 리포트,8040,SALE,생활/건강>문구/사무용품>문구용품>클립/핀,3,2026-04-06T00:16:18.561+09:00
13298649106,세미락 욕실 도자기 디스펜서 5종 세트 형 욕실디 세면대 소품 인테리어 비누 홀더,53000,SALE,생활/건강>욕실용품>욕실용기/홀더>디스펜서,9999,2026-04-06T00:16:14.312+09:00
13298648956,렌즈 청소용 립스틱형 고무 펌프와 청소솔 세트 고무에어 기구 크리너 광학 노트북 클리너,28990,SALE,디지털/가전>카메라/캠코더용품>카메라/캠코더 관련용품>기타카메라/캠코더용품,9999,2026-04-06T00:16:10.693+09:00
13298648811,정밀 드라이버 세트 나사 스크류 공구 24 종 버세트 라쳇 다용도 가정용 정리함 수공구,52460,SALE,생활/건강>공구>수작업공구>드라이버,9999,2026-04-06T00:16:07.182+09:00
13298648667,주방 칼꽂이 보관 블록 스탠드 칼블럭 주방칼 칼정리함 칼수납대 세트 칼보관함 용품,40000,SALE,생활/건강>주방용품>칼/커팅기구>칼꽂이/블럭,9,2026-04-06T00:16:03.849+09:00
13298648507,차량용 트렁크 우산 걸이 간편 설치 소품 행거 수납 정리 정리함 낚시대 후크 액세서리,7910,SALE,생활/건강>자동차용품>수납용품>차량용우산걸이,9999,2026-04-06T00:16:00.304+09:00
13298648352,정밀 드라이버 115종 공구 세트 조립 분해 멀티 툴 버세트 가정용 전자 기기 수리,34560,SALE,생활/건강>공구>수작업공구>드라이버,9999,2026-04-06T00:15:56.698+09:00
13298648188,글리터 네일 파우더 트레이 받침대 거치대 아트 스티커 젤매니큐어 네일팁 세트 손톱 관리,8970,SALE,화장품/미용>네일케어>네일아트,4,2026-04-06T00:15:52.993+09:00
13298648046,다기능 자동차 소품걸이 3개 세트 차량 정리함 홀더 자석 스탠드 마운트 후크 벽전화,8180,SALE,생활/건강>자동차용품>수납용품>차량용옷걸이/후크/행거,9999,2026-04-06T00:15:49.570+09:00
13298647899,황금 코끼리 인테리어 소품 세트 집들이 선물 장식품 입주용 홈데코 아트 아이디어 실내,40400,SALE,패션잡화>패션소품>한복소품,2,2026-04-06T00:15:46.183+09:00
13298647742,호두 망치 견과류 오프너 밤가위 세트 호두까기 기계 류전용까기 다용도까기 기구 주방,8570,SALE,생활/건강>주방용품>칼/커팅기구>주방가위,9999,2026-04-06T00:15:42.478+09:00
13298647596,서류 정리함 파일 수납 트레이 박스 세트 1개 책상오 거나이저 멀티 서류철 문서 보관함,18520,SALE,생활/건강>문구/사무용품>데스크용품>문서보관함/서류함,9999,2026-04-06T00:15:39.060+09:00
13298647448,와인잔 거치대 보관함 정리대 와인랙 홀더 세트 유리 선반 소품 정리함 와인용걸이 주방,29660,SALE,생활/건강>주방용품>와인용품>와인랙,9999,2026-04-06T00:15:35.849+09:00
13298647267,비누 카네이션 브로치 세트(대) 1개 어버이날 스승의날 감사 유치원 학원 학교 단체 선물,23440,SALE,생활/건강>문구/사무용품>문구용품>기타문구용품,86,2026-04-06T00:15:31.599+09:00
13298647115,자전거펑크 자전거 타이어 펑크 수리 패치 키트 세트 DD-11980 자전거펑크패치,28490,SALE,스포츠/레저>자전거>자전거용품>공구,999,2026-04-06T00:15:27.974+09:00
13298646975,메이크업스파츌라 메이크업 믹싱 스파츌라 팔레트 세트,9160,SALE,화장품/미용>뷰티소품>페이스소품>기타페이스소품,999,2026-04-06T00:15:24.570+09:00
13298646792,주먹밥 미니 3단 도시락 만들기 틀 세트 DD-11903 주먹밥틀,4320,SALE,생활/건강>주방용품>조리기구>김밥/주먹밥틀,999,2026-04-06T00:15:21.234+09:00
13298646648,종이액자 컬러 사진 페이퍼 프레임 세트 종이액자프레임,6840,SALE,가구/인테리어>인테리어소품>액자>탁상용액자,999,2026-04-06T00:15:17.961+09:00
13298646464,손잡이앞접시 캠핑 먹방 스퀘어 손잡이 앞접시 플레이팅 5종 세트 예쁜그릇,21560,SALE,생활/건강>주방용품>식기>접시,999,2026-04-06T00:15:14.418+09:00
13298646280,물뿌리개 원예 화분 물 조리개 물주기 3L DD-11930 물조리개,12340,SALE,생활/건강>정원/원예용품>물조리개,999,2026-04-06T00:15:10.652+09:00
13298646138,미술놀이 키즈맘아트 스프레이 물감 슈팅 컬러 120ml x 5색 세트,53700,SALE,출산/육아>완구/인형>미술놀이>물감,999,2026-04-06T00:15:07.416+09:00
13298645964,파리끈끈이 강력 화분 과수원 파리 초파리 해충 벌레 퇴치 끈끈이 사각끈끈이 20x30cm 10매 M11148 방제,7650,SALE,생활/건강>생활용품>해충퇴치용품>끈끈이,999,2026-04-06T00:15:03.799+09:00
13298645785,네일붓 젤 네일 아트 붓 브러쉬 재료 15종 세트 DD-11803 젤네일붓,7040,SALE,화장품/미용>네일케어>네일아트,999,2026-04-06T00:14:59.975+09:00
13298645596,네일파우더 네일 아트 반짝이 글리터 파우더 48종 세트 DD-11796 네일글리터,11080,SALE,화장품/미용>네일케어>네일아트,999,2026-04-06T00:14:56.528+09:00
13298645453,스테인레스 휴대용 스텐 귀청소 6종 세트 핸디,5090,SALE,식품>다이어트식품>단백질보충제>기타단백질보충제,999,2026-04-06T00:14:53.407+09:00
13298645262,무선 KANALS호환 공연용 강의용 헤드마이크 가이드용 듀얼,46840,SALE,디지털/가전>음향가전>마이크>무선마이크,999,2026-04-06T00:14:49.936+09:00
13298645089,클레이도구 지점토 찰흙 폴리머 클레이 공예 툴 도구 5종 세트 폴리머클레이도구,9000,SALE,출산/육아>완구/인형>미술놀이>클레이,999,2026-04-06T00:14:46.623+09:00
13298644947,아일렛 다용도 펀칭기 펀치 세트 DD-11670 아일렛핀,11820,SALE,생활/건강>문구/사무용품>문구용품>펀치,999,2026-04-06T00:14:43.347+09:00
13298644760,광택패드 차량 유막 제거 스펀지 광택 패드 세트 세차스펀지,18840,SALE,생활/건강>자동차용품>세차용품>세차스펀지,999,2026-04-06T00:14:40.115+09:00
13298644594,포토가랜드 DIY 컬러 종이 포토 액자 가랜드 10P 세트 DD-11613 종이액자,7690,SALE,생활/건강>문구/사무용품>이벤트/파티용품>가랜드,999,2026-04-06T00:14:36.587+09:00
13298644453,사진가랜드 노끈 사진 걸이 가랜드 세트 사진걸이,6150,SALE,생활/건강>문구/사무용품>이벤트/파티용품>가랜드,999,2026-04-06T00:14:33.001+09:00
13298644268,바닥밀대 국산 접이식 밀대 바닥 걸레 강당 마포대 세트 걸레밀대,38950,SALE,생활/건강>청소용품>밀대/패드,999,2026-04-06T00:14:29.598+09:00
13298644115,바닥밀대 극세사 걸레 밀대 바닥 물밀대 패드 세트 걸레밀대,34310,SALE,생활/건강>청소용품>밀대/패드,999,2026-04-06T00:14:26.014+09:00
13298643932,보쉬 4-5-6-7-8 콘크리트 드릴비트 세트(5개입) 공구,28050,SALE,생활/건강>공구>전동공구>비트세트,999,2026-04-06T00:14:22.520+09:00
13298643757,종이컵 나무이야기 일회용 핫컵(16oz) 480ml 20입 세트 카페종이컵,6760,SALE,생활/건강>주방용품>주방잡화>종이컵,999,2026-04-06T00:14:19.355+09:00
13298643600,머리끈 컬러 캔디 통통 50P 파우치 세트 DD-11405 헤어밴드,4730,SALE,패션잡화>헤어액세서리>헤어끈,999,2026-04-06T00:14:15.787+09:00
13298643408,0 내향성 내성 발톱 정리 발톱큐렛 3종 세트 DD-11442 발톱관리용품,8800,SALE,생활/건강>발건강용품>발가락교정기,999,2026-04-06T00:14:12.093+09:00
13298643230,크래커플러스 (DG) 3D퍼즐 호국보훈 입체퍼즐 세트 3d퍼즐,87920,SALE,출산/육아>완구/인형>유아동퍼즐>종이/입체퍼즐,999,2026-04-06T00:14:08.225+09:00
13298643089,베이킹 케익 데코툴 슈깍지 세트 깍지,26660,SALE,생활/건강>주방용품>제과/제빵용품>제빵소도구,999,2026-04-06T00:14:04.855+09:00
13298642914,자동급수기 화분 식물 꽃 화분물주기 2P DD-11429,5870,SALE,생활/건강>정원/원예용품>물조리개,999,2026-04-06T00:14:01.466+09:00
13298642763,압축팩 수동식 의류 진공압축팩 40x60xm DD-10142 진공포장,5600,SALE,생활/건강>수납/정리용품>압축팩,999,2026-04-06T00:13:58.012+09:00
13298642565,문구 조각 목공예 아트 세트 13PC DD-10664,7470,SALE,생활/건강>공구>목공공구>조각기,999,2026-04-06T00:13:54.441+09:00
13298642387,분갈이매트 원예용 화분 분갈이 방수 매트 DD-10683 방수매트,8570,SALE,생활/건강>정원/원예용품>원예부자재,999,2026-04-06T00:13:50.884+09:00
13298642226,실험용핀셋 전자 부품 프라모델 정밀 핀셋 6종 세트 DD-10784 미세핀셋,7470,SALE,생활/건강>공구>수작업공구>핀셋,999,2026-04-06T00:13:47.409+09:00
13298642054,탁구연습기 나홀로 셀프 탁구 놀이 연습 세트 DD-10899 탁구라켓,10390,SALE,스포츠/레저>탁구>기타탁구용품,999,2026-04-06T00:13:43.939+09:00
13298641903,정원용품 화분 자동 급수 장치 10개입 DD-10920 원예용품,8930,SALE,생활/건강>정원/원예용품>물조리개,999,2026-04-06T00:13:40.419+09:00
13298641709,스펀지볼 스펀지 미니 스포츠 공 세트 12P DD-11090 스폰지볼,12090,SALE,출산/육아>완구/인형>스포츠완구>공/소프트볼,999,2026-04-06T00:13:36.691+09:00
13298641547,만두제조기 설 추석 만두틀 만두만들기 3종 세트 DD-11248 만두접기,5010,SALE,생활/건강>주방용품>조리기구>기타조리기구,999,2026-04-06T00:13:33.374+09:00
13298641361,비트소켓세트 복스알 비트 소켓 렌치 공구 세트 DD-11217 복스알비트세트,17130,SALE,생활/건강>공구>수작업공구>복스,999,2026-04-06T00:13:29.529+09:00
13298641136,형광펜 라인플러스 네오라이트 (12개입) 1다스 (옐로우) 문구,7180,SALE,생활/건강>문구/사무용품>필기도구>형광펜,999,2026-04-06T00:13:25.248+09:00
13298640976,미니접착 무타공 초강력 다용도 만능 홀더 걸이 후크 세트 접착식,3400,SALE,생활/건강>수납/정리용품>소품걸이,999,2026-04-06T00:13:21.751+09:00
13298640804,중성펜 동아 미피 향기나는 0.5mm 1다스 (12자루) (블루) 볼펜,14700,SALE,생활/건강>문구/사무용품>필기도구>펜,999,2026-04-06T00:13:17.949+09:00
13298640660,중성펜 동아 미피 향기나는 0.5mm 1다스 (12자루) (레드) 볼펜,14700,SALE,생활/건강>문구/사무용품>필기도구>펜,999,2026-04-06T00:13:14.673+09:00
13298640502,강아지 해피파티 펫 생일파티 의상 핑크 드레스 3종 세트 원피스,34910,SALE,생활/건강>반려동물>패션용품>코스튬,999,2026-04-06T00:13:11.091+09:00
13298640329,키트 동물농장 이오난사 테라리움 만들기 1인 세트 재료,17650,SALE,생활/건강>원예/식물>테라리엄,999,2026-04-06T00:13:07.610+09:00
13298640157,계기교육 단오 병풍 만들기 1인 세트 사회,11040,SALE,출산/육아>완구/인형>미술놀이>기타미술놀이,999,2026-04-06T00:13:03.963+09:00
13298640010,일회용컵 아이스컵 뚜껑 세트 16oz(480ml)10개입 플라스틱컵,7180,SALE,생활/건강>주방용품>잔/컵>플라스틱컵,999,2026-04-06T00:13:00.540+09:00
13298639836,과학실험키트 (SA) 자외선손가락만들기(스마트폰 열쇠고리형)(10인 세트) 과학실험세트,47340,SALE,출산/육아>교구>학습교구>자연/과학교구,999,2026-04-06T00:12:56.673+09:00
13298639658,드라이버세트 드라이버 세트 공구 노트북 스마트폰 분해조립 별드라이버,7180,SALE,생활/건강>공구>수작업공구>드라이버,999,2026-04-06T00:12:52.943+09:00
13298639502,한국 우리나라 팝업 북아트 만들기 대한민국,16090,SALE,출산/육아>완구/인형>미술놀이>기타미술놀이,999,2026-04-06T00:12:49.439+09:00
13298639350,스테들러 마스 루모그라프 제도연필 8H 1타,24670,SALE,생활/건강>문구/사무용품>필기도구>연필,1000000,2026-04-06T00:12:45.750+09:00
13298639156,스테들러 마스 루모그라프 제도연필 9H 1타,24670,SALE,생활/건강>문구/사무용품>필기도구>연필,1000000,2026-04-06T00:12:42.286+09:00
13298638969,스테들러 마스 루모그라프 제도연필 7H 1타,24670,SALE,생활/건강>문구/사무용품>필기도구>연필,1000000,2026-04-06T00:12:38.259+09:00
13298638777,스테들러 마스 루모그라프 제도연필 9B 1타,24670,SALE,생활/건강>문구/사무용품>필기도구>연필,1000000,2026-04-06T00:12:34.020+09:00
13298638585,탕비 오리온 통아몬드캔디 90g 간식,6680,SALE,식품>과자/베이커리>사탕,999,2026-04-06T00:12:30.140+09:00
13298638384,노트 노트패드(A5 노랑 1EA Office Factory) 수첩,4800,SALE,생활/건강>문구/사무용품>노트/수첩>노트패드,999,2026-04-06T00:12:26.076+09:00
13298638178,0 개구리 개운죽 화분 만들기,7610,SALE,생활/건강>원예/식물>수경식물,999,2026-04-06T00:12:21.981+09:00
13298637953,문구용품 모닝)종합장(무선 남) 사무용품,6620,SALE,생활/건강>문구/사무용품>노트/수첩>노트,999,2026-04-06T00:12:17.576+09:00
13298637748,쓰레받기 엠비코 미니 빗자루 + 쓰레받기세트 (색상선택불가) 방비세트,9730,SALE,생활/건강>청소용품>빗자루/쓰레받기,999,2026-04-06T00:12:13.622+09:00
13298637605,0 수저 세트 해바라기 5P SET,29630,SALE,생활/건강>주방용품>식기>수저,999,2026-04-06T00:12:10.045+09:00
13298637443,와이퍼 아반떼AD 하이브리드 650mm 400mm 세트 하이브리드와이퍼,13440,SALE,생활/건강>자동차용품>오일/소모품>엔진오일,999,2026-04-06T00:12:06.280+09:00
13298637263,와이퍼 아반떼MD 하이브리드 650mm 350mm 세트 하이브리드와이퍼,13440,SALE,생활/건강>자동차용품>오일/소모품>엔진오일,999,2026-04-06T00:12:02.240+09:00
13298637074,와이퍼 올란도 하이브리드 600mm 450mm 세트 하이브리드와이퍼,13440,SALE,생활/건강>자동차용품>오일/소모품>엔진오일,999,2026-04-06T00:11:58.214+09:00
13298636875,와이퍼 LF소나타 하이브리드 650mm 450mm 세트 하이브리드와이퍼,13440,SALE,생활/건강>자동차용품>오일/소모품>엔진오일,999,2026-04-06T00:11:53.727+09:00
13298636706,작업 세신버팔로 12각 소켓렌치 세트 3 4Dr(Inc) 21pcs Inc사이즈 (1EA) 소켓,597910,SALE,생활/건강>공구>수작업공구>렌치,999,2026-04-06T00:11:50.122+09:00
13298636538,연필홀더 꼽는방식 노트 다이어리 연필 볼펜 고정 홀더1P 볼펜보관,5410,SALE,생활/건강>문구/사무용품>데스크용품>연필꽂이,999,2026-04-06T00:11:46.497+09:00
13298636346,노즐청소 빨대전용 스텐 세척솔 10p 세트 빨대세척솔 빨대솔 물병세척솔,12750,SALE,출산/육아>소독/살균용품>젖병솔,999,2026-04-06T00:11:42.588+09:00
13298636148,미니쓰레받기 빗자루 쓰레받이 빗자루세트 쓰레받기 세트 미니,5390,SALE,생활/건강>청소용품>빗자루/쓰레받기,999,2026-04-06T00:11:38.401+09:00
13298635945,거실액자 자취방꾸미기 가랜드 종이액자 10p 세트 5x7 화이트 거실인테리어액자,9970,SALE,생활/건강>문구/사무용품>이벤트/파티용품>가랜드,999,2026-04-06T00:11:34.062+09:00
13298635752,라텍스밴드 TPE 요가 밴드(랠리) 세트 스트레칭밴드,15480,SALE,스포츠/레저>헬스>웨이트기구>웨이트용품,999,2026-04-06T00:11:30.068+09:00
13298635562,기타피크 세트(10개) 피크 5 Guitar-Pick 1.0mm 기타용품,11520,SALE,생활/건강>악기>현악기>현악기소품/부품,999,2026-04-06T00:11:26.283+09:00
13298635405,양변기수리 양변기부속 고무덮개 체인형 누수방지 플러시밸브 부속품 변기부속품,6940,SALE,생활/건강>욕실용품>세면대/수전용품>욕실부속품,999,2026-04-06T00:11:22.752+09:00
13298635128,SM5노바와이퍼 SM5 노바 와이퍼 600mm400mm 세트 SM5노바용품,13440,SALE,생활/건강>자동차용품>오일/소모품>엔진오일,999,2026-04-06T00:11:17.097+09:00
13298634962,K53와이퍼 K5 3 와이퍼 650mm400mm 세트 K53용품,13440,SALE,생활/건강>자동차용품>오일/소모품>엔진오일,999,2026-04-06T00:11:13.417+09:00
13298634776,건스프레이 투명 공병 500ml 세트 분무기 건스프레이공병,5910,SALE,생활/건강>생활용품>생활잡화>분무기,999,2026-04-06T00:11:09.824+09:00
13298634597,걸이형도자기수저통 걸이형 도자기 수저통(L) 1P 세트 도자기수저통,17380,SALE,생활/건강>주방용품>식기>수저통,999,2026-04-06T00:11:05.765+09:00
13298634364,실핀 검정 머리 헤어 실삔 세트,3750,SALE,패션잡화>헤어액세서리>헤어핀,999,2026-04-06T00:11:01.706+09:00
13298634120,학용품 모형철자 세트 사무용품,25880,SALE,생활/건강>문구/사무용품>문구용품>자,999,2026-04-06T00:10:57.993+09:00
13298633869,문구용품 )패드(A4 40매 노랑) 사무용품,6770,SALE,생활/건강>문구/사무용품>노트/수첩>노트패드,999,2026-04-06T00:10:54.090+09:00
13298633652,문구용품 빠이롯트)지워지는프릭션볼펜(0.5mm 흑색) 사무용품,10820,SALE,생활/건강>문구/사무용품>필기도구>볼펜,999,2026-04-06T00:10:50.316+09:00
13298633484,위생 이불 의류정리 압축팩 에어 압축펌프 진공압축기 이불압축팩,5940,SALE,생활/건강>수납/정리용품>압축팩,999,2026-04-06T00:10:46.662+09:00
13298633291,더뉴니로와이퍼 더뉴니로 와이퍼 650mm 400mm 세트 더뉴니로용품,13440,SALE,생활/건강>자동차용품>오일/소모품>엔진오일,999,2026-04-06T00:10:42.567+09:00
13298633144,코란도스포츠와이퍼 코란도스포츠 와이퍼 550mm 450mm 세트 코란도스포츠용품,13440,SALE,생활/건강>자동차용품>오일/소모품>엔진오일,999,2026-04-06T00:10:39.436+09:00
13298633001,뉴코란도와이퍼 뉴코란도 와이퍼 450mm 세트 뉴코란도용품,13440,SALE,생활/건강>자동차용품>오일/소모품>엔진오일,999,2026-04-06T00:10:36.134+09:00
13298632791,올란도와이퍼 올란도 와이퍼 600mm 450mm 세트 올란도용품,13440,SALE,생활/건강>자동차용품>오일/소모품>엔진오일,999,2026-04-06T00:10:32.004+09:00
13298632580,더넥스트스파크와이퍼 더넥스트스파크 와이퍼 600mm 350mm 세트 더넥스트스파크용품,13440,SALE,생활/건강>자동차용품>오일/소모품>엔진오일,999,2026-04-06T00:10:28.319+09:00
13298632415,싼타페TM와이퍼 싼타페TM 와이퍼 650mm 400mm 세트 싼타페TM용품,13440,SALE,생활/건강>자동차용품>오일/소모품>엔진오일,999,2026-04-06T00:10:24.948+09:00
13298632239,약 VA 바퀴트랩 세트 - 낱개 40개 벌레잡는,16990,SALE,생활/건강>생활용품>해충퇴치용품>끈끈이,999,2026-04-06T00:10:21.370+09:00
13298632040,사무용품 비망노트(일수수첩 22매 홍익사) 노트,3470,SALE,생활/건강>문구/사무용품>노트/수첩>노트,999,2026-04-06T00:10:17.592+09:00
13298631863,필기구 네임펜F(흑 1.0 12자루 모나미) 네임펜,19240,SALE,생활/건강>문구/사무용품>필기도구>네임펜,999,2026-04-06T00:10:13.908+09:00
13298631710,필기구 모노그래프 MG 샤프심(스탠다드 40본 0.5 B TOMBOW) 샤프,6940,SALE,생활/건강>문구/사무용품>필기도구>샤프심,999,2026-04-06T00:10:10.223+09:00
13298631527,필기구 프레피만년필 잉크카트리지(흑색 10개입 플래티넘) 수성펜,13440,SALE,생활/건강>문구/사무용품>필기도구>만년필,999,2026-04-06T00:10:06.291+09:00
13298631350,필기구 오피스겔펜(흑 0.5 1자루 유미상사) 중성펜,3930,SALE,생활/건강>문구/사무용품>필기도구>펜,999,2026-04-06T00:10:02.417+09:00
13298631201,필기구 에너겔 X 메탈포인트펜(흑 0.7 1자루 PENTEL) 중성펜,5790,SALE,생활/건강>문구/사무용품>필기도구>펜,999,2026-04-06T00:09:58.916+09:00
13298631030,책상 쿠션 사무실 숙면 목베개 꿀식빵 낮잠 인형 베개,19710,SALE,가구/인테리어>홈데코>쿠션/방석>일반방석,9505,2026-04-06T00:09:55.303+09:00
13298630862,플라스틱 화분 정리대 선반 받침대 거치대 진열대 3단,47290,SALE,생활/건강>정원/원예용품>화분대,637,2026-04-06T00:09:51.542+09:00
13298630696,플라스틱 식물 네임태그 화분 라벨 10개 세트,3420,SALE,생활/건강>정원/원예용품>원예부자재,7878,2026-04-06T00:09:48.028+09:00
13294710519,로드바이크 PU가죽 바테잎 2개 세트 사이클 핸들바 테이프 2m 감기,25810,SALE,스포츠/레저>자전거>자전거부품>기타자전거부품,999,2026-04-05T00:10:23.795+09:00
13294710336,분리형 필라테스바 홈트 튜빙밴드 세트 91cm 요가스틱 전신 운동기구,28860,SALE,스포츠/레저>헬스>헬스소품>기타헬스소품,999,2026-04-05T00:10:20.440+09:00
13294710154,자전거 라이트 세트 밝은 LED 전조등 후미등 야간 라이딩 안전등,25150,SALE,스포츠/레저>자전거>자전거용품>자전거라이트,999,2026-04-05T00:10:16.873+09:00
13294710016,자전거 평페달 알루미늄 로드 자전거 발판 논슬립 핀 교체형 세트,17990,SALE,스포츠/레저>자전거>자전거부품>클릿/페달,999,2026-04-05T00:10:13.301+09:00
13294709869,요가블럭 2개 세트 고밀도 EVA 핑크 홈트 필라테스 스트레칭 소도구,19710,SALE,스포츠/레저>요가/필라테스>요가복>상의,999,2026-04-05T00:10:10.121+09:00
13294709714,강아지 삑삑이 장난감 형광 올빼미 12개입 세트 반려견 대용량 완구,30190,SALE,생활/건강>반려동물>강아지 장난감/훈련>장난감/토이,9999,2026-04-05T00:10:06.812+09:00
13294709574,강아지 공 장난감 라텍스 스위티볼 소형 10개 세트 애견 놀이용 볼,54450,SALE,생활/건강>반려동물>강아지 장난감/훈련>장난감/토이,9999,2026-04-05T00:10:03.379+09:00
13294709043,여성 여름 예쁜 시스루 플라워 발목 양말 5개 세트,11490,SALE,가구/인테리어>인테리어소품>기타장식용품,9999,2026-04-05T00:09:51.638+09:00
13294707868,DIY 유화그리기 그림그리기 세트 유화페인팅 20x20 해,19080,SALE,가구/인테리어>인테리어소품>액자>퍼즐/그림/사진액자,14982,2026-04-05T00:09:24.963+09:00
13290694762,메탈 라운드 촛대 3종 세트 캔들 인테리어 소품 향초 홀더 수납 모던 북유럽 집들이,50210,SALE,가구/인테리어>인테리어소품>아로마/캔들용품>촛대/홀더,14,2026-04-04T00:17:27.127+09:00
13290694620,8in1 드라이버 세트 공구 가정용 십자 다용도 정밀 전동 파이 프렌치 스패너 별렌치,9900,SALE,생활/건강>공구>수작업공구>드라이버,7,2026-04-04T00:17:23.927+09:00
13290694449,하트 모양 네온사인 볼펜 투명 문구 필기구 1개,3520,SALE,생활/건강>문구/사무용품>필기도구>볼펜,999,2026-04-04T00:17:20.619+09:00
13290694278,7p 발톱 미용관리 세트 휴대용 발톱깎이세트,3760,SALE,화장품/미용>네일케어>네일케어도구,999,2026-04-04T00:17:16.933+09:00
13290694104,50ml 공병 실속 4종 세트 여행용 화장품공병,4770,SALE,화장품/미용>뷰티소품>화장품케이스,999,2026-04-04T00:17:13.456+09:00
13290693936,귀여운 고양이 냥냥 캐릭터 엽서 세트 3종 다꾸 인테리어 소품,18780,SALE,패션잡화>패션소품>키홀더,9999,2026-04-04T00:17:09.989+09:00
13290693723,캘리그라피 컬러 붓펜 24색 2개 수채화 브러쉬 마커 다꾸 드로잉 펜,18780,SALE,생활/건강>문구/사무용품>필기도구>네임펜,9999,2026-04-04T00:17:06.596+09:00
13290693542,차량용 헤드레스트 가방걸이 다용도 후크 2개입 세트 강력 고정형,5960,SALE,생활/건강>자동차용품>휴대폰용품>차량용휴대폰거치대,999,2026-04-04T00:17:03.203+09:00
13290693359,바리스타 미니어처 포터필터 키링 블랙 2p 세트 에어팟 차키 고리,8560,SALE,패션잡화>패션소품>키홀더,999,2026-04-04T00:16:59.726+09:00
13290693200,단체급식용 세트 학교 병원 보존식용기,75800,SALE,생활/건강>주방용품>보관/밀폐용기>플라스틱용기단품,999,2026-04-04T00:16:56.466+09:00
13290693060,미술 수업 마카펜 학교 메탈컬러 20컬러,50740,SALE,생활/건강>화방용품>스케치/드로잉용품>마카,999,2026-04-04T00:16:53.400+09:00
13290692774,실외 실내 세트 롱 빗자루 학교 미용실 쓰레받기,16930,SALE,생활/건강>청소용품>빗자루/쓰레받기,999,2026-04-04T00:16:49.727+09:00
13290692601,교구 2P 학교 세트 화산폭발 실험 스팀 과학 실험실,24490,SALE,출산/육아>완구/인형>자연/과학완구>곤충학습,999,2026-04-04T00:16:46.436+09:00
13290692443,포트 화분 38x25cm 실외화분 대형포트화분,23430,SALE,생활/건강>정원/원예용품>화분,999,2026-04-04T00:16:43.237+09:00
13290692280,화분 분재형 22x11cm 화산석돌화분 분재화분,46630,SALE,생활/건강>정원/원예용품>화분,999,2026-04-04T00:16:40.037+09:00
13290692132,사각 포트 화분 27x22 미니사각화분 사각플라스틱화분,19710,SALE,생활/건강>정원/원예용품>화분,999,2026-04-04T00:16:36.842+09:00
13290691945,화분 스탠다드 20x19 개업축하화분 선반화분,46900,SALE,생활/건강>정원/원예용품>화분,999,2026-04-04T00:16:33.416+09:00
13290691756,대나무 화분 받침 직사각 우드받침대 사각쟁반,13480,SALE,생활/건강>정원/원예용품>화분받침,999,2026-04-04T00:16:30.076+09:00
13290691603,수제 다육이 화분 퀼트 다육화분 수제화분,38940,SALE,생활/건강>정원/원예용품>화분,999,2026-04-04T00:16:26.744+09:00
13290691407,토분 화분 받침 25cm 토기화분받침대 화분대,39740,SALE,생활/건강>정원/원예용품>화분받침,999,2026-04-04T00:16:23.555+09:00
13290691255,12각 화분 216x163mm 특이한화분 허브키우기,11490,SALE,생활/건강>정원/원예용품>화분,999,2026-04-04T00:16:20.379+09:00
13290691099,분재 화분 25x16cm 가벼운화분 실외화분,25020,SALE,생활/건강>정원/원예용품>화분,999,2026-04-04T00:16:17.120+09:00
13290690930,유광 플라스틱 나팔 화분 길쭉한화분 카페화분,35760,SALE,생활/건강>정원/원예용품>화분,999,2026-04-04T00:16:13.851+09:00
13290690779,화분 볼링핀 18x21cm 꽃화분 선반화분,55510,SALE,생활/건강>정원/원예용품>화분,999,2026-04-04T00:16:10.654+09:00
13290690545,체인 화분 걸이 50cm 블랙 행잉화분고리 행잉걸이,10030,SALE,생활/건강>정원/원예용품>화분받침,999,2026-04-04T00:16:05.602+09:00
13290690296,소형빗자루 미니청소세트 사무실 학교 청소용품,17330,SALE,생활/건강>청소용품>빗자루/쓰레받기,999,2026-04-04T00:16:00.234+09:00
13290690146,화분 난 타공 12.5cm 소형식물화분 슬림화분,10430,SALE,생활/건강>정원/원예용품>화분,999,2026-04-04T00:15:57.102+09:00
13290689985,법랑 원통 화분 15X16 인테리어화분 화이트화분,40270,SALE,생활/건강>정원/원예용품>화분,999,2026-04-04T00:15:53.572+09:00
13290689831,화분 양손잡이 16x15 책상화분 까페화분,42780,SALE,생활/건강>정원/원예용품>화분,999,2026-04-04T00:15:50.339+09:00
13290689594,토분 화분 받침 145mm 인테리어화분받침대 화분다이,18120,SALE,생활/건강>정원/원예용품>화분받침,999,2026-04-04T00:15:45.413+09:00
13290689432,경량 화분 17x19cm 화분인테리어 인테리어화분,33900,SALE,생활/건강>정원/원예용품>화분,999,2026-04-04T00:15:42.224+09:00
13290689258,화분 받침대 200mm 원목화분대 화분받침대,51670,SALE,생활/건강>정원/원예용품>화분받침,999,2026-04-04T00:15:39.017+09:00
13290689056,화산석 화분 15x40cm 원형화분 다육화분,82300,SALE,생활/건강>정원/원예용품>화분,999,2026-04-04T00:15:34.907+09:00
13290688885,메모지 A5 수첩다이어리 계산기 필기 다이어리계산기노트 노트 학교 다이어리형 다이어리,42650,SALE,생활/건강>문구/사무용품>다이어리/플래너>다이어리,999,2026-04-04T00:15:31.704+09:00
13290688740,토분 화분 받침 15cm 화분물받침대 분재받침대대,16800,SALE,생활/건강>정원/원예용품>화분,999,2026-04-04T00:15:28.535+09:00
13290688563,토분 화분 받침 12.5cm 인테리어화분받침대 화분받이,9900,SALE,생활/건강>정원/원예용품>화분받침,999,2026-04-04T00:15:25.309+09:00
13290688392,급식소 포함 1 2형 스텐밧드 반찬통 학교 6분의 세트 뚜껑,26610,SALE,생활/건강>주방용품>보관/밀폐용기>스텐용기단품,999,2026-04-04T00:15:22.052+09:00
13290688235,화분 테라리움 소품 4개 조경용품 촬영소품,18120,SALE,생활/건강>공구>원예공구>기타원예공구,999,2026-04-04T00:15:18.878+09:00
13290688068,윈도우마카 세트 화이트보드 학교 6색,26210,SALE,생활/건강>문구/사무용품>필기도구>보드마카,999,2026-04-04T00:15:15.701+09:00
13290687901,화분 받침 12개 원형화분받침대 토분물받이,19180,SALE,생활/건강>정원/원예용품>화분받침,999,2026-04-04T00:15:12.185+09:00
13290687721,토분 화분 받침 31cm 원형화분받침대 원형화분받침,64000,SALE,생활/건강>정원/원예용품>화분받침,999,2026-04-04T00:15:08.909+09:00
13290687550,작업용 다용도 45종세트 드라이버 세트 공구 체결,20910,SALE,생활/건강>공구>전동공구>비트세트,9999,2026-04-04T00:15:05.664+09:00
13290687394,화분 꽂이 링 800lm 식물성장LED 다육이등,49150,SALE,가구/인테리어>인테리어소품>조명>샹들리에,999,2026-04-04T00:15:02.472+09:00
13290687244,사각 포트 화분 15x13 심플한화분 플라스틱화분,10430,SALE,생활/건강>정원/원예용품>화분,999,2026-04-04T00:14:59.165+09:00
13290687063,화분 분재형 33x15cm 넓은화분 분재용화분,92510,SALE,생활/건강>정원/원예용품>화분,999,2026-04-04T00:14:55.881+09:00
13290686856,토분 화분 60x80cm 실내화분 거실화분인테리어,2269930,SALE,생활/건강>정원/원예용품>화분,999,2026-04-04T00:14:52.562+09:00
13290686699,수제 다육이 화분 이쁜화분 카페화분,21170,SALE,생활/건강>정원/원예용품>화분,999,2026-04-04T00:14:48.998+09:00
13290686524,초등 학생 공책 노트 학교 어린이 연습 한글 받아쓰기,45830,SALE,생활/건강>문구/사무용품>노트/수첩>노트,999,2026-04-04T00:14:45.647+09:00
13290686350,분재 동물 화분 16x10 테라코타토분 정원화분,37750,SALE,생활/건강>정원/원예용품>화분,999,2026-04-04T00:14:42.404+09:00
13290686202,초등 학생 노트 귀여운 냥냥 학교 학습 받아쓰기,42920,SALE,생활/건강>문구/사무용품>노트/수첩>노트,999,2026-04-04T00:14:38.977+09:00
13290686038,분재 화분 그래니트 화이트 선인장화분 다육이화분,46630,SALE,생활/건강>정원/원예용품>화분,999,2026-04-04T00:14:35.735+09:00
13290685870,심플 파우치 초등 플랫 몰랑 필기구 가죽 펜슬케이스 펜 다용도 파우치 신학기 중등 필통,15600,SALE,생활/건강>문구/사무용품>필기도구>필통,9999,2026-04-04T00:14:32.374+09:00
13290685683,실외용 화분 30x47cm 원통화분 정원화분,235050,SALE,생활/건강>정원/원예용품>화분,999,2026-04-04T00:14:29.191+09:00
13290685521,삽목 화분 21cm 투명 원형화분 삽목트레이,10170,SALE,생활/건강>정원/원예용품>화분,999,2026-04-04T00:14:25.828+09:00
13290685340,화분 정원형 20x19cm 호텔화분 개업축하화분,54850,SALE,생활/건강>정원/원예용품>화분,999,2026-04-04T00:14:22.403+09:00
13290685192,화분 화병 수반 16x13 인테리어꽃병 투명유리화병,28860,SALE,가구/인테리어>인테리어소품>전통공예소품,999,2026-04-04T00:14:19.167+09:00
13290684997,토분 화분 18x20cm 화분오브제 사무실화분,31380,SALE,생활/건강>정원/원예용품>화분,999,2026-04-04T00:14:15.894+09:00
13290684764,슬릿 삽목 화분 24cm 뿌리화분 빈화분,18390,SALE,생활/건강>정원/원예용품>화분,999,2026-04-04T00:14:12.690+09:00
13290684595,수지 오각 30x31 화분 독특한화분 특이한화분,67050,SALE,생활/건강>정원/원예용품>화분,999,2026-04-04T00:14:09.346+09:00
13290684440,3개 토분 화분 사각 튼튼한화분 칼라데아화분,260510,SALE,생활/건강>정원/원예용품>화분,999,2026-04-04T00:14:05.912+09:00
13290684261,다육이 화분 볼 8x10 원예용품 도자기화분,18650,SALE,생활/건강>정원/원예용품>화분,999,2026-04-04T00:14:02.389+09:00
13290684099,화분 스텐드 18cm 화분받침 원목화분대,26480,SALE,생활/건강>정원/원예용품>화분받침,999,2026-04-04T00:13:59.089+09:00
13290683932,드릴 작업용 십자 전동 논슬립 헤드 세트 비트 세트,6960,SALE,생활/건강>공구>전동공구>비트세트,999,2026-04-04T00:13:55.664+09:00
13290683771,십자 전동 논슬립 헤드 세트 전동 드라이버 드릴비트,6940,SALE,생활/건강>공구>전동공구>비트세트,999,2026-04-04T00:13:52.394+09:00
13290683610,본차이나 밥공기 밥그릇 그릇 식기 공기 세트 5p,30900,SALE,생활/건강>주방용품>식기>대접,9999,2026-04-04T00:13:49.123+09:00
13290683458,버터플라이 탁구 사이드 테이프 프로텍터 3개 세트 S,13930,SALE,스포츠/레저>탁구>탁구라켓,9999,2026-04-04T00:13:45.952+09:00
13290683276,동청 충전 송풍기 브로워 낙엽 제설 청소기 20V 세트,425870,SALE,생활/건강>공구>전동공구>송풍기,9999,2026-04-04T00:13:42.566+09:00
13290683087,알덴 별 비트 렌치 드릴비트 드라이버 비트 세트 5p,52080,SALE,생활/건강>공구>전동공구>비트세트,9999,2026-04-04T00:13:39.321+09:00
13290682913,토네 라쳇 드라이버 십자 일자 육각 드라이버 세트,68390,SALE,생활/건강>공구>수작업공구>드라이버,9999,2026-04-04T00:13:35.948+09:00
13290682724,사각 포트 화분 18x15 카페화분 식물화분,13750,SALE,생활/건강>정원/원예용품>화분,999,2026-04-04T00:13:32.665+09:00
13290682542,대명 어린이 수저 1P 세트 아동 수저 젓가락 숟가락,5620,SALE,생활/건강>주방용품>식기>수저,9999,2026-04-04T00:13:29.501+09:00
13290682369,파스텔 옻칠 젓가락 커트러리 젓가락 저분 4P 세트,9770,SALE,생활/건강>주방용품>식기>수저,9999,2026-04-04T00:13:26.103+09:00
13290682215,테이블 수저세트 스텐 수저 젓가락 숟가락 1 세트,6040,SALE,출산/육아>이유식용품>유아스푼/포크,9999,2026-04-04T00:13:22.882+09:00
13290682046,스피드스택스 컵쌓기 퀵홀더 스피드 스택킹 세트,25310,SALE,출산/육아>완구/인형>감각발달완구>링쌓기/컵쌓기,9999,2026-04-04T00:13:19.547+09:00
13290681884,아이소파 짐볼 유아 공놀이 체육 안전 고무공 세트,383860,SALE,스포츠/레저>헬스>헬스소품>짐볼/돔볼,9999,2026-04-04T00:13:16.240+09:00
13290681719,자석비트 구성 십자 전동 논슬립 헤드 세트 드릴 헤드,6930,SALE,생활/건강>공구>전동공구>비트세트,999,2026-04-04T00:13:12.682+09:00
13290681548,컬러 샤프심 학용품 학생 필기 도구 메모 문서 작성,4370,SALE,생활/건강>문구/사무용품>필기도구>샤프심,9999,2026-04-04T00:13:09.376+09:00
13290681358,분재 다육이 화분 D23 꽃화분 미니화분,38010,SALE,생활/건강>정원/원예용품>화분,999,2026-04-04T00:13:05.986+09:00
13290681195,십자 전동 논슬립 헤드 세트 자석고정 드라이버 비트,6920,SALE,생활/건강>공구>전동공구>비트세트,999,2026-04-04T00:13:02.588+09:00
13290681019,전동 드릴용 십자 전동 논슬립 헤드 세트 자석 비트,6900,SALE,생활/건강>공구>전동공구>비트세트,999,2026-04-04T00:12:59.116+09:00
13290680861,수지 마블 화분 청바지 2호 베고니아화분 담쟁이화분,27540,SALE,생활/건강>정원/원예용품>화분,999,2026-04-04T00:12:55.850+09:00
13290680679,전동 드릴 작업용 비트 십자 전동 논슬립 헤드 세트,6490,SALE,생활/건강>공구>전동공구>비트세트,999,2026-04-04T00:12:52.565+09:00
13290680491,델가드 ER 샤프(0.5 실버 P-MA88 1자루 ZEBRA),12230,SALE,생활/건강>문구/사무용품>필기도구>샤프,999,2026-04-04T00:12:48.688+09:00
13290680298,모닝글로리 캠퍼스메이트 노트세트 16절 (5권),11320,SALE,생활/건강>문구/사무용품>노트/수첩>노트패드,999,2026-04-04T00:12:44.675+09:00
13290680144,대명 스테인리스 캣킨 아동 스푼 포크 세트 OPP포장,12190,SALE,생활/건강>주방용품>식기>수저,999,2026-04-04T00:12:41.333+09:00
13290679974,신한)전문가용 포스터컬러 세트(12색 40ml),85080,SALE,생활/건강>화방용품>물감/포스터컬러>포스터컬러,999,2026-04-04T00:12:37.931+09:00
13290679767,국내생산 수저 세트 민자 유광 5P SET,23140,SALE,생활/건강>주방용품>식기>수저,999,2026-04-04T00:12:33.755+09:00
13290679613,시트지시공구 인테리어필름전용 LX하우시스 수성프라이머(300g)붓 세트,16610,SALE,가구/인테리어>DIY자재/용품>접착제/보수용품,999,2026-04-04T00:12:30.423+09:00
13290679272,대코 실리콘 초콜릿 몰드16구(하트)-베이커리 모양 틀 베이킹,9650,SALE,생활/건강>주방용품>제과/제빵용품>쿠키커터/모양틀,999,2026-04-04T00:12:23.782+09:00
13290678361,참붕어빵 12입 348g 오리온,12150,SALE,식품>과자/베이커리>기타과자,999,2026-04-04T00:12:06.397+09:00
13290678146,미니 환타 300mlx24개 코카콜라,34030,SALE,식품>음료>청량/탄산음료>기타탄산음료,999,2026-04-04T00:12:03.021+09:00
13290677993,찰떡파이 10입 350g 롯데웰푸드,11360,SALE,식품>과자/베이커리>기타과자,999,2026-04-04T00:11:59.811+09:00
13290677791,몽쉘통통 카카오 408g 롯데웰푸드,11760,SALE,식품>과자/베이커리>기타과자,999,2026-04-04T00:11:55.648+09:00
13290677625,DIY 유화그리기 그림그리기 세트 유화페인팅 20x20 오아시스,19080,SALE,가구/인테리어>인테리어소품>액자>퍼즐/그림/사진액자,14982,2026-04-04T00:11:51.940+09:00
13290677447,DIY 유화그리기 그림그리기 세트 유화페인팅 40x50 라라랜드,24380,SALE,가구/인테리어>인테리어소품>액자>퍼즐/그림/사진액자,14982,2026-04-04T00:11:48.431+09:00
13290677296,DIY 유화그리기 그림그리기 세트 유화페인팅 40x50 해변의 여인,24380,SALE,가구/인테리어>인테리어소품>액자>퍼즐/그림/사진액자,14982,2026-04-04T00:11:45.176+09:00
13290677119,미끄럼방지 거실 카페트 사계절 인테리어 러그 바닥 매트 대형,84160,SALE,가구/인테리어>카페트/러그>러그,999,2026-04-04T00:11:41.488+09:00
13290676942,대나무 원목 스툴 선반 거실 협탁 조립식 화분 받침대 수납대,67580,SALE,가구/인테리어>수납가구>선반,999,2026-04-04T00:11:38.062+09:00
13290676751,모던 미니 탁상시계 알람 자명종 블랙 2개 세트 인테리어 시계,17330,SALE,가구/인테리어>인테리어소품>시계>알람/탁상시계,999,2026-04-04T00:11:34.523+09:00
13290676560,모던 미니 알람 탁상시계 2P 세트 아날로그 수면용 소형 시계,15730,SALE,가구/인테리어>인테리어소품>시계>알람/탁상시계,999,2026-04-04T00:11:31.075+09:00
13290676382,엔틱 알람 탁상시계 소형 2개 세트 데스크 클락 빈티지 시계,19310,SALE,가구/인테리어>인테리어소품>시계>알람/탁상시계,999,2026-04-04T00:11:27.542+09:00
13290676191,주방 액체 소분용 사각 타원 깔때기 2종 세트 PP 깔대기 도구,4530,SALE,생활/건강>주방용품>조리기구>기타조리기구,999,2026-04-04T00:11:24.097+09:00
13290676023,과자 봉지 밀봉 집게 5p 세트 주방 식료품 습기 차단 클립 도구,4480,SALE,생활/건강>주방용품>조리기구>기타조리기구,999,2026-04-04T00:11:20.862+09:00
13290675846,스텐 원형 계란후라이틀 토스트 에그링 요리용 몰드 24구 세트,7430,SALE,생활/건강>주방용품>조리기구>기타조리기구,999,2026-04-04T00:11:17.154+09:00
13290675669,스테인리스 티 인퓨저 차 거름망 세트 전용 받침대 포함 11cm,9580,SALE,생활/건강>주방용품>조리기구>기타조리기구,999,2026-04-04T00:11:13.775+09:00
13290675508,스텐 반자동 거품기 4p 세트 요리용 휘핑기 계란 믹서기 30cm,6760,SALE,생활/건강>주방용품>커피용품>우유거품기,999,2026-04-04T00:11:10.534+09:00
13290675350,스테인리스 차 거름망 티 인퓨저 받침대 세트 잎차 우림망 티스트레이너,8710,SALE,생활/건강>주방용품>조리기구>기타조리기구,999,2026-04-04T00:11:07.184+09:00
13290675194,스테인리스 계란후라이 원형틀 3종 세트 토스트 달걀 성형틀 21cm 10cm,12290,SALE,생활/건강>주방용품>조리기구>기타조리기구,999,2026-04-04T00:11:03.669+09:00
13290675027,다용도 사각 물빠짐 바구니 3종 세트 주방 채망 야채 과일 보관함,13690,SALE,생활/건강>주방용품>조리기구>채반,999,2026-04-04T00:11:00.158+09:00
13290674853,스텐 접이식 찜기 2p세트 다용도 삼발이 찜망 30cm,20120,SALE,생활/건강>주방용품>냄비/솥>찜기,999,2026-04-04T00:10:56.682+09:00
13285688272,스텐 가위형 조리집게 32.5cm 2p 세트 주방 튀김 요리용 집게,12760,SALE,생활/건강>주방용품>조리기구>기타조리기구,999,2026-04-03T00:15:45.567+09:00
13285688044,스테인리스 조리도구 9종 세트 그레이 필러 치즈강판 주방용품,58340,SALE,생활/건강>주방용품>조리기구>기타조리기구,999,2026-04-03T00:15:42.404+09:00
13285687837,내열 실리콘 와이드 뒤집개 2p 대형 계란말이 부침개 조리 도구 세트,14550,SALE,생활/건강>주방용품>조리기구>뒤집개,999,2026-04-03T00:15:39.285+09:00
13285687639,어항 디지털 온도계 수온 측정기 2P 세트 방수 탐침 센서 수족관 온도 체크기,15600,SALE,생활/건강>공구>측정공구>온도계/습도계,999,2026-04-03T00:15:36.120+09:00
13285687430,스텐 뚜껑 믹싱볼 4종 세트 깊은형 베이킹 볼 샐러드 용기 보관함,138260,SALE,생활/건강>주방용품>조리기구>믹싱볼,999,2026-04-03T00:15:32.886+09:00
13285687220,메탈 사슴뿔 병따개 키홀더 12개입 세트 미니 오프너 열쇠고리,11540,SALE,패션잡화>패션소품>키홀더,999,2026-04-03T00:15:29.606+09:00
13285687001,사슴뿔 모양 병따개 12P 세트 휴대용 오프너 키링 캔따개 열쇠고리,10460,SALE,생활/건강>주방용품>조리기구>기타조리기구,999,2026-04-03T00:15:26.190+09:00
13285686809,스테인리스 다용도 채반 믹싱볼 2종 세트 주방 야채 세척 볼 망,36020,SALE,생활/건강>주방용품>조리기구>채반,999,2026-04-03T00:15:23.073+09:00
13285686584,304 스테인리스 티인퓨저 거름망 찻잎 우림망 받침대 세트 5cm,10050,SALE,생활/건강>주방용품>조리기구>기타조리기구,999,2026-04-03T00:15:19.821+09:00
13285686353,스텐 볼 3종 세트 베이킹 다용도 조리용기,43570,SALE,생활/건강>주방용품>조리기구>믹싱볼,999,2026-04-03T00:15:16.562+09:00
13285686126,스텐 야채 채반 볼 3종 세트 19.5 22.5 24.5cm 주방 믹싱볼,43570,SALE,생활/건강>주방용품>조리기구>믹싱볼,999,2026-04-03T00:15:13.330+09:00
13285685894,304 스테인리스 주방 채반 3종 세트 야채 과일 세척 바구니 건조망,30900,SALE,생활/건강>주방용품>조리기구>채반,999,2026-04-03T00:15:09.995+09:00
13285685678,주방용 스테인리스 채반 거름망 건지기 원목 손잡이 2종 세트 12cm 16cm,30160,SALE,생활/건강>주방용품>조리기구>채반,999,2026-04-03T00:15:06.753+09:00
13285685441,우드손잡이 스텐 채망 3종 세트,46430,SALE,생활/건강>주방용품>조리기구>채반,999,2026-04-03T00:15:03.569+09:00
13285685238,304스텐 조리용 거름망 건지기 3종 세트,40660,SALE,생활/건강>주방용품>조리기구>채반,999,2026-04-03T00:15:00.199+09:00
13285685015,304 스테인리스 티인퓨저 4p 세트 하트형 잎차 거름망 차망 19cm,16860,SALE,생활/건강>주방용품>조리기구>기타조리기구,999,2026-04-03T00:14:56.651+09:00
13285684793,스테인리스 잎차 우림망 2p 세트 거치대 포함 미니 티망 차망 도구,13040,SALE,생활/건강>주방용품>조리기구>기타조리기구,999,2026-04-03T00:14:53.395+09:00
13285684582,대나무 채반 바구니 2p 세트 33cm 36cm 주방 소품 정리함,30720,SALE,생활/건강>주방용품>조리기구>채반,999,2026-04-03T00:14:49.757+09:00
13285684360,대나무 채반 바구니 2p 세트 주방 정리함 45cm 대형 소쿠리,40810,SALE,생활/건강>주방용품>조리기구>채반,999,2026-04-03T00:14:46.524+09:00
13285684154,대나무 채반 바구니 3p 세트 25 28 30cm 주방 소쿠리 다용도,34030,SALE,생활/건강>주방용품>조리기구>채반,999,2026-04-03T00:14:43.102+09:00
13285683955,스테인리스 찻잎 거름망 거치대 세트 휴대용 티 인퓨저 차망,9700,SALE,생활/건강>주방용품>조리기구>기타조리기구,999,2026-04-03T00:14:39.843+09:00
13285683749,스테인리스 잎차 거름망 3p 세트 티 인퓨저 차망 티백 19cm,15050,SALE,생활/건강>주방용품>조리기구>기타조리기구,999,2026-04-03T00:14:36.591+09:00
13285683568,304 스테인리스 티인퓨저 4p 세트 찻잎 거름망 차망 티볼 인퓨져,15100,SALE,생활/건강>주방용품>조리기구>기타조리기구,999,2026-04-03T00:14:33.421+09:00
13285683363,스테인리스 찻잎 거름망 3p 세트 휴대용 차 우리개 티 인퓨저 망,14410,SALE,생활/건강>주방용품>조리기구>기타조리기구,999,2026-04-03T00:14:30.284+09:00
13285683175,스테인리스 집게형 티인퓨저 3p 세트 찻잎 거름망 티볼 우림망,13110,SALE,생활/건강>주방용품>조리기구>기타조리기구,999,2026-04-03T00:14:27.018+09:00
13285682994,스테인리스 찻잎 거름망 집게형 티인퓨저 3p 세트 홈카페 티도구,14020,SALE,생활/건강>주방용품>조리기구>기타조리기구,999,2026-04-03T00:14:23.722+09:00
13285682774,스테인리스 잎차 거름망 집게형 티인퓨저 3p 세트 홈카페 티도구,14930,SALE,생활/건강>주방용품>조리기구>기타조리기구,999,2026-04-03T00:14:20.239+09:00
13285682595,정밀 마킹게이지 40cm 스틸자 스토퍼 세트 목공 측정용 자,22800,SALE,생활/건강>공구>측정공구>기타측정기,999,2026-04-03T00:14:17.059+09:00
13285682380,정밀 마킹게이지 50cm 스틸자 세트 목공용 측정 스토퍼 자,23760,SALE,생활/건강>공구>측정공구>기타측정기,999,2026-04-03T00:14:13.862+09:00
13285682112,정밀 측정 마킹게이지 스틸자 100cm 철자 스토퍼 세트,31780,SALE,생활/건강>공구>측정공구>기타측정기,999,2026-04-03T00:14:09.549+09:00
13285681922,정밀 마킹게이지 60cm 스틸자 세트 목공 측정 스토퍼 도구,25100,SALE,생활/건강>공구>측정공구>기타측정기,999,2026-04-03T00:14:06.342+09:00
13285681710,미니카 25종 콜렉션 세트 어린이날 선물 장난감 완구 대용량,80710,SALE,출산/육아>완구/인형>작동완구>자동차,99999,2026-04-03T00:14:03.125+09:00
13285681485,원예용 식물 이름표 물결 화분 네임택 10개세트,6590,SALE,생활/건강>정원/원예용품>원예부자재,99953,2026-04-03T00:13:59.580+09:00
13285681266,카카오 문구선물 겨울 세트 튜브 6종,9970,SALE,생활/건강>문구/사무용품>문구용품>문구세트,1000000,2026-04-03T00:13:56.273+09:00
13285681074,카카오 문구선물 봄 세트 어피치 6종,9970,SALE,생활/건강>문구/사무용품>문구용품>문구세트,1000000,2026-04-03T00:13:53.106+09:00
13285680868,카카오 문구선물 가을 세트 라이언 6종,9970,SALE,생활/건강>문구/사무용품>문구용품>문구세트,1000000,2026-04-03T00:13:49.693+09:00
13285680655,카카오 문구선물 여름 세트 무지 6종,9970,SALE,생활/건강>문구/사무용품>문구용품>문구세트,1000000,2026-04-03T00:13:46.411+09:00
13285680379,플라스틱 식물 이름표 가드닝 팻말 텃밭 화분 표시 스틱 10P,3500,SALE,생활/건강>정원/원예용품>원예부자재,99999,2026-04-03T00:13:43.069+09:00
13285680174,360도 회전바퀴 4개 한세트 볼캐스터 무타공 미니 바퀴,6130,SALE,가구/인테리어>DIY자재/용품>가구부속품>가구바퀴,1360,2026-04-03T00:13:39.807+09:00
13285679927,파스텔 컬러 집모양 식물 표시사인 화분 작물 일름표 12P 세트,5590,SALE,생활/건강>정원/원예용품>원예부자재,99999,2026-04-03T00:13:36.411+09:00
13285679678,연마 비트 12pcs 세트 광택 사포 그라인딩 BF441,11090,SALE,생활/건강>공구>전동공구>전동공구액세서리,9999,2026-04-03T00:13:32.850+09:00
13285679452,인상유화 페이퍼백 디자인봉투 6장 세트,8840,SALE,생활/건강>공구>포장용품>포장지,9999,2026-04-03T00:13:29.020+09:00
13285679240,헬스 바벨 마구리 2P 세트 원판 고정 중량 경량,8570,SALE,스포츠/레저>헬스>아령,9999,2026-04-03T00:13:25.672+09:00
13285679013,녹슨 나사빼기 반대탭 볼트리무버 세트,8440,SALE,생활/건강>공구>수작업공구>기타수작업공구,9999,2026-04-03T00:13:22.132+09:00
13285678835,캐릭터즈 휴대용 피크닉 매트,7780,SALE,스포츠/레저>캠핑>캠핑매트,999,2026-04-03T00:13:18.934+09:00
13285678639,대기용돗자리 피크닉매트 야외용매트 휴대용매트 비치돗자리 100x150cm 소형 2인,8440,SALE,생활/건강>생활용품>생활선물세트,999,2026-04-03T00:13:15.676+09:00
13285678427,벨류 6P 컴비네이션렌치 세트(16063) 스패너세트 몽키,31380,SALE,생활/건강>공구>수작업공구>렌치,9999,2026-04-03T00:13:12.432+09:00
13285678245,모닝글로리 6500 피크닉매트 폭신한 뭉스판다 피크닉매트(여),10030,SALE,생활/건강>주방용품>제수용품>돗자리,9999,2026-04-03T00:13:09.280+09:00
13285678051,모닝글로리 7000 폭신한 봉주르비숑 피크닉매트 2인용 ver.3 (코랄),10560,SALE,생활/건강>주방용품>제수용품>돗자리,9999,2026-04-03T00:13:06.107+09:00
13285677877,모닝글로리 7000 폭신한 모닝즈 피크닉매트 2인용 (키덕이),10560,SALE,생활/건강>주방용품>제수용품>돗자리,999,2026-04-03T00:13:02.912+09:00
13285677672,모닝글로리 7000 폭신한 모닝즈 피크닉매트 2인용 (먼지),10560,SALE,생활/건강>주방용품>제수용품>돗자리,999,2026-04-03T00:12:59.742+09:00
13285677481,모닝글로리 4500 폭신한 모닝즈 피크닉매트 1인용 (키덕이),7910,SALE,생활/건강>주방용품>제수용품>돗자리,999,2026-04-03T00:12:56.597+09:00
13285677292,리모컨 수납함 무타공 스마트폰 보관함,7910,SALE,생활/건강>수납/정리용품>정리함>소품정리함,999,2026-04-03T00:12:53.299+09:00
13285677059,블루텍 드릴척 (나사산척)세트 13NS 어댑터 임팩 척키,17590,SALE,생활/건강>공구>전동공구>기타전동공구,9999,2026-04-03T00:12:49.790+09:00
13285676868,일흥 헤드밴드 (IHF111/408용) 10P 세트,46760,SALE,생활/건강>공구>안전용품>안전표시/신호,9999,2026-04-03T00:12:46.723+09:00
13285676667,캠퍼스메이트 원링노트 세트 5권묶음,10030,SALE,생활/건강>문구/사무용품>노트/수첩>노트,9999,2026-04-03T00:12:43.647+09:00
13285676482,윈도우마카 6색 세트,16660,SALE,생활/건강>문구/사무용품>필기도구>매직,9999,2026-04-03T00:12:40.326+09:00
13285676289,화이트컬러 검정 볼펜 0.5mm,3240,SALE,생활/건강>문구/사무용품>필기도구>볼펜,457,2026-04-03T00:12:37.276+09:00
13285675472,휴대용 긴급용 대량 미니 받짓고리 바느질 세트,3150,SALE,화장품/미용>클렌징>클렌징비누,999,2026-04-03T00:12:23.988+09:00
13285675218,여성 니트 셋업 나시 반바지 여름 투피스 세트 베이지,51790,SALE,패션의류>여성의류>코디세트,999,2026-04-03T00:12:19.734+09:00
13285675017,인디고 한자쓰기 어르신 학습지 한자를 쓰다 한자 노트 (5급),16030,SALE,생활/건강>문구/사무용품>노트/수첩>노트패드,999,2026-04-03T00:12:16.485+09:00
13285674817,A5 스프링 상철 그리드 모눈 노트,5020,SALE,생활/건강>문구/사무용품>노트/수첩>노트패드,999,2026-04-03T00:12:12.851+09:00
13285674483,골프티 걸이 세트 우드티 실리콘티 플라스틱티 필드 라운딩 골프 휴대용,19480,SALE,스포츠/레저>골프>골프필드용품>기타필드용품,9999,2026-04-03T00:12:08.282+09:00
13285674250,스테인리스 화분 정리대 2단 선반 코너 수납장 베란다 다육이 진열대 실내외 정리,39370,SALE,생활/건강>정원/원예용품>화분받침,9999,2026-04-03T00:12:04.994+09:00
13285674043,점착 메모지 알뜰팩 사무용 공부 필기 기록용 스티커 노트 메모패드 문구 정리,10330,SALE,생활/건강>문구/사무용품>노트/수첩>메모지,9999,2026-04-03T00:12:01.757+09:00
13285673829,3D 메탈퍼즐 햄버거샵 입체 조립 모형 건축물 퍼즐 취미 장식용 DIY 세트 79피스,50510,SALE,출산/육아>완구/인형>미술놀이>종이접기,9999,2026-04-03T00:11:58.482+09:00
13285673607,3D 메탈퍼즐 커피샵 입체 조립 모형 건축물 퍼즐 취미 장식용 DIY 세트 67피스,50510,SALE,출산/육아>완구/인형>미술놀이>종이접기,9999,2026-04-03T00:11:54.919+09:00
13285673405,3D 메탈퍼즐 노래방 입체 조립 모형 건축물 퍼즐 취미 장식용 DIY 세트 81피스,50510,SALE,출산/육아>완구/인형>미술놀이>종이접기,9999,2026-04-03T00:11:51.760+09:00
13285673198,3D 메탈퍼즐 서점 입체 조립 모형 건축물 퍼즐 취미 장식용 DIY 세트 86피스,50510,SALE,출산/육아>완구/인형>미술놀이>종이접기,9999,2026-04-03T00:11:48.625+09:00
13285672994,12색 네임펜 0.7mm 유성 사인펜 세트 이름표 필기용 사무 문구세트,29160,SALE,생활/건강>문구/사무용품>필기도구>네임펜,9999,2026-04-03T00:11:45.331+09:00
13285672795,컴퓨터 사인펜 5개입 필기펜 세트 공부 사무용 컬러펜 문구세트,3830,SUSPENSION,생활/건강>문구/사무용품>필기도구>네임펜,9999,2026-04-03T00:11:42.052+09:00
13285672578,형광마카 5색 세트 칠판 윈도우 유리 메뉴판 매장안내 행사홍보용,7810,SALE,생활/건강>문구/사무용품>문구용품>기타문구용품,9999,2026-04-03T00:11:38.805+09:00
13285671717,4P 스냅링 플라이어 세트 멈춤링 제거 집게 서 클립 탈부착 정비 공구 작업용,13640,SALE,생활/건강>공구>수작업공구>플라이어,9999,2026-04-03T00:11:25.665+09:00
13285671461,노크식 유성매직 3색 세트 흑청적 마커펜 사무용 필기 네임 표시 문구,12320,SALE,생활/건강>문구/사무용품>필기도구>매직,9999,2026-04-03T00:11:22.291+09:00
13285671262,제도 샤프 0.5mm 블랙바디 학생용 필기 샤프펜슬 드로잉 문구 사무용 필기구,3300,SALE,생활/건강>문구/사무용품>필기도구>샤프,9999,2026-04-03T00:11:19.024+09:00
13285671070,크라프트 하드 커버 스프링 노트 5mm 그리드 대학생 중고생 필기 공책 문구,8470,SALE,생활/건강>문구/사무용품>노트/수첩>노트,9999,2026-04-03T00:11:15.843+09:00
13285670872,카키 바디 볼펜 0.7 흑색 부드러운 필기 수성펜 사무용 학생 문구 필기구,5950,SALE,생활/건강>문구/사무용품>필기도구>볼펜,9999,2026-04-03T00:11:12.550+09:00
13285670661,모자 세탁망 세트 볼캡 야구 빨래망 거치대 보호망 변형 방지 세탁,11520,SALE,생활/건강>세탁용품>세탁망,9999,2026-04-03T00:11:09.282+09:00
13285670439,호그링 플라이어 세트 결속기 케이지 철망 작업용 뺀치 스트리퍼 수공구 공구세트,29020,SALE,생활/건강>공구>포장용품>커터,9999,2026-04-03T00:11:05.695+09:00
13285670178,안전 주방 장갑 세트 오븐 캐릭터 디자인 내열 조리용,20540,SALE,생활/건강>문구/사무용품>문구용품>기타문구용품,9999,2026-04-03T00:11:02.361+09:00
13285669938,A4 음악 노트 80매 악보 파일 보관용 클리어파일 피아노 학원 문서 정리,26770,SALE,생활/건강>문구/사무용품>노트/수첩>노트,9999,2026-04-03T00:10:58.541+09:00
13285669727,스텐 수저통 2P 세트 주방 조리도구 꽂이 건조대 보관함 물빠짐 정리,33670,SALE,생활/건강>주방용품>식기>수저통,9999,2026-04-03T00:10:55.126+09:00
13285669498,극세사 손걸레 10장 30x40cm 청소 세차 업소용 다용도 행주 세트,17360,SALE,생활/건강>생활용품>생활선물세트,9999,2026-04-03T00:10:51.850+09:00
13285669040,랜덤 지우개 60개입 캐릭터 문구 세트 준비물 선물용 학생용 판촉 모음,32340,SALE,생활/건강>문구/사무용품>문구용품>지우개,9999,2026-04-03T00:10:45.332+09:00
13285668793,대게 집게발 디자인 볼펜 0.5mm 재밌는 필기구 선물용 아이디어 문구 학생 사무용 펜,3960,SALE,생활/건강>문구/사무용품>필기도구>볼펜,9999,2026-04-03T00:10:41.975+09:00
13285668565,변기솔 거치대 세트 욕실 청소솔 화장실 바닥 청소 원형 브러쉬 클리너,12450,SALE,생활/건강>청소용품>기타청소용품,9999,2026-04-03T00:10:38.547+09:00
13285668294,투명 폼건 분무기 압축 분사기 2종 세트 세차 화분 물분사 거품분사 수동 스프레이,13250,SALE,스포츠/레저>스키/보드>스키/보드용품>보호대,9999,2026-04-03T00:10:35.366+09:00
13285668046,미니 책상 빗자루 세트 쓰레받기 포함 학교 사무실 책상청소 지우개가루 정리 청소도구,3570,SALE,생활/건강>청소용품>빗자루/쓰레받기,9999,2026-04-03T00:10:32.130+09:00
13285667836,일회용 치간치실 50개입 케이스포함 개별 포장 구강관리 휴대용 치실 위생 세트,5550,SALE,생활/건강>구강위생용품>칫솔,9999,2026-04-03T00:10:28.692+09:00
13285667581,모종 플라스틱 화분 소형 미니 일회용 다육이 파종 포트 원예 가드닝 육묘화분,2640,SALE,생활/건강>원예/식물>미니화분,9999,2026-04-03T00:10:25.121+09:00
13285667373,휴대용 미니 물 티슈 10개입 여행용 세트 외출용 위생 소 포장,10330,SALE,출산/육아>물티슈>리필형,9999,2026-04-03T00:10:21.726+09:00
13285667189,24색 색연필 세트 지함 케이스 포함 미술용 드로잉 컬러링 수채화 채색 문구,10590,SALE,생활/건강>화방용품>애니메이션용품>펜촉/펜대,9999,2026-04-03T00:10:18.513+09:00
13285666984,옐로우 지우개연필 12자루 세트 필기 수정 스케치 미술용 드로잉 문구 연필,6750,SALE,생활/건강>문구/사무용품>필기도구>연필,9999,2026-04-03T00:10:15.172+09:00
13285666774,미니 서랍장 4P 세트 책상 수납 데스크 정리함 문구 화장품 소품 보관 케이스,24650,SALE,생활/건강>문구/사무용품>데스크용품>데스크정리함,9999,2026-04-03T00:10:11.793+09:00
13285666551,링 메모장 캐릭터 20개입 문구 팬시 필기 노트 미니 메모지 준비물 세트,56080,SALE,생활/건강>문구/사무용품>노트/수첩>메모지,9999,2026-04-03T00:10:08.521+09:00
13285666345,위클리 플래너 75주 스케줄 다이어리 일주일 계획 학습 업무 일정관리 기록 노트,7280,SALE,생활/건강>문구/사무용품>다이어리/플래너>스케줄러/플래너,9999,2026-04-03T00:10:05.228+09:00
13285666139,강아지 배변 봉투 9롤 케이스 세트 산책용 풉백 위생 반려동물,7940,SALE,생활/건강>반려동물>강아지 배변용품>배변패드,9999,2026-04-03T00:10:01.951+09:00
13285665918,강아지 배변 봉투 10롤 세트 산책용 풉백 리필 위생 반려동물,7010,SALE,생활/건강>반려동물>강아지 배변용품>배변패드,9999,2026-04-03T00:09:58.567+09:00
13285665693,인조 식물 다육이 화분 3개 세트 미니 선인장 스타일 인테리어 책상 장식 소품,12180,SALE,생활/건강>원예/식물>미니화분,9999,2026-04-03T00:09:55.091+09:00
13285665483,일자 봉지 집게 밀폐 클립 중형 15개입 과자봉지 밀봉 주방 다용도 봉투 세트,4890,SALE,생활/건강>생활용품>생활선물세트,9999,2026-04-03T00:09:51.724+09:00
13285665264,다목적 청 수세미 녹색 5개입 철수세미 설거지 주방 청소 세트 다용도,6620,SALE,생활/건강>주방용품>주방잡화>수세미,9999,2026-04-03T00:09:48.289+09:00
13285665004,구리스건 노즐 주입기 세트 그리스 펌프 커플러 연결 호스 윤활유 주입 공구 부품,12720,SALE,생활/건강>공구>포장용품>커터,9999,2026-04-03T00:09:44.119+09:00
13285664775,카피바라 점착 메모지 4개 세트 접착식 메모패드 귀여운 캐릭터 문구,5420,SALE,생활/건강>문구/사무용품>노트/수첩>메모지,9999,2026-04-03T00:09:40.770+09:00
13285664534,미니 점착 메모지 4개 세트 접착식 메모패드 사무용 문구세트,5820,SALE,생활/건강>문구/사무용품>노트/수첩>메모지,9999,2026-04-03T00:09:37.482+09:00
13285664325,캐릭터 열쇠고리 5개 세트 가방장식 백참 키 홀더 선물 소품,9270,SALE,패션잡화>패션소품>키홀더,9999,2026-04-03T00:09:34.310+09:00
13285664112,고양이 열쇠고리 5개 세트 가방장식 백참 키 홀더 선물 소품,10200,SALE,패션잡화>패션소품>키홀더,9999,2026-04-03T00:09:30.931+09:00
13285663925,공룡 스틱 비눗방울 12개 세트 버블건 비누 비눗방울건 대형 오리 놀이 카메라 목걸이,50450,SALE,출산/육아>완구/인형>감각발달완구>비눗방울,450,2026-04-03T00:09:27.779+09:00
13285663684,고리 던지기 세트 링던지기 아기링쌓기 놀이 링끼우기 장난감 교구 어린이집 유아 체육,59460,SALE,출산/육아>완구/인형>감각발달완구>링쌓기/컵쌓기,450,2026-04-03T00:09:24.354+09:00
13285663478,미니 토끼 비눗방울 24개 세트 버블건 비누 비눗방울건 대형 오리 스틱 놀이 카메라,22330,SALE,출산/육아>완구/인형>감각발달완구>비눗방울,450,2026-04-03T00:09:21.075+09:00
13285663279,미니 하마 비눗방울 24개 세트 버블건 비누 비눗방울건 대형 오리 스틱 놀이 카메라,22330,SALE,출산/육아>완구/인형>감각발달완구>비눗방울,450,2026-04-03T00:09:17.869+09:00
13285663068,미니 오리 비눗방울 24개 세트 버블건 비누 비눗방울건 대형 스틱 놀이 카메라 목걸이,22330,SALE,출산/육아>완구/인형>감각발달완구>비눗방울,450,2026-04-03T00:09:14.611+09:00
13285662838,꺼꾸로 애니멀 버블 (2개 세트) 버블건 비눗방울 비누 비눗방울건 대형 오리 스틱 놀이,9210,SALE,출산/육아>완구/인형>감각발달완구>비눗방울,450,2026-04-03T00:09:10.853+09:00
13285662622,6000 위시가로 봉투 세트 편지지 감성 예쁜 군대 미니 컬러,10800,SALE,생활/건강>문구/사무용품>카드/엽서/봉투>편지지,450,2026-04-03T00:09:07.395+09:00
13285662367,냥표 밀가루 반죽 슬라임 (2개 세트) 늪지슬 띵이슬 퍼티 모모네 와이영 베이퍼 크런치,9340,SALE,출산/육아>완구/인형>감각발달완구>기타감각발달완구,450,2026-04-03T00:09:03.428+09:00
13285662162,사각사각얼 슬치젤몬 (2개 세트) 슬라임 액티 액티베 이터 스트레스볼 액괴 마카롱치젤몬,9340,SALE,출산/육아>완구/인형>감각발달완구>기타감각발달완구,450,2026-04-03T00:09:00.210+09:00
13285661953,10000 공룡 조립 클레이 세트 아이 장난감 만들기 종이 조립하기 조립장난감 쉬운,15440,SALE,출산/육아>완구/인형>미술놀이>클레이,450,2026-04-03T00:08:56.816+09:00
13285661718,행운 선물 세트 문구 초등 입학 준비물 유치원 졸업 학용품 캐릭터,22600,SALE,생활/건강>문구/사무용품>문구용품>문구세트,450,2026-04-03T00:08:53.313+09:00
13285661500,애니멀 파이프숨 겨루기 더블 세트 장난감 술게임 폐운동 공불기 공장난감 폐활량 기구,9870,SALE,출산/육아>완구/인형>감각발달완구>기타감각발달완구,450,2026-04-03T00:08:50.055+09:00
13285661277,은행 놀이 가방 세트 (4개 가짜돈 장난감돈 지폐 어린이,9340,SALE,출산/육아>완구/인형>역할놀이/소꿉놀이>기타역할놀이/소꿉놀이,450,2026-04-03T00:08:46.635+09:00
13285661078,재미있는폼폼 블럭 디폼 블럭도안 세트 패키지 비즈 톡톡 10mm,14780,SALE,출산/육아>완구/인형>블록>기타블록,450,2026-04-03T00:08:43.339+09:00
13285660887,민화 스크래치 페이퍼 그리기 민화도안 세트 키트 아트 스크래치북,10800,SALE,생활/건강>화방용품>전문지류/미술지류>스케치북/크로키북,450,2026-04-03T00:08:40.141+09:00
13285660656,행복을주는 마리 모키 우기 마리모 마리모밥 먹이 모어항 키우기 쉬운 식물 세트 애완,17030,SALE,출산/육아>완구/인형>자연/과학완구>식물학습,450,2026-04-03T00:08:36.260+09:00
13285660441,볼펜 꾸미기 세트 볼꾸 키트 diy 재료 파츠,10270,SALE,생활/건강>문구/사무용품>필기도구>볼펜,450,2026-04-03T00:08:32.961+09:00
13285660206,A4 음악 노트(캠퍼스) 공책 초등 초등학생 스프링 작곡 고학년 연습,9470,SALE,생활/건강>문구/사무용품>노트/수첩>노트,450,2026-04-03T00:08:29.513+09:00
13285660003,양면 색종이 (30개 묶음 판매) 세트 색종이접기 대용량 나라 단면 예쁜 500 미니,21410,SALE,생활/건강>화방용품>전문지류/미술지류>색종이/종이접기,450,2026-04-03T00:08:26.165+09:00
13285659703,스테인리스 화훼가위 꽃가위 다목적 가위,10400,SALE,생활/건강>공구>원예공구>원예가위,702,2026-04-03T00:08:21.580+09:00
13280469048,10매 세트 하트 벌룬 메세지카드,8970,SALE,생활/건강>문구/사무용품>카드/엽서/봉투>카드,160,2026-04-02T00:10:51.248+09:00
13280468821,8색 세트 레토 컬러 보드마카,9630,SALE,생활/건강>문구/사무용품>필기도구>보드마카,160,2026-04-02T00:10:47.906+09:00
13280468641,12색 세트 레토 컬러 보드마카,9630,SALE,생활/건강>문구/사무용품>필기도구>보드마카,160,2026-04-02T00:10:44.704+09:00
13280468374,150x200cm 피크닉매트 오렌지체크 돗자리,9630,SALE,생활/건강>생활용품>생활잡화>돗자리/매트,160,2026-04-02T00:10:41.379+09:00
13280468119,세트 목 늘어짐 방지 미끄럼방지 논슬립 옷걸이 10P,8710,SALE,생활/건강>수납/정리용품>옷걸이>일반옷걸이,160,2026-04-02T00:10:38.054+09:00
13280467768,6장 세트 인상유화 페이퍼백 디자인봉투,8710,SALE,생활/건강>공구>포장용품>포장지,160,2026-04-02T00:10:33.698+09:00
13280467489,6장 세트 플라워 페이퍼백 디자인봉투,8710,SALE,생활/건강>공구>포장용품>포장지,160,2026-04-02T00:10:30.134+09:00
13280467193,재료 세트 영문 생일축하 포장,13880,SALE,생활/건강>공구>포장용품>포장지,160,2026-04-02T00:10:26.268+09:00
13280466890,재료 세트 빈티지 블루체크 포장,13880,SALE,생활/건강>공구>포장용품>포장지,160,2026-04-02T00:10:22.457+09:00
13280466600,재료 세트 신나는 생일파티 포장,13880,SALE,생활/건강>공구>포장용품>포장지,160,2026-04-02T00:10:18.935+09:00
13280466288,여성 코튼 블루 순면 삼각 팬티 리본 속옷 5개 세트,28730,SALE,패션의류>여성언더웨어/잠옷>팬티,9999,2026-04-02T00:10:14.764+09:00
13280466060,여자 잠옷 세트 투피스 리본 프릴 반팔 반바지 코디,23430,SALE,패션의류>여성언더웨어/잠옷>시즌성내의>내복,9999,2026-04-02T00:10:11.655+09:00
13280465832,미라클 셀리브 모이스처 3종 스킨케어 세트,56040,SALE,화장품/미용>스킨케어>화장품세트,999,2026-04-02T00:10:08.170+09:00
13280465584,설국화 웰빙 한방 4종 스킨케어 세트,33500,SALE,화장품/미용>스킨케어>화장품세트,999,2026-04-02T00:10:04.505+09:00
13280465381,말아쓰는 여행용압축팩 캠핑 이사 롤업 압축팩 소형,4330,SALE,생활/건강>수납/정리용품>압축팩,986,2026-04-02T00:10:01.158+09:00
13280465176,전자레인지용 찜기 간편 손잡이 세트 대형 2단 (전자렌지찜기 스팀,40530,SALE,생활/건강>주방용품>냄비/솥>찜기,9999,2026-04-02T00:09:57.658+09:00
13280464962,화분 분갈이 바닥 망사(1호) 배수판 물구멍 깔망,3040,SALE,생활/건강>정원/원예용품>원예부자재,199545,2026-04-02T00:09:54.410+09:00
13274934044,12컬러 부드러운 그림 그리기 색연필 미술용품,5230,SALE,생활/건강>화방용품>스케치/드로잉용품>수채색연필,752,2026-04-01T00:18:12.607+09:00
13274933824,페트병 화분 자동급수기,3440,SALE,생활/건강>정원/원예용품>물조리개,9999,2026-04-01T00:18:09.218+09:00
13274933603,메이크업 브러쉬 14종 원통케이스 세트,19980,SALE,화장품/미용>색조메이크업>색조메이크업세트,932,2026-04-01T00:18:06.164+09:00
13274933393,반지 팔찌 키링 시드 미니 비즈 diy 만들기 세트,15730,SALE,생활/건강>수집품>이색수집품,8999,2026-04-01T00:18:02.936+09:00
13274933166,36000 공단판 데코리본 세트 - 중 (36개입),34220,SALE,생활/건강>공구>포장용품>포장지,999,2026-04-01T00:17:59.845+09:00
13274932950,인효 교재용 바둑알 세트 - 소 P,16840,SALE,출산/육아>교구>학습보드게임,999,2026-04-01T00:17:56.541+09:00
13274932745,스타 배드민턴 라켓 세트 FOCUS X200,28830,SALE,스포츠/레저>배드민턴>배드민턴라켓,999,2026-04-01T00:17:53.333+09:00
13274932466,신광사 초대형 은박 피크닉 방수 매트 휴대용 접이식 돗자리,21450,SALE,스포츠/레저>캠핑>캠핑매트,999,2026-04-01T00:17:49.690+09:00
13274932271,데일리 옻칠 나무 숟가락 젓가락 세트,13480,SALE,생활/건강>주방용품>식기>수저,999,2026-04-01T00:17:46.647+09:00
13274932062,핑크풋 피규어 컴퍼스 콤파스 세트,4900,SALE,생활/건강>문구/사무용품>제도용품>기타제도용품,999,2026-04-01T00:17:43.309+09:00
13274931847,대용량 해피파티 물풍선 교회 성경학교 어린이날 행사 선물 세트 1판 (30set),60020,SALE,생활/건강>문구/사무용품>이벤트/파티용품>풍선/풍선용품,999,2026-04-01T00:17:40.199+09:00
13274931622,삼익악기 음악 학습용 리듬악기 세트 NSR-28,28830,SALE,생활/건강>악기>관악기>리코더,999,2026-04-01T00:17:37.029+09:00
13274931403,E09] (6개세트) 화분 파스텔,14540,SALE,생활/건강>생활용품>생활선물세트,6,2026-04-01T00:17:33.962+09:00
13274929692,여성 여름 망사 시스루 플라워 덧신 양말 10개 세트,17340,SUSPENSION,패션잡화>양말>여성양말>덧신,999,2026-04-01T00:17:08.787+09:00
13274929487,주름관부속 원터치 패킹 세트 25A,4690,SUSPENSION,생활/건강>공구>설비공구>배관용품,999,2026-04-01T00:17:05.588+09:00
13274929132,드라이버 복스알 27종 세트 십자 일자 드라이버 소켓,9740,SUSPENSION,생활/건강>공구>수작업공구>복스,999,2026-04-01T00:17:00.515+09:00
13274928749,사각 플라스틱 화분 6.5 x 6.5cm,3190,SUSPENSION,생활/건강>정원/원예용품>화분,999,2026-04-01T00:16:54.922+09:00
13274928499,네트 농구대 3색 농구림망 세트 일반형 골망 2개,20770,SALE,스포츠/레저>농구>농구대,999,2026-04-01T00:16:51.049+09:00
13274928298,발광셔틀콕 깃털 셔틀콕 거위깃털 야광 4p 세트 배드민턴공,15730,SALE,스포츠/레저>배드민턴>셔틀콕,999,2026-04-01T00:16:47.830+09:00
13274928110,인테리어소품 식물 수경 행잉 화분 화병,15070,SALE,생활/건강>정원/원예용품>화분,999,2026-04-01T00:16:44.679+09:00
13274927898,핑크풋 26공 바인더 화일 노트 리필지,3950,SALE,생활/건강>문구/사무용품>노트/수첩>노트,999,2026-04-01T00:16:41.548+09:00
13274927678,미니텃밭 화분 텃밭 토분화분 만들기 블랙 대형,24090,SALE,생활/건강>정원/원예용품>화분,999,2026-04-01T00:16:38.472+09:00
13274927479,가벼운 꽃화분 텃밭 화분 블랙 중형 저렴한 만들기,12290,SALE,생활/건강>정원/원예용품>화분,999,2026-04-01T00:16:35.233+09:00
13274927278,농구림망 골망 골대망 네트 그물 2개 화이트 고급형 세트,50080,SALE,스포츠/레저>농구>농구대,999,2026-04-01T00:16:32.056+09:00
13274927062,가벼운 화분 원예용 대형 그레이 베란다 저렴한 부직포,19850,SALE,생활/건강>정원/원예용품>화분,999,2026-04-01T00:16:28.862+09:00
13274926856,고급형 화이트 2개 농구림망 골망 네트 그물 세트,47820,SALE,스포츠/레저>농구>농구대,999,2026-04-01T00:16:25.798+09:00
13274926620,세트 변기솔 청소솔 투웨이 청소용품 거치대 틈새 실리콘 욕실,21300,SALE,생활/건강>청소용품>솔,999,2026-04-01T00:16:22.428+09:00
13274926410,스텐 부착식 세트 칫솔 컵꽂이,16400,SALE,생활/건강>욕실용품>욕실용기/홀더>칫솔통/걸이,999,2026-04-01T00:16:19.243+09:00
13274926217,판다 LCD 컬러노트 드로잉패드 전자칠판 - 9인치,12230,SALE,생활/건강>화방용품>전문지류/미술지류>스케치북/크로키북,999,2026-04-01T00:16:16.105+09:00
13274925994,네트 골대망 2개 3색 일반형 농구용품 세트 골망 농구림망,23960,SALE,스포츠/레저>농구>농구대,999,2026-04-01T00:16:13.057+09:00
13274925602,지구화학 노마르지 사인펜 싸인펜 36색 세트,16840,SALE,생활/건강>문구/사무용품>필기도구>사인펜,999,2026-04-01T00:16:07.193+09:00
13274925395,저렴한 베이지 가벼운 텃밭 중형 화분 원예용 만들기,12290,SALE,생활/건강>정원/원예용품>화분,999,2026-04-01T00:16:03.896+09:00
13274925195,선물상자 4개 세트 구디백 (6개) 선물포장 혼합 렛지,19710,SALE,생활/건강>공구>포장용품>리본,999,2026-04-01T00:16:00.761+09:00
13274924944,바르네 수정테이프 화이트 5mm 리필 (본체별도),4900,SALE,생활/건강>문구/사무용품>문구용품>수정용품,999,2026-04-01T00:15:56.972+09:00
13274924745,바르네 수정테이프 화이트 5mm BCT-1158,4900,SALE,생활/건강>문구/사무용품>문구용품>수정용품,999,2026-04-01T00:15:53.866+09:00
13274924550,식물 원예 화단 이름표 12P 펜포함 가든픽 가드닝 꽂이,27400,SALE,생활/건강>정원/원예용품>정원데코,999,2026-04-01T00:15:50.662+09:00
13274924334,시크릿 쥬쥬 스쿨백 세트 2nd Edition 1개 가방 키링 다이어리 와펜 필통 꾸미기 스티커 포함 장난감,60160,SALE,출산/육아>완구/인형>역할놀이/소꿉놀이>기타역할놀이/소꿉놀이,9999,2026-04-01T00:15:47.496+09:00
13274924149,가드닝 화단 펜포함 원예 12P 네임텍 모종 이름표 식물,27400,SALE,생활/건강>정원/원예용품>정원데코,999,2026-04-01T00:15:44.452+09:00
13274923923,핑크풋 귀여운 당근모양의 당근샤프 0.5mm,4900,SUSPENSION,생활/건강>문구/사무용품>필기도구>샤프,999,2026-04-01T00:15:41.125+09:00
13274923715,부러지지 않는 무한연필 인피니티 무한펜 HB,4460,SALE,생활/건강>문구/사무용품>필기도구>연필,999,2026-04-01T00:15:37.950+09:00
13274923517,S-2 조명 방수 잔디 경관등 세트 LED 실외 2개 태양광 마당 정원등,43980,SALE,가구/인테리어>인테리어소품>조명>야외조명,999,2026-04-01T00:15:34.887+09:00
13274923321,논슬립 핀 발판 평페달 로드 알루미늄 자전거 세트 교체형,20240,SALE,스포츠/레저>자전거>자전거부품>체인,999,2026-04-01T00:15:31.621+09:00
13274923129,도담 마론 연필캡세트 연필심보호,3950,SALE,생활/건강>문구/사무용품>필기도구>연필,999,2026-04-01T00:15:28.501+09:00
13274922929,20색 색연필 색깔 교체 시험 점수 채점 랜덤 발송 1P,4930,SALE,출산/육아>완구/인형>미술놀이>색연필,850,2026-04-01T00:15:25.415+09:00
13274922713,춘식이 세트 라이언 폼배트 A] 볼 (2개세트) 24900 카카오프렌즈,48350,SALE,출산/육아>완구/인형>역할놀이/소꿉놀이>기타역할놀이/소꿉놀이,48,2026-04-01T00:15:22.188+09:00
13274922486,마패드 GEO 30cm 자 각도기 삼각자 세트,7280,SALE,생활/건강>문구/사무용품>문구용품>자,999,2026-04-01T00:15:19.016+09:00
13274922302,플유 반짝이는 3D 크리스탈 입체 스티커 4종 각 1개씩 4개 세트 물방울 투명 스티커 다꾸 다이어리 폰 꾸미,21570,SALE,생활/건강>수집품>아이돌굿즈>스티커,300,2026-04-01T00:15:15.906+09:00
13274922114,베넬라 멀티 오프너 만능 뚜껑따개 병따개 다용도 주방 가정용 세트 다목적 잼두껑,9900,SALE,생활/건강>주방용품>조리기구>오프너,1000,2026-04-01T00:15:12.792+09:00
13274921863,도시락 세트 런치박스 점심 찬합 사각 도시락통 2단,7780,SALE,생활/건강>주방용품>보관/밀폐용기>도시락통/찬합,999,2026-04-01T00:15:09.276+09:00
13274921656,일회용 은박 도시락 세트 10개입 용기 위생,10170,SALE,생활/건강>주방용품>주방잡화>일회용빨대,999,2026-04-01T00:15:06.102+09:00
13274921462,국산 (자루등밀이+리필4p 세트) 등미리 때미리 때밀이,19450,SALE,생활/건강>욕실용품>샤워/목욕용품>샤워용품,9999,2026-04-01T00:15:02.984+09:00
13274921265,스텐 바베큐 꼬치 10P 세트 고기꼬챙이 꽂이꼬지,9100,SALE,생활/건강>주방용품>프라이팬>구이팬,9999,2026-04-01T00:14:59.756+09:00
13274920933,시계줄 줄이기 공구 세트 건전지 교체 수리 손목,17060,SALE,패션잡화>시계>시계소품>시계줄,9999,2026-04-01T00:14:54.305+09:00
13274920737,무타공 와이어 액자걸이 못없이 액자걸기 액자레일 걸이 세트,16130,SALE,생활/건강>생활용품>생활선물세트,9999,2026-04-01T00:14:51.246+09:00
13274920542,드라이버 비트 세트 29 in 1 십자 일자 별 육각 비트 BF618,13080,SALE,생활/건강>공구>전동공구>기타전동공구,9999,2026-04-01T00:14:47.970+09:00
13274920280,헤이세이 레트로 떡메모지 메모패드 떡메 클로버,5390,SALE,생활/건강>문구/사무용품>노트/수첩>점착식메모지,50,2026-04-01T00:14:44.028+09:00
13274919947,압축파우치 3종 세트,33900,SALE,패션잡화>여행용가방/소품>캐리어소품,9999,2026-04-01T00:14:39.151+09:00
13274919667,포켓피스 (랜덤) 미니연습장,4460,SALE,생활/건강>문구/사무용품>노트/수첩>노트,620,2026-04-01T00:14:34.746+09:00
13274919449,연습장 (랜덤) 도라에몽,5520,SALE,생활/건강>문구/사무용품>노트/수첩>노트,530,2026-04-01T00:14:31.438+09:00
13274919235,타파웨어 이유식 세트 밀폐용기 400ml 도시락 용기,75540,SALE,출산/육아>이유식용품>유아식기,999,2026-04-01T00:14:27.987+09:00
13274918973,시어서커 여름이불 이불 침구 퀸 Q 옐로우 시어서커이불 냉감이불 침구 세트 여름 패드,78400,SALE,가구/인테리어>침구단품>토퍼,545,2026-04-01T00:14:24.502+09:00
13274918767,노트 (10개 (랜덤) 음악 1세트),14670,SALE,생활/건강>문구/사무용품>노트/수첩>노트,72,2026-04-01T00:14:21.301+09:00
13274918544,B 좁은칸 (10개 (랜덤) 초등슬림영어 1세트),17060,SALE,생활/건강>문구/사무용품>노트/수첩>노트,57,2026-04-01T00:14:18.233+09:00
13274918164,LED 귀이개 7종 세트 귀파개 귀후비개 귀청소,9330,SALE,식품>다이어트식품>단백질보충제>기타단백질보충제,999,2026-04-01T00:14:12.718+09:00
13274917857,캠핑 먹방 스퀘어 손잡이 앞접시 플레이팅 5종 세트,17600,SALE,생활/건강>주방용품>식기>접시,999,2026-04-01T00:14:08.182+09:00
13274917636,인디고 자문자답 질문 일기 365 (Q A 일기장) (옐로우),17010,SALE,생활/건강>문구/사무용품>다이어리/플래너>다이어리,999,2026-04-01T00:14:04.727+09:00
13274917406,허브 화분 패키지 재배 키우기 바질,19580,SALE,생활/건강>원예/식물>허브식물,999,2026-04-01T00:14:01.244+09:00
13274917208,시험 오답 정리 16절 노트 스프링 좌철 학습용,12550,SALE,생활/건강>문구/사무용품>노트/수첩>노트,999,2026-04-01T00:13:58.046+09:00
13274916998,낱장 줄 모조지 메모용 양면 얇은 공부용 노트 속지,672100,SALE,생활/건강>문구/사무용품>노트/수첩>노트,999,2026-04-01T00:13:54.822+09:00
13274916784,스테인리스 33x77mm 경첩 4p 세트,16900,SALE,가구/인테리어>DIY자재/용품>가구부속품>경첩/꺽쇠/자석철물류,9999,2026-04-01T00:13:51.589+09:00
13274916539,4 in 1 토양 수분 측정기 식물 화분 습도계,16530,SALE,생활/건강>공구>측정공구>기타측정기,9999,2026-04-01T00:13:47.995+09:00
13274916328,디지털 토양 수분 측정기 식물 화분 습도계,31910,SALE,생활/건강>공구>측정공구>기타측정기,9999,2026-04-01T00:13:44.904+09:00
13274916006,도자기 밥보관용기 300ml 6P 세트 음식 소분용기 전자레인지 사용가능,51270,SALE,생활/건강>주방용품>보관/밀폐용기>보온/보냉병,9999,2026-04-01T00:13:39.771+09:00
13274915784,본차이나 화이트 원형 접시 4P 세트 25.5cm 도자기 반찬 그릇 선물,49410,SALE,생활/건강>주방용품>식기>접시,9999,2026-04-01T00:13:36.479+09:00
13274915579,본차이나 화이트 원찬기 3호 4P 세트 도자기 반찬 접시 그릇 집들이 선물,23820,SALE,생활/건강>주방용품>식기>찬기,9999,2026-04-01T00:13:33.369+09:00
13274915359,본차이나 화이트 직사각 접시 4P 세트 도자기 반찬 그릇 집들이 선물,30590,SALE,생활/건강>주방용품>식기>접시,9999,2026-04-01T00:13:30.184+09:00
13274915167,본차이나 화이트 사각 찬기 4호 4P 세트 도자기 반찬 그릇 식기 선물,36820,SALE,생활/건강>주방용품>식기>찬기,9999,2026-04-01T00:13:27.011+09:00
13270179322,세계 우표 노트북 캐리어 방수 스티커 50장 세트,6850,SALE,가구/인테리어>DIY자재/용품>데코스티커,9999,2026-03-31T00:19:25.474+09:00
13270179143,음식 노트북 캐리어 방수 스티커 50장 세트,6850,SALE,가구/인테리어>DIY자재/용품>데코스티커,9999,2026-03-31T00:19:22.203+09:00
13270178957,핑크 노트북 캐리어 방수 스티커 50장 세트,6850,SALE,가구/인테리어>DIY자재/용품>데코스티커,9999,2026-03-31T00:19:18.667+09:00
13270178697,농구 플레이 노트북 캐리어 방수 스티커 50장 세트,6850,SALE,가구/인테리어>DIY자재/용품>데코스티커,9999,2026-03-31T00:19:14.154+09:00
13270178482,베란다 발코니 난간 창틀 배란다 철제 정리 화분 걸이대,12550,SALE,생활/건강>정원/원예용품>화분받침,9999,2026-03-31T00:19:10.189+09:00
13270178295,흰색 쓰레기 분리수거 비닐봉투 75리터 50매 세트,22100,SALE,생활/건강>주방용품>주방잡화>비닐봉투,9999,2026-03-31T00:19:06.957+09:00
13270178074,카네이션 브로치 스승의날 어버이날 선물 액세서리 카드 세트,5790,SALE,패션잡화>패션소품>브로치>카네이션브로치,999,2026-03-31T00:19:03.537+09:00
13270177895,수압상승 절수형 샤워기 헤드 메탈호스 1.5m 거치대 세트 욕실용품,32310,SALE,생활/건강>욕실용품>샤워기>일반샤워기,9999,2026-03-31T00:19:00.452+09:00
13270177655,올크롬 욕실 샤워헤드 메탈호스 2m 세트 샤워기 교체용 부속품,27270,SALE,생활/건강>욕실용품>샤워기>일반샤워기,9999,2026-03-31T00:18:55.691+09:00
13270177354,강력접착 돌돌이 10cm 소형 테이프클리너 본품 교체형 2매 세트,20640,SALE,생활/건강>청소용품>테이프클리너,9999,2026-03-31T00:18:51.014+09:00
13270177176,레인샤워 대형 헤드 화이트 세트 욕실 샤워기 교체용 부속품 소품,34030,SALE,생활/건강>욕실용품>샤워기>일반샤워기,9999,2026-03-31T00:18:47.862+09:00
13270176859,3단 분사 마사지 샤워기 헤드 꼬임방지 메탈호스 2m 세트 욕실용,31510,SALE,생활/건강>욕실용품>샤워기>일반샤워기,9995,2026-03-31T00:18:43.192+09:00
13270176550,욕실 레인 샤워기 대형 헤드 블랙 세트 호텔식 수전 교체용 부품,43450,SALE,생활/건강>욕실용품>샤워기>일반샤워기,9999,2026-03-31T00:18:38.488+09:00
13270176256,레인샤워 대형 원형 샤워헤드 블랙 세트 욕실 부품 교체용 수전,34030,SALE,생활/건강>욕실용품>샤워기>일반샤워기,9999,2026-03-31T00:18:33.665+09:00
13270175978,스테인리스 캠핑 커트러리 세트 휴대용 수저통 포함 야외용 식기,14140,SALE,생활/건강>주방용품>식기>양식기,999,2026-03-31T00:18:28.974+09:00
13270175806,스테인리스 휴대용 수저집 세트 보관통 숟가락 젓가락 케이스 식기,14540,SALE,생활/건강>주방용품>식기>양식기,999,2026-03-31T00:18:25.840+09:00
13270175550,스테인리스 커틀러리 세트 캠핑 피크닉용 수저통 숟가락 젓가락,13480,SALE,생활/건강>주방용품>식기>양식기,999,2026-03-31T00:18:22.761+09:00
13270175314,좁은 공간 다목적 라쳇 드라이버 세트 자동차 정비 비트 공구함,14670,SALE,생활/건강>공구>수작업공구>드라이버,99,2026-03-31T00:18:19.585+09:00
13270175116,슈팅스타 캐치 피크닉 도시락 세트 오로라핑+왕자핑,19580,SALE,생활/건강>주방용품>보관/밀폐용기>도시락통/찬합,47,2026-03-31T00:18:16.423+09:00
13270174874,스텐락 도시락 세트 런치박스 점심 찬합 원형 중 3단,62410,SALE,생활/건강>주방용품>보관/밀폐용기>도시락통/찬합,999,2026-03-31T00:18:12.962+09:00
13270174653,겨울왕국2 올인원 수저통 식판 세트 도시락통 주머니,40530,SALE,생활/건강>주방용품>보관/밀폐용기>도시락통/찬합,999,2026-03-31T00:18:09.796+09:00
13270174443,스터 세트 (랜덤발송) 연필 8본,6450,SALE,생활/건강>문구/사무용품>필기도구>샤프,4046,2026-03-31T00:18:06.702+09:00
13270174237,스텐락 도시락 세트 런치박스 점심 찬합 원형 소 2단,41720,SALE,생활/건강>주방용품>보관/밀폐용기>도시락통/찬합,999,2026-03-31T00:18:03.537+09:00
13270174000,꾹꾹호랑 휴대용 숟가락 포크 세트 도시락수저 화이트,11230,SALE,생활/건강>주방용품>식기>수저,999,2026-03-31T00:18:00.466+09:00
13270173798,(랜덤발송) 더블링 노트 도라에몽 캠퍼스,7910,SALE,생활/건강>문구/사무용품>노트/수첩>노트,400,2026-03-31T00:17:57.317+09:00
13270173575,브레드이발소 2단 사각 스텐 어린이 도시락 가방 세트,50480,SALE,생활/건강>주방용품>보관/밀폐용기>도시락통/찬합,999,2026-03-31T00:17:54.138+09:00
13270173371,몽알몽알 PP노트 (랜덤발송),8180,SALE,생활/건강>문구/사무용품>노트/수첩>노트,136,2026-03-31T00:17:50.979+09:00
13270173132,원링 노트 핑크풋 스테디 색상랜덤 꼬망,5130,SALE,생활/건강>문구/사무용품>노트/수첩>노트,999,2026-03-31T00:17:47.480+09:00
13270172928,(랜덤발송) 쌈채소 세트 삼겹살 명품,6590,SALE,생활/건강>문구/사무용품>노트/수첩>메모지,3711,2026-03-31T00:17:44.362+09:00
13270172702,동물 주먹밥틀 소풍 도시락 모양틀 김펀치 4종 세트,13480,SALE,생활/건강>주방용품>제과/제빵용품>쿠키커터/모양틀,999,2026-03-31T00:17:41.170+09:00
13270172542,토끼 주먹밥틀 소풍 도시락 동물 모양틀 김펀치 세트,12950,SALE,생활/건강>주방용품>제과/제빵용품>쿠키커터/모양틀,999,2026-03-31T00:17:37.980+09:00
13270172347,팬더 주먹밥틀 소풍 도시락 동물 모양틀 김펀치 세트,13480,SALE,생활/건강>주방용품>제과/제빵용품>쿠키커터/모양틀,999,2026-03-31T00:17:34.871+09:00
13270172177,(랜덤발송) 연습장,5520,SALE,생활/건강>문구/사무용품>노트/수첩>노트,393,2026-03-31T00:17:31.773+09:00
13270171959,무민 스텐 보온 도시락통 가방 세트 1P 소풍 런치박스,75800,SALE,생활/건강>주방용품>보관/밀폐용기>도시락통/찬합,999,2026-03-31T00:17:28.297+09:00
13270171792,12색 미니 원목 (랜덤발송) 색연필 먼작귀,6050,SALE,생활/건강>문구/사무용품>필기도구>사인펜,248,2026-03-31T00:17:25.117+09:00
13270171551,스터 세트 (랜덤발송) 지우개 연필,9370,SALE,생활/건강>문구/사무용품>문구용품>기타문구용품,1078,2026-03-31T00:17:21.967+09:00
13270171336,이리눕개 수학연습장(랜덤) 4칸,6850,SALE,생활/건강>문구/사무용품>노트/수첩>노트,148,2026-03-31T00:17:18.829+09:00
13270171109,편지지 쫑긋곰 (랜덤),4860,SALE,생활/건강>문구/사무용품>카드/엽서/봉투>편지지,11,2026-03-31T00:17:15.393+09:00
13270170912,(랜덤) 분할노트 심플 8칸,6850,SALE,생활/건강>문구/사무용품>노트/수첩>노트,171,2026-03-31T00:17:12.294+09:00
13270170681,도시락 올스텐 수저 케이스 세트 1P 휴대용 수저통,28330,SALE,생활/건강>주방용품>식기>수저,999,2026-03-31T00:17:08.990+09:00
13270170433,오답풀이노트 (랜덤),5920,SALE,생활/건강>문구/사무용품>노트/수첩>노트,240,2026-03-31T00:17:05.542+09:00
13270170229,(랜덤) A 3000 무선종합장,6590,SALE,출산/육아>교구>학습교구>기타교구,360,2026-03-31T00:17:02.316+09:00
13270170034,무선종합장 (랜덤) B 3000,6590,SALE,출산/육아>교구>학습교구>기타교구,360,2026-03-31T00:16:59.174+09:00
13270169818,심플 (랜덤발송) 펴지는 2000 노트 잘,5660,SALE,생활/건강>문구/사무용품>노트/수첩>노트,230,2026-03-31T00:16:55.968+09:00
13270169620,PP상철노트 (랜덤) A5 오목눈이,6850,SALE,생활/건강>문구/사무용품>노트/수첩>노트,195,2026-03-31T00:16:52.770+09:00
13270169466,수학수업 각도기 세트 도형그리기 각도재기 (랜덤1개) 삼각자,8310,SALE,생활/건강>문구/사무용품>제도용품>제도용필기구,999,2026-03-31T00:16:49.746+09:00
13270169014,볼펜 꾸미기 세트 (랜덤),9500,SALE,생활/건강>수집품>모형/프라모델/피규어>피규어,216,2026-03-31T00:16:41.880+09:00
13270168818,찬합 미니 3단 세트 런치박스 도시락 소풍 밀폐용기,11620,SALE,생활/건강>주방용품>보관/밀폐용기>도시락통/찬합,999,2026-03-31T00:16:38.800+09:00
13270168608,(랜덤발송) 원링노트 (5개 1세트),12150,SALE,생활/건강>문구/사무용품>노트/수첩>노트,61,2026-03-31T00:16:35.706+09:00
13270168388,4단 도시락 세트 도시락반찬통 도시락통 이쁜도시락통 도시락용기 밀폐도시락,17720,SALE,생활/건강>주방용품>보관/밀폐용기>도시락통/찬합,999,2026-03-31T00:16:32.199+09:00
13270168178,시어서커 여름이불 침구 슈퍼싱글 SS 블루 냉감이불 패드 시어서커이불 여름 세트 침구,66040,SALE,가구/인테리어>침구단품>토퍼,545,2026-03-31T00:16:28.925+09:00
13270167969,라이트웨잇 방충복 세트L 여름 양봉옷 방충 여름 말벌 옷 세트 모기 복 장옷,107060,SALE,생활/건강>공구>안전용품>안전/작업복,9999,2026-03-31T00:16:25.698+09:00
13270167760,메쉬 남성 여름 덧신 10켤레세트 블랙 페이크삭스 세트 실리콘 페이크삭스 여름 양말 남자 남성,28970,SALE,패션잡화>양말>여성양말>중목/장목양말,9999,2026-03-31T00:16:22.477+09:00
13270167561,스텐락 도시락 세트 찬합 런치박스 도시락통 2단 QZ,95560,SALE,생활/건강>주방용품>보관/밀폐용기>도시락통/찬합,999,2026-03-31T00:16:19.129+09:00
13270167311,스텐락 도시락 세트 찬합 런치박스 도시락통 3단 QZ,114920,SALE,생활/건강>주방용품>보관/밀폐용기>도시락통/찬합,999,2026-03-31T00:16:15.719+09:00
13270167111,핑크퐁 콤팩트 스텐 식판 도시락 세트,28860,SALE,출산/육아>이유식용품>유아식기,32,2026-03-31T00:16:12.631+09:00
13270166916,여름 모자 썬캡 2p 세트 네이비 선캡모자 uv차단모자 여름모자 햇빛가리개모자 저 썬캡모자,24860,SALE,패션잡화>모자>스냅백>일반캡,9999,2026-03-31T00:16:09.575+09:00
13270166554,도라에몽 2단 도시락 가방 세트,25020,SALE,생활/건강>주방용품>보관/밀폐용기>도시락통/찬합,42,2026-03-31T00:16:03.334+09:00
13270166361,수저통 스텐 숟가락 젓가락 보관함 케이스 수저 보관 사각 꽂이 숟가락통 도시락 케이스 주방용품 통 세트,27140,SALE,생활/건강>주방용품>식기>수저통,999,2026-03-31T00:15:59.938+09:00
13270166161,이리눕개 스프링노트 1세트)(랜덤) (5개,12550,SALE,생활/건강>문구/사무용품>노트/수첩>노트,69,2026-03-31T00:15:56.807+09:00
13270165934,1세트)(랜덤) 오목눈이 스프링노트 (5개,12550,SALE,생활/건강>문구/사무용품>노트/수첩>메모지,63,2026-03-31T00:15:52.582+09:00
13270165718,초등슬림영어 A 좁은칸 1세트) (10개 (랜덤),17060,SALE,생활/건강>문구/사무용품>노트/수첩>노트,150,2026-03-31T00:15:49.466+09:00
13270165481,(랜덤) (10개 B 1세트) 초등슬림알림장 넓은칸,17060,SALE,생활/건강>문구/사무용품>노트/수첩>노트,75,2026-03-31T00:15:46.313+09:00
13270165245,(10개 A 1세트) 초등슬림영어 넓은칸 (랜덤),17060,SUSPENSION,생활/건강>문구/사무용품>노트/수첩>노트,66,2026-03-31T00:15:43.124+09:00
13270165016,유치원 세트 신학기 문구 1P 어린이 스페셜 선물 초등 색상랜덤,22100,SALE,생활/건강>문구/사무용품>제도용품>제도용필기구,999,2026-03-31T00:15:39.935+09:00
13270164677,플립3 3색볼펜 0.5 papaya 1자루 모나미,6290,SALE,생활/건강>문구/사무용품>필기도구>볼펜,999,2026-03-31T00:15:34.837+09:00
13270164484,플립3 3색볼펜 0.5 sage green 1자루 모나미,6290,SALE,생활/건강>문구/사무용품>필기도구>볼펜,999,2026-03-31T00:15:31.701+09:00
13270164190,키즈맘아트 미술놀이 스프레이 물감 슈팅 컬러 120ml x 5색 세트,43080,SALE,출산/육아>완구/인형>미술놀이>기타미술놀이,999,2026-03-31T00:15:27.071+09:00
13270164012,강력 화분 과수원 파리 초파리 해충 벌레 퇴치 끈끈이 사각끈끈이 20x30cm 10매 M11148,6660,SALE,생활/건강>생활용품>해충퇴치용품>끈끈이,999,2026-03-31T00:15:23.900+09:00
13270163813,큐빅 금장 카네이션 브로치 스승의날 어버이날 선물 액세서리 미니 편지 카드 세트,7650,SALE,패션잡화>패션소품>브로치>카네이션브로치,9999,2026-03-31T00:15:20.507+09:00
13270163629,화분 키우기 가정용 어린이 씨앗 씨드볼 키트 토마토 방울,19580,SALE,생활/건강>정원/원예용품>화분,999,2026-03-31T00:15:16.947+09:00
13270163453,달팽이 화장품 세트 기초 여성 보습 3종,94100,SALE,화장품/미용>스킨케어>스킨/토너,999,2026-03-31T00:15:13.866+09:00
13270163215,특별 노트 가족 상속 추억 기록 선물용 마지막,94500,SALE,생활/건강>문구/사무용품>노트/수첩>노트,999,2026-03-31T00:15:10.595+09:00
13270163043,화장품 기초 여성 스킨케어 2종 고보습,322970,SALE,화장품/미용>스킨케어>스킨/토너,999,2026-03-31T00:15:07.481+09:00
13270162873,미술용 공예용 검은색 8절 하드보드지 10장 세트,15040,SALE,생활/건강>문구/사무용품>제도용품>기타제도용품,9999,2026-03-31T00:15:04.250+09:00
13270162681,재료 씨앗 화분 방울 토마토 식물 키트 키우기 모종,23820,SALE,생활/건강>정원/원예용품>화분,999,2026-03-31T00:15:00.892+09:00
13270162501,힙 만들기 스포츠 힙 밴드 3종 세트,15040,SALE,스포츠/레저>보호용품>무릎보호대,9999,2026-03-31T00:14:57.735+09:00
13270162315,풀림방지 록너트 175pcs 육각 너트 세트,30160,SALE,생활/건강>공구>수작업공구>핀셋,9999,2026-03-31T00:14:54.547+09:00
13270162060,뭉개진 나사 빼기 역탭 리무버 세트,22600,SALE,생활/건강>공구>수작업공구>핀셋,9999,2026-03-31T00:14:51.324+09:00
13270161837,내열유리 미니컵 2P 세트 150ml,26440,SALE,생활/건강>주방용품>잔/컵>유리컵,9999,2026-03-31T00:14:47.912+09:00
13270161666,콧털정리기 콧털가위 세트,22600,SALE,디지털/가전>이미용가전>코털제거기,9999,2026-03-31T00:14:44.804+09:00
13270161495,홈카페용 내열 유리컵 2개 세트,28300,SALE,생활/건강>주방용품>잔/컵>유리컵,9999,2026-03-31T00:14:41.569+09:00
13270161318,초보도 쉽게 즐기는 만능 루어 낚싯대 세트,174820,SALE,스포츠/레저>낚시>낚싯대>민물루어낚싯대,9999,2026-03-31T00:14:38.351+09:00
13270161137,옷 부피 싹 잡는 압축팩 2개 넉넉한 수납,15040,SALE,생활/건강>수납/정리용품>압축팩,9999,2026-03-31T00:14:35.100+09:00
13270160940,실용적인 서예붓 2P 거치 받침대 세트,22600,SALE,생활/건강>화방용품>서예/동양화용품>먹,9999,2026-03-31T00:14:31.781+09:00
13270160756,다용도 SUV 트렁크 정리함 깔끔한 차량 수납솔루션,49250,SALE,생활/건강>자동차용품>수납용품>트렁크정리함,9999,2026-03-31T00:14:28.363+09:00
13270160590,게이터그립 만능 복스 소켓 세트,18750,SALE,생활/건강>공구>수작업공구>복스,9999,2026-03-31T00:14:25.304+09:00
13270160392,탭기리 나사선 탭핑비트 세트,43550,SALE,생활/건강>공구>전동공구>비트세트,9999,2026-03-31T00:14:22.115+09:00
13270160224,티타늄 코팅 드릴 밀링 로타리버 세트,54950,SALE,생활/건강>공구>전동공구>비트세트,9999,2026-03-31T00:14:18.898+09:00
13270160012,소형 전문가용 복스알 공구 세트 46p,64500,SALE,생활/건강>공구>수작업공구>복스,9999,2026-03-31T00:14:15.444+09:00
13270159814,다용도 미니 그라인더 절단 블레이드 10p 세트,18750,SALE,생활/건강>공구>절삭공구>그라인더날,9999,2026-03-31T00:14:12.019+09:00
13270159631,실내 인테리어용 자동 급수 화분,32150,SALE,생활/건강>정원/원예용품>화분,9999,2026-03-31T00:14:08.801+09:00
13270159444,우일 이불+의류용 압축팩2P(90X86) 이불보관팩 계절옷,16260,SALE,생활/건강>수납/정리용품>압축팩,9999,2026-03-31T00:14:05.482+09:00
13270159248,수채화 땡큐 감사 카드 6매 세트,4990,SALE,생활/건강>문구/사무용품>카드/엽서/봉투>카드,9999,2026-03-31T00:14:02.073+09:00
13270159017,191 in 1 드라이버 비트 세트 공구 분해 핸들 MG191,61350,SALE,생활/건강>공구>전동공구>기타전동공구,9999,2026-03-31T00:13:57.891+09:00
13270158811,117 in 1 드라이버 비트 세트 공구 분해 핸들 MG117,25150,SALE,생활/건강>공구>전동공구>기타전동공구,9999,2026-03-31T00:13:54.718+09:00
13270158593,76 in 1 드라이버 비트 세트 공구 분해 핸들 MG076,35230,SALE,생활/건강>공구>전동공구>기타전동공구,9999,2026-03-31T00:13:51.494+09:00
13270158373,귀여운 야채 노트북 캐리어 방수 스티커 50장 세트,6850,SALE,가구/인테리어>DIY자재/용품>데코스티커,9999,2026-03-31T00:13:48.018+09:00
13270158125,블랙 농구 노트북 캐리어 방수 스티커 50장 세트,6850,SALE,가구/인테리어>DIY자재/용품>데코스티커,9999,2026-03-31T00:13:44.720+09:00
13270157921,빈티지 노트북 캐리어 방수 스티커 50장 세트,6850,SALE,가구/인테리어>DIY자재/용품>데코스티커,9999,2026-03-31T00:13:41.325+09:00
13270157697,WWE 레슬링 노트북 캐리어 방수 스티커 50장 세트,6850,SALE,가구/인테리어>DIY자재/용품>데코스티커,9999,2026-03-31T00:13:37.754+09:00
13270157377,귀여운 강아지 노트북 캐리어 방수 스티커 50장 세트,6850,SALE,가구/인테리어>DIY자재/용품>데코스티커,9999,2026-03-31T00:13:32.503+09:00
13270157140,고양이 밈 노트북 캐리어 방수 스티커 50장 세트,6850,SALE,가구/인테리어>DIY자재/용품>데코스티커,9999,2026-03-31T00:13:29.144+09:00
13270156943,강아지 밈 노트북 캐리어 방수 스티커 50장 세트,6850,SALE,가구/인테리어>DIY자재/용품>데코스티커,9999,2026-03-31T00:13:25.902+09:00
13270156681,동물 캐릭터 노트북 캐리어 방수 스티커 50장 세트,6850,SALE,가구/인테리어>DIY자재/용품>데코스티커,9999,2026-03-31T00:13:22.360+09:00
13270156462,빈티지 우표 노트북 캐리어 방수 스티커 50장 세트,6850,SALE,가구/인테리어>DIY자재/용품>데코스티커,9999,2026-03-31T00:13:19.115+09:00
13270156244,스포츠 자동차 노트북 캐리어 방수 스티커 50장 세트,6850,SALE,가구/인테리어>DIY자재/용품>데코스티커,9999,2026-03-31T00:13:15.625+09:00
13270156026,블록형 케이블정리 세트,4110,SALE,디지털/가전>PC액세서리>케이블타이/정리함,9000,2026-03-31T00:13:12.227+09:00
13270155784,경량 3단 등산 스틱 트레킹폴 접이식 보행 지팡이 세트 등산용,20640,SALE,스포츠/레저>등산>기타등산장비,999,2026-03-31T00:13:08.300+09:00
13270152861,본차이나 화이트 그라탕 오븐용기 4P 세트 도자기 오븐용 그릇 선물,43320,SALE,생활/건강>주방용품>식기>접시,9999,2026-03-31T00:12:21.974+09:00
13270152661,본차이나 화이트 파스타볼 4P 세트 도자기 샐러드 접시 그릇 집들이 선물,42650,SALE,생활/건강>주방용품>식기>볼,9999,2026-03-31T00:12:18.717+09:00
13270152413,본차이나 화이트 원찬기 4호 4P 세트 도자기 반찬 접시 그릇 집들이 선물,30590,SALE,생활/건강>주방용품>식기>찬기,9999,2026-03-31T00:12:15.298+09:00
13270152217,본차이나 화이트 원형 접시 4P 세트 20.5cm 도자기 반찬 그릇 선물,27930,SALE,생활/건강>주방용품>식기>접시,9999,2026-03-31T00:12:12.214+09:00
13270151984,본차이나 화이트 원형 접시 4P 세트 16.5cm 도자기 반찬 그릇 선물,20380,SALE,생활/건강>주방용품>식기>접시,9999,2026-03-31T00:12:08.675+09:00
13270151754,본차이나 화이트 우동기 4P 세트 도자기 면기 면그릇 집들이 선물,34170,SALE,생활/건강>주방용품>식기>면기,9999,2026-03-31T00:12:05.401+09:00
13270151503,본차이나 화이트 머그컵 4P 세트 350ml 도자기 머그 물컵 집들이 선물,21570,SALE,생활/건강>주방용품>잔/컵>다기/주기,9999,2026-03-31T00:12:02.214+09:00
13270151287,본차이나 화이트 대접 4P 세트 도자기 국그릇 집들이 선물 그릇세트,20380,SALE,생활/건강>주방용품>식기>면기,9999,2026-03-31T00:11:58.903+09:00
13270151082,본차이나 화이트 타원 찬기 4P 세트 도자기 반찬 접시 그릇 집들이 선물,37350,SALE,생활/건강>주방용품>식기>찬기,9999,2026-03-31T00:11:55.532+09:00
13270150891,본차이나 화이트 쌍초장기 4P 세트 도자기 소스 간장 종지 그릇 소스기,20380,SALE,생활/건강>주방용품>보관/밀폐용기>도시락통/찬합,9999,2026-03-31T00:11:52.133+09:00
13270150686,본차이나 화이트 타원 접시 소 4P 세트 도자기 반찬 그릇 플레이트 선물,36820,SALE,생활/건강>주방용품>식기>접시,9999,2026-03-31T00:11:48.952+09:00
13270150473,본차이나 화이트 타원 접시 대 4P 세트 도자기 반찬 그릇 플레이트 선물,56310,SALE,생활/건강>주방용품>식기>접시,9999,2026-03-31T00:11:45.491+09:00
13270150264,본차이나 화이트 사각 찬기 1호 4P 세트 도자기 반찬 그릇 식기 선물,23290,SALE,생활/건강>주방용품>식기>찬기,9999,2026-03-31T00:11:42.105+09:00
13270150072,본차이나 화이트 사각 찬기 3호 4P 세트 도자기 반찬 그릇 식기 선물,32970,SALE,생활/건강>주방용품>식기>찬기,9999,2026-03-31T00:11:38.865+09:00
13270149847,본차이나 화이트 사각 찬기 2호 4P 세트 도자기 반찬 그릇 식기 선물,27930,SALE,생활/건강>주방용품>식기>찬기,9999,2026-03-31T00:11:35.665+09:00
13270149633,본차이나 화이트 냉면기 4P 세트 도자기 면기 면그릇 집들이 선물,48750,SALE,생활/건강>주방용품>식기>면기,9999,2026-03-31T00:11:32.281+09:00
13270149424,본차이나 화이트 앞접시 4P 세트 도자기 손잡이 국물 그릇 접시 식기,25020,SALE,생활/건강>주방용품>식기>접시,9999,2026-03-31T00:11:28.853+09:00
13270149210,3단 멀티분사 안마 샤워기 헤드 튼튼한 고급 메탈 호스 1.5m 세트,29070,SALE,생활/건강>욕실용품>샤워기>일반샤워기,9999,2026-03-31T00:11:25.127+09:00
13265143324,휴대용 초경량 캠핑 그물침대 야외 나일론 침대 해먹 세트,43450,SALE,스포츠/레저>캠핑>캠핑가구>해먹,999,2026-03-30T00:09:51.778+09:00
13265143163,캠핑 방수포 피크닉 매트 바닥 습기 차단 그라운드시트 돗자리,27400,SALE,스포츠/레저>캠핑>텐트/타프용품>기타텐트/타프용품,999,2026-03-30T00:09:48.582+09:00
13265142963,휴대용 초경량 캠핑 해먹 야외 그물침대 경량 해먹 세트,43450,SALE,스포츠/레저>캠핑>캠핑가구>해먹,999,2026-03-30T00:09:45.166+09:00
13265142780,강철 단조팩 30cm 4p 세트 타프 텐트 고정 스틸 팩 야영장비,19850,SALE,스포츠/레저>캠핑>텐트/타프용품>기타텐트/타프용품,999,2026-03-30T00:09:41.591+09:00
13265142594,알루미늄 단조팩 10p 타프 텐트 고정용 고강도 스틸 팩 세트,18650,SALE,스포츠/레저>캠핑>텐트/타프용품>기타텐트/타프용품,999,2026-03-30T00:09:38.186+09:00
13265142384,무릎 보호대 작업용 쿠션 보호대 바닥 무릎 꿇기 패드 세트,25150,SALE,스포츠/레저>보호용품>무릎보호대,21,2026-03-30T00:09:34.434+09:00
13265142236,스틸 대형 잠금 카라비너 2p 세트 퀵링크 고리 캠핑 연결 비너,24750,SALE,스포츠/레저>등산>기타등산장비,999,2026-03-30T00:09:31.161+09:00
13265142050,대형 스틸 카라비너 2p 세트 캠핑 로프 와이어 체결 고리 비너,22100,SALE,스포츠/레저>등산>기타등산장비,999,2026-03-30T00:09:27.737+09:00
13265141876,대형 스틸 잠금 비너 2P 세트 캠핑 와이어 고리 연결 고리 비너,36690,SALE,스포츠/레저>등산>기타등산장비,999,2026-03-30T00:09:24.434+09:00
13265141706,대형 스틸 잠금 고리 2p 세트 캠핑 로프 연결 비너 등산 장비,31120,SALE,스포츠/레저>등산>기타등산장비,999,2026-03-30T00:09:21.227+09:00
13265141519,숏 등산 스패츠 방수 발 토시 2P 세트 다리 보호대 등산 용품,50480,SALE,스포츠/레저>등산>등산장비>스패츠,999,2026-03-30T00:09:17.731+09:00
13265141315,휴대용 방위 측정기 3P 세트 등산 캠핑용 거리 측정 나침반,15340,SALE,스포츠/레저>등산>기타등산장비,999,2026-03-30T00:09:14.320+09:00
13265141134,통기성 메쉬 등산 모자 2p 세트 자외선 차단 낚시 모자 캠핑햇,23030,SALE,스포츠/레저>등산>등산잡화>모자,999,2026-03-30T00:09:10.935+09:00
13265140925,초대형 스틸 카라비너 2P 세트 캠핑 로프 와이어 체인 연결 고리,17720,SALE,스포츠/레저>등산>기타등산장비,999,2026-03-30T00:09:06.998+09:00
13265140728,미니화분 소형 7cm 블랙 5p세트 받침대포함,5520,SALE,생활/건강>원예/식물>미니화분,9999,2026-03-30T00:09:03.442+09:00
13265140541,미니화분 소형 7cm 화이트 5p세트 받침대포함,5920,SALE,생활/건강>원예/식물>미니화분,9999,2026-03-30T00:09:00.011+09:00
13265140366,말아쓰는 여행용압축팩 캠핑 이사 롤업 압축팩 대형,4990,SALE,생활/건강>수납/정리용품>압축팩,9999,2026-03-30T00:08:56.841+09:00
13265140159,말아쓰는 여행용압축팩 캠핑 이사 롤업 압축팩 중형,4990,SALE,생활/건강>수납/정리용품>압축팩,9999,2026-03-30T00:08:53.272+09:00
13265139955,자연 나뭇잎 열대 몬스테라 냉장고 자석 4개 세트,4860,SALE,생활/건강>문구/사무용품>문구용품>기타문구용품,9999,2026-03-30T00:08:49.715+09:00
13265139757,미니화분 대형 10cm 블랙 5p세트 받침대포함,8040,SALE,생활/건강>원예/식물>미니화분,9999,2026-03-30T00:08:46.358+09:00
13265139573,미니화분 대형 10cm 화이트 5p세트 받침대포함,8570,SALE,생활/건강>원예/식물>미니화분,9999,2026-03-30T00:08:42.921+09:00
13265139297,접이식 육각렌치 세트 8 in 1,9370,SALE,생활/건강>공구>수작업공구>복스,9999,2026-03-30T00:08:39.512+09:00
13265139119,Prokit (PK-2088B) 컴퓨터 수리용 공구 세트 전기작업용 키트 PK822,176580,SALE,디지털/가전>휴대폰액세서리>휴대폰케이블,9999,2026-03-30T00:08:36.116+09:00
13265138923,2026년 다육화분 정리함 달력 만들기,13350,SALE,출산/육아>완구/인형>미술놀이>종이접기,9999,2026-03-30T00:08:32.678+09:00
13265138688,대용량 자동차 콘솔 수납함 컵홀더 일체형,32940,SALE,생활/건강>자동차용품>인테리어용품>차량용장식소품,9999,2026-03-30T00:08:28.806+09:00
13265138488,할로윈 이벤트 풍선 가랜드 파티 용품 세트,15700,SALE,생활/건강>문구/사무용품>이벤트/파티용품>풍선/풍선용품,9999,2026-03-30T00:08:25.391+09:00
13265138317,씨앗 발아 모종 캡 20개 식물 보호 커버 16cm 세트,32940,SALE,생활/건강>정원/원예용품>원예부자재,9999,2026-03-30T00:08:22.253+09:00
13265138097,미니 비닐하우스 효과 모종캡 20P 세트 22cm,32940,SALE,생활/건강>정원/원예용품>원예부자재,9999,2026-03-30T00:08:18.645+09:00
13265137873,블랙 스텐레스 휴대용 수저 세트,22600,SALE,생활/건강>주방용품>식기>수저,9999,2026-03-30T00:08:14.744+09:00
13265137462,다목적 알루미늄 육각렌치 세트 4in1 휴대용,32150,SALE,생활/건강>공구>수작업공구>드라이버,9999,2026-03-30T00:08:07.500+09:00
13265137161,가죽 가구 손잡이 5P 세트 셀프 인테리어 부품,26440,SALE,가구/인테리어>DIY자재/용품>접착제/보수용품,9999,2026-03-30T00:08:02.287+09:00
13265136762,드릴 비트 세트 별렌치 육각 스크류 십자 50mm,18750,SALE,생활/건강>공구>전동공구>비트세트,9999,2026-03-30T00:07:55.178+09:00
13265134700,미용티슈 깨끗한나라 250매X3입 티슈티슈 세트 생활 티슈 여행용,32470,SALE,생활/건강>생활용품>화장지>여행티슈,999,2026-03-30T00:07:17.893+09:00
13265134513,렛지 선물상자 혼합 4개 세트 선물포장 구디백 (6개),14140,SALE,생활/건강>공구>포장용품>선물박스,999,2026-03-30T00:07:14.336+09:00
13265134275,약수저 분유 스푼 계량 시약 스텐 홈베이킹용품 분유 세트 약숟가락 수저,8640,SALE,생활/건강>주방용품>제과/제빵용품>계량스푼,999,2026-03-30T00:07:10.546+09:00
13265134072,50P 치간칫솔 일회용 치실대 청소 관리 구강 세트 치실 일회용,7960,SALE,생활/건강>구강위생용품>치실/치간칫솔,99998,2026-03-30T00:07:06.665+09:00
13265133867,먼지제거 청소세트 세트 먼지 가정용 청소솔 도구,6890,SALE,생활/건강>청소용품>기타청소용품,999,2026-03-30T00:07:03.162+09:00
13265133661,도자기 오카리나 받침대 세트,25280,SALE,생활/건강>악기>관악기>오카리나,715,2026-03-30T00:06:59.436+09:00
13265133463,강력 수압상승 변기청소건 메탈호스 1.5m 욕실 다용도 샤워기 세트,23930,SALE,생활/건강>욕실용품>샤워기>일반샤워기,9999,2026-03-30T00:06:55.850+09:00
13265133149,절수형 헤드 폴딩 샤워기 세트 황동 메탈호스 2m 교체용 샤워줄,27550,SALE,생활/건강>욕실용품>샤워기>일반샤워기,9999,2026-03-30T00:06:50.186+09:00
13265132877,욕실 샤워기 헤드 고급 메탈 호스 세트 1.5m 꼬임방지 구성,23360,SALE,생활/건강>욕실용품>샤워기>일반샤워기,9999,2026-03-30T00:06:45.398+09:00
13265132615,뒤집힘방지 뿔헤드 샤워기 스텐 메탈호스 세트 1.5m 욕실 샤워줄 교체용,19750,SALE,생활/건강>욕실용품>샤워기>일반샤워기,9997,2026-03-30T00:06:40.418+09:00
13265132241,DIY 다용도 만능톱 세트 목재 금속 절단기 타일 유리 정밀 가공 공구,9660,SUSPENSION,생활/건강>공구>절삭공구>다용도조각기,9999,2026-03-30T00:06:33.387+09:00
13261050001,조선순덕이 좌철 스프링 노트 (12개),14140,SALE,생활/건강>문구/사무용품>노트/수첩>노트,999,2026-03-29T00:10:11.272+09:00
13261049822,랜덤 4색 볼펜 꾸미기 세트 3000,5390,SALE,출산/육아>완구/인형>유아동퍼즐>구슬퍼즐,19997,2026-03-29T00:10:07.680+09:00
13261049634,도자기 체크하트 샐러드볼 파스타볼 스프볼 4P 4개입 세트,33640,SALE,생활/건강>주방용품>식기>볼,9999,2026-03-29T00:10:03.878+09:00
13261049443,도자기 체크하트 면기 라면기 우동기 면그릇 4P 4개입 세트,36290,SALE,생활/건강>주방용품>식기>면기,9999,2026-03-29T00:10:00.343+09:00
13261049257,체리시 유리 물병 컵 세트 1P 냉온 유리컵 보틀 주스 홈카페 글라스,21170,SALE,생활/건강>주방용품>잔/컵>유리컵,9999,2026-03-29T00:09:56.544+09:00
13261049088,체크하트 그릇 원찬기 4P 세트 - 대,21170,SALE,생활/건강>주방용품>식기>찬기,9999,2026-03-29T00:09:53.069+09:00
13261048881,미끄럼방지 마미손골드 주방장갑 고무장갑 세트 대형 장갑 청소 대2켤레,13590,SALE,생활/건강>주방용품>주방잡화>고무장갑,99999,2026-03-29T00:09:49.357+09:00
13261048699,펼침이(거치대)세트 왓앤 (20리터) 종량제봉투 왓앤거치대 청소,54260,SUSPENSION,생활/건강>청소용품>휴지통>압축휴지통,99999,2026-03-29T00:09:45.798+09:00
13261048412,글리터 아웃라인 마카펜 12색 세트,12550,SALE,생활/건강>화방용품>스케치/드로잉용품>마카,702,2026-03-29T00:09:41.701+09:00
13261048221,엔젤 국산 전통 소고 음십일,17590,SALE,생활/건강>악기>국악기>기타국악기,15,2026-03-29T00:09:37.867+09:00
13261048022,블링블링 큐빅 테니스 목걸이 팔찌 귀걸이 세트,14810,SALE,패션잡화>주얼리>목걸이>패션목걸이,630,2026-03-29T00:09:34.237+09:00
13261045063,회전형 와이드 밀대걸레 대형 세트 극세사 청소포 포함 구성,34890,SALE,생활/건강>청소용품>밀대/패드,9999,2026-03-29T00:08:46.761+09:00
13256832036,키즈 어린이 쥬라기 공룡 점토 클레이 조립 장난감 세트,18390,SALE,출산/육아>완구/인형>자연/과학완구>공룡,9999,2026-03-28T00:12:59.432+09:00
13256831857,이불 의류 정리함 파우치 압축팩 4p 80x100,22760,SALE,생활/건강>수납/정리용품>압축팩,9999,2026-03-28T00:12:56.188+09:00
13256831685,습기제거 에어 활성탄 탈취제 1kg 블랙망 5개 세트,41330,SUSPENSION,생활/건강>생활용품>제습/방향/탈취>숯,9999,2026-03-28T00:12:52.969+09:00
13256831501,육각 십자 일자 정비 도구 베셀 비트 드라이버 세트,41720,SALE,생활/건강>공구>전동공구>비트세트,9999,2026-03-28T00:12:49.556+09:00
13256831331,트윈라이너 롤링 데코펜 세트 (2개),9050,SALE,생활/건강>문구/사무용품>필기도구>필기구세트,99999,2026-03-28T00:12:46.215+09:00
13256831131,그리기 화분 M,3880,SALE,생활/건강>정원/원예용품>화분,99999,2026-03-28T00:12:42.177+09:00
13256830971,(DailySSuup) 차량용 트렁크 수납함 포터2 정리함,39870,SALE,생활/건강>자동차용품>수납용품>트렁크정리함,999,2026-03-28T00:12:39.098+09:00
13256830771,아스크림 방수식탁보 2p 137x180 식탁테이블보 테이블커버 차박매트 사각테이블보 모던식탁보,22890,SALE,가구/인테리어>홈데코>주방데코>식탁보,999,2026-03-28T00:12:35.384+09:00
13256830599,미니 돌돌이 테이프 클리너 본품 리필 2개포함 세트,5900,SALE,생활/건강>청소용품>테이프클리너,795,2026-03-28T00:12:32.111+09:00
13256830409,다용도 블록 밀봉 집게 4P 세트,5790,SALE,생활/건강>생활용품>생활선물세트,9999,2026-03-28T00:12:28.990+09:00
13256830228,실리콘 케이블 정리 타이 10개 세트,5130,SALE,생활/건강>공구>전기용품>전선/케이블,9999,2026-03-28T00:12:25.750+09:00
13256830058,와이어 브러쉬 세트 나일론 철 황동 구리 스틸 BF408,7120,SALE,생활/건강>공구>접착용품>세정제/클리너,9999,2026-03-28T00:12:22.504+09:00
13256829884,귀여운 식빵 모양 필통 파우치,14540,SALE,생활/건강>문구/사무용품>필기도구>필통,9999,2026-03-28T00:12:19.321+09:00
13256829680,심플 1칸 투명 아크릴 브러쉬 연필 필기구 보관함,6450,SALE,생활/건강>생활용품>생활선물세트,9999,2026-03-28T00:12:15.393+09:00
13256829348,브리스크스타일 키보드 청소용품 세트 (5가지 기능),7120,SALE,생활/건강>청소용품>먼지떨이/먼지제거기,9999,2026-03-28T00:12:09.038+09:00
13256829165,조소 세트 12pcs 판화 목공용 조각도 BB473,39200,SALE,생활/건강>공구>절삭공구>다용도조각기,9999,2026-03-28T00:12:05.335+09:00
13256829012,악어 집게 클립 세트 Red Black Set 배터리고정 O링 95mm BF284,22230,SALE,생활/건강>생활용품>생활선물세트,9999,2026-03-28T00:12:02.345+09:00
13256828855,DIY용 공구 민자 평집게 + 오링반지 1P 세트,6110,SALE,생활/건강>공구>수작업공구>플라이어,999,2026-03-28T00:11:59.207+09:00
13256828591,원예 페트병 압축 안개 분사 노즐 분무기 헤드 분사기 화분 화단 물 뿌리개 스프레이 M10852,4830,SALE,생활/건강>공구>원예공구>압축분무기,999,2026-03-28T00:11:54.093+09:00
13256828334,휴대용 스텐 귀청소 6종 세트,4650,SALE,식품>다이어트식품>단백질보충제>기타단백질보충제,999,2026-03-28T00:11:49.245+09:00
13256828169,KANALS호환 공연용 강의용 무선 헤드마이크 가이드용,37480,SALE,디지털/가전>음향가전>마이크>일반마이크,999,2026-03-28T00:11:45.929+09:00
13256827894,스테들러 308-08-9 피그먼트라이너 6본 세트 308SB6P,17590,SALE,생활/건강>문구/사무용품>필기도구>펜,999,2026-03-28T00:11:40.842+09:00
13256827743,움직이는식물 미모사,11570,SALE,생활/건강>원예/식물>공기정화식물,999,2026-03-28T00:11:37.650+09:00
13256827571,꽃집사 안개꽃,11570,SALE,생활/건강>원예/식물>씨앗/모종,999,2026-03-28T00:11:34.380+09:00
13256827336,극세사 걸레 밀대 바닥 물밀대 패드 세트,27630,SALE,생활/건강>청소용품>밀대/패드,999,2026-03-28T00:11:30.052+09:00
13256827167,보쉬 4-5-6-7-8 콘크리트 드릴비트 세트(5개입),22710,SALE,생활/건강>공구>수작업공구>기타수작업공구,999,2026-03-28T00:11:26.666+09:00
13256826907,(DG) 크래커플러스 3D퍼즐 호국보훈 입체퍼즐 세트,69900,SALE,출산/육아>완구/인형>유아동퍼즐>종이/입체퍼즐,999,2026-03-28T00:11:22.025+09:00
13256826592,주방 스텐 스테인레스 빨대 주전자 젖병 물병 물통 좁은 틈새 입구 청소 설거지 솔 브러쉬 4종 세트 M10678,6570,SALE,생활/건강>주방용품>주방잡화>기타주방잡화,999,2026-03-28T00:11:16.422+09:00
13256826411,호스 릴 20미터 정원 급수 호스 세트 가정용 20미터 릴형,54840,SALE,생활/건강>공구>설비공구>배관용품,999,2026-03-28T00:11:13.001+09:00
13256826250,이불 대형 빨래집게 소품 세트 3P 빨래 집게 이불 9.5cm 대형,10240,SALE,생활/건강>세탁용품>빨래집게,999,2026-03-28T00:11:09.814+09:00
13256826058,만들기도구 아이스크림 클레이 만들기세트 세트 공예 창의력놀이 홈패브릭 비즈,8020,SALE,가구/인테리어>인테리어소품>미술작품>공예디자인,99956,2026-03-28T00:11:06.436+09:00
13256825803,알루미늄 삼각자 20cm자 4종 세트 블루,6740,SALE,생활/건강>문구/사무용품>제도용품>제도용자,9999,2026-03-28T00:11:01.168+09:00
13256825635,캠핑용 스트라이프 캔버스 해먹의자 흔들그네 수납 파우치 세트,66390,SALE,스포츠/레저>캠핑>캠핑가구>해먹,999,2026-03-28T00:10:57.938+09:00
13256825443,스테인리스 캠핑 화로대 휴대용 접이식 바베큐 그릴 석쇠 세트,38540,SALE,디지털/가전>계절가전>히터>가스히터,999,2026-03-28T00:10:54.321+09:00
13256825258,캠핑 스테인리스 마시멜로 꼬치 10P 세트 길이조절 구이용 스틱,39200,SALE,디지털/가전>계절가전>히터>가스히터,999,2026-03-28T00:10:50.426+09:00
13256825081,초강력 7001 알루미늄 단조팩 6종 세트 타프 텐트 고정용 팩,36150,SALE,스포츠/레저>캠핑>텐트/타프용품>기타텐트/타프용품,999,2026-03-28T00:10:47.113+09:00
13256824915,망사 메쉬 벌망 해충 양봉 작업복 상의 장갑 세트,52200,SALE,스포츠/레저>낚시>낚시의류/잡화>낚시모자,999,2026-03-28T00:10:43.782+09:00
13256824733,벌망 해충 벌초 낚시 양봉 사파리 모자 장갑 세트,32570,SALE,스포츠/레저>낚시>낚시의류/잡화>낚시모자,999,2026-03-28T00:10:40.285+09:00
13256824534,대나무 2단 선반 책진열 화분 인테리어 선반 정리대,33690,SALE,가구/인테리어>수납가구>선반,9999,2026-03-28T00:10:36.385+09:00
13256824346,세로형노 노트북케이스가방 노트북수납가방 노트북슬리브케이스 손잡이 노트북파우치 블랙 노트북보관가방,51140,SALE,디지털/가전>노트북액세서리>노트북받침대/쿨러,999,2026-03-28T00:10:32.844+09:00
13256824115,조수석 수납함 차량용 자동차 운전석 포터2,61610,SALE,생활/건강>자동차용품>수납용품>차량용포켓,999,2026-03-28T00:10:28.534+09:00
13256823930,플유 헤어빗 꾸미기 세트 랜덤 1개 볼꾸 동대문 빗꾸 펜꾸 꾸미기 재료 비즈볼,6720,SALE,생활/건강>반려동물>미용/목욕>브러시/빗,493,2026-03-28T00:10:24.335+09:00
13256823459,킵무빙 소프트 노트 (4개),17860,SALE,생활/건강>문구/사무용품>노트/수첩>노트,999,2026-03-28T00:10:16.057+09:00
13256823245,하이웨스트 뱃살 슬림 순면 팬티 6개 세트 여성용 몸매 보정 속옷 편안한 면 소재 언더웨어 보정 팬티 세트,20640,SALE,패션의류>여성언더웨어/잠옷>팬티,9999,2026-03-28T00:10:12.302+09:00
13256823061,업소용 빗자루 쓰레받이 청소도구 쓰레받기 세트 4호,19710,SALE,생활/건강>청소용품>빗자루/쓰레받기,9999,2026-03-28T00:10:08.862+09:00
13256822844,10개입 토네이도 골프화징 세트 스파이크 필드용품 스파이크징 골프화 바닥 교체,10430,SALE,가구/인테리어>인테리어소품>기타장식용품,9999,2026-03-28T00:10:04.763+09:00
13256821908,캠핑용 접이식 수저 세트 휴대용 스테인리스 커트러리 세트 핑크,18250,SALE,스포츠/레저>캠핑>취사용품>기타취사용품,999,2026-03-28T00:09:46.435+09:00
13256821696,지워지는 중성펜 6개입 필기구 볼펜 세트 학생 사무용 문구 단체 선물 준비물,14700,SALE,생활/건강>문구/사무용품>필기도구>볼펜,9999,2026-03-28T00:09:42.535+09:00
13256821525,탱크 자동차 장난감 2개 세트 회전 주행 작동완구 단체 선물,18420,SALE,생활/건강>문구/사무용품>문구용품>기타문구용품,9999,2026-03-28T00:09:39.321+09:00
13256821338,말랑볼 스퀴시 6개 세트 촉감 놀이 주물럭 말랑이 단체 선물 완구,29560,SALE,출산/육아>완구/인형>미술놀이>기타미술놀이,9999,2026-03-28T00:09:35.777+09:00
13256821162,쿠션 스티커 8개 세트 볼록 말랑 데코 꾸미기 팬시 단체 선물,18420,SALE,생활/건강>문구/사무용품>문구용품>기타문구용품,9999,2026-03-28T00:09:32.346+09:00
13256820979,찐득볼 만들기 테이프 12개 세트 공예 놀이 점착볼 단체 선물,33270,SALE,생활/건강>문구/사무용품>문구용품>기타문구용품,9999,2026-03-28T00:09:28.735+09:00
13256820754,왁스볼 말랑이 스퀴시 6개 세트 촉감 놀이 주물럭 단체 선물 완구,24120,SALE,출산/육아>완구/인형>미술놀이>기타미술놀이,9999,2026-03-28T00:09:24.502+09:00
13256820551,발렌타인 양우산 3단 수동 봄맞이꽃 자외선 차단 접이식 우산 1개,19580,SALE,패션잡화>패션소품>기타패션소품,9999,2026-03-28T00:09:20.708+09:00
13252093548,DIY 꾸미기 곰돌이 자수 패치 와팬 16종 세트,21770,SALE,패션잡화>패션소품>와펜,9999,2026-03-27T00:16:56.627+09:00
13252093380,니트 해바라기 화분 장식 풍수 행운 장식 소품 선물,11450,SALE,가구/인테리어>인테리어소품>장식인형,9999,2026-03-27T00:16:53.453+09:00
13252093201,실용적인 손톱 관리 손톱깎이 세트 네일 도구 세트,5710,SALE,화장품/미용>네일케어>네일케어도구,999,2026-03-27T00:16:50.128+09:00
13252092999,깔끔한 위생 관리 손톱깎이 세트 휴대용 손톱 세트,5690,SALE,화장품/미용>네일케어>네일케어도구,999,2026-03-27T00:16:46.476+09:00
13252092783,판다 피규어 만년샤프 (6개),10800,SALE,생활/건강>문구/사무용품>필기도구>샤프,99999,2026-03-27T00:16:42.970+09:00
13252092552,대형 헥사타프 5M 캠핑 그늘막 세트 고밀도 방수 자외선차단,188510,SALE,스포츠/레저>캠핑>텐트/타프용품>기타텐트/타프용품,999,2026-03-27T00:16:38.807+09:00
13252092347,DIY 곰돌이 자수 패치 와팬 16종 세트,21770,SALE,패션잡화>패션소품>와펜,9999,2026-03-27T00:16:35.582+09:00
13252092150,알루미늄 삼각자 20cm자 4종 세트 블랙,6740,SALE,생활/건강>문구/사무용품>제도용품>제도용자,9999,2026-03-27T00:16:31.867+09:00
13252091946,알루미늄 삼각자 15cm자 4종 세트 블루,6270,SALE,생활/건강>문구/사무용품>제도용품>제도용자,9999,2026-03-27T00:16:28.669+09:00
13252091769,알루미늄 삼각자 15cm자 4종 세트 블랙,6270,SALE,생활/건강>문구/사무용품>제도용품>제도용자,9999,2026-03-27T00:16:25.415+09:00
13252091584,소풍 피크닉 칼라 캠핑 돗자리 중형 2-3인용 랜덤,14810,SALE,생활/건강>생활용품>생활선물세트,9999,2026-03-27T00:16:22.098+09:00
13252091403,이순신 명장 키즈 장난감 완구 활 검 칼 놀이 세트,37350,SALE,출산/육아>완구/인형>작동완구>팽이,100,2026-03-27T00:16:18.851+09:00
13252091221,간편 밀대걸레 부직포 청소포 세트,27710,SALE,생활/건강>청소용품>밀대/패드,9999,2026-03-27T00:16:15.609+09:00
13252091044,자외선차단 삼각 그늘막 3M 캠핑 타프 차박용 방수 가림막 세트,44770,SALE,스포츠/레저>캠핑>텐트/타프용품>기타텐트/타프용품,999,2026-03-27T00:16:12.434+09:00
13252090843,스테인리스 캠핑 바베큐 꼬치 5P 세트 슬라이드 플랫 구이 도구,21300,SALE,디지털/가전>계절가전>히터>가스히터,999,2026-03-27T00:16:08.943+09:00
13252090653,스테인리스 플랫 바베큐 꼬치 35cm 5P 세트 캠핑 조리 도구,19180,SALE,디지털/가전>계절가전>히터>가스히터,999,2026-03-27T00:16:05.560+09:00
13252090280,캠핑 바베큐 꼬치 12P 세트 스텐 플랫 꼬챙이 31cm 직화 구이,23430,SALE,디지털/가전>계절가전>히터>가스히터,999,2026-03-27T00:15:59.464+09:00
13252090102,캠핑 바베큐 조리기구 9종 세트 스테인리스 야외 주방 키친툴,45700,SALE,스포츠/레저>캠핑>취사용품>기타취사용품,999,2026-03-27T00:15:56.242+09:00
13252089916,스테인리스 캠핑 조리도구 20P 세트 바베큐 주방 키친툴 세트,51930,SALE,스포츠/레저>캠핑>취사용품>기타취사용품,999,2026-03-27T00:15:53.092+09:00
13252089728,텐트 고정 단조팩 5종 세트 타프 스트링 망치 구성 텐트 고정,24350,SALE,스포츠/레저>캠핑>텐트/타프용품>기타텐트/타프용품,999,2026-03-27T00:15:49.807+09:00
13252089534,캠핑용 고체연료 알코올 버너 2개 세트 휴대용 미니 스토브,18120,SALE,디지털/가전>계절가전>히터>가스히터,999,2026-03-27T00:15:46.606+09:00
13252089345,스테인리스 바베큐 꼬챙이 10P 40cm 캠핑용 구이 꼬치 세트,47560,SALE,디지털/가전>계절가전>히터>가스히터,999,2026-03-27T00:15:43.324+09:00
13252089154,욕실 해바라기 샤워기 수전 세트 높이조절 폭포수 대형 헤드 10번,78110,SALE,생활/건강>욕실용품>샤워기>일반샤워기,9999,2026-03-27T00:15:40.071+09:00
13252088873,휴대용 캠핑 커트러리 4인 세트 스텐 식기 키트 사각 수납함,79250,SALE,스포츠/레저>캠핑>취사용품>기타취사용품,999,2026-03-27T00:15:34.792+09:00
13252088686,손잡이 캐치 라켓볼 세트 (1set) 핑퐁 핸드라켓 미니스포츠,8840,SALE,출산/육아>완구/인형>스포츠완구>야구/캐치볼,9999,2026-03-27T00:15:31.460+09:00
13252088514,캠핑 텐트 타프 고정용 단조팩 4종 세트 실버 강철 단조 팩,25680,SALE,스포츠/레저>캠핑>텐트/타프용품>기타텐트/타프용품,999,2026-03-27T00:15:28.264+09:00
13252088312,강철 단조팩 망치 세트 옐로우 텐트 고정용품 타프 보조 도구,25680,SALE,스포츠/레저>캠핑>텐트/타프용품>기타텐트/타프용품,999,2026-03-27T00:15:24.914+09:00
13252088117,캠핑용 캔버스 그네 해먹 2인용 200x150 휴대용 로프 세트,44240,SALE,스포츠/레저>캠핑>캠핑가구>해먹,999,2026-03-27T00:15:21.690+09:00
13252087943,다용도 화분 자갈 야광 수족관 조경 장식 색자갈 상토,7500,SALE,생활/건강>정원/원예용품>자갈/모래/흙,9999,2026-03-27T00:15:18.574+09:00
13252087749,터미널 전선 연결 배선 와이어 크림프 압착 단자 세트,42650,SALE,생활/건강>공구>전기용품>기타 전기용품,9999,2026-03-27T00:15:15.325+09:00
13252087577,베란다 텃밭 화분+받침대세트 채소 상추 대파키우기,25730,SALE,생활/건강>정원/원예용품>화분,9999,2026-03-27T00:15:12.162+09:00
13252087372,접이식 원예툴 가방 의자 세트,51540,SALE,생활/건강>문구/사무용품>문구용품>문구세트,999,2026-03-27T00:15:09.005+09:00
13252087205,와인수납 화분 14x22cm 벽걸이 카페인테리어소품,22760,SALE,생활/건강>정원/원예용품>화분,999,2026-03-27T00:15:05.718+09:00
13252086993,다용도 화분 자갈 야광 혼합컬러 원예용 색자갈,7500,SALE,생활/건강>정원/원예용품>자갈/모래/흙,9999,2026-03-27T00:15:02.425+09:00
13252086813,미니언즈 휴대용 빨대 뚜껑캡 케이스 세트 1P 생수 음료 마개 스토퍼,21700,SALE,생활/건강>주방용품>주방잡화>일회용빨대,9999,2026-03-27T00:14:59.154+09:00
13252086639,톰과제리 세라믹 밥그릇 세트 1P 선물 집들이 선물 자취생 식기 소품,33110,SUSPENSION,생활/건강>주방용품>식기>홈세트,9999,2026-03-27T00:14:55.941+09:00
13252086439,베란다 브라켓 선반 수납 받침대 멀티 창틀 다용도 화분,26340,SALE,생활/건강>수납/정리용품>선반/진열대>스탠드선반/진열대,999,2026-03-27T00:14:52.858+09:00
13252086258,브라켓 멀티 다용도 베란다 화분 수납 창틀 1+1 선반,47960,SALE,생활/건강>수납/정리용품>선반/진열대>스탠드선반/진열대,999,2026-03-27T00:14:49.948+09:00
13252086090,마카 에어브러쉬 키트 세트 1P 전동 스프레이 18색 컬러 아트,47030,SALE,생활/건강>화방용품>조소/판화용품>조소용품,9999,2026-03-27T00:14:47.023+09:00
13252085878,차량 천정 차량그물망 78x53cm 차수납 수납망,52600,SALE,생활/건강>자동차용품>수납용품>차량용포켓,999,2026-03-27T00:14:43.586+09:00
13252085718,수납함 조수석 자동차 포터2 차량용 운전석,61610,SALE,생활/건강>자동차용품>수납용품>차량용포켓,999,2026-03-27T00:14:40.490+09:00
13252085521,패브릭 다용도수납통 소품 정리박스 세트 옷보관 접이식,16800,SALE,생활/건강>반려동물>리빙용품>하우스,999,2026-03-27T00:14:37.161+09:00
13252085340,비즈수납케이스 개별 64P 케이스 세트 수납 다용도미니수납케이스,33900,SALE,생활/건강>반려동물>리빙용품>하우스,999,2026-03-27T00:14:34.107+09:00
13252085179,쫑긋곰 코넬노트 (8개),17860,SALE,생활/건강>문구/사무용품>노트/수첩>노트,999,2026-03-27T00:14:30.989+09:00
13252084977,와인수납 화분 벽걸이 카페인테리어소품 14x22cm,22760,SALE,생활/건강>정원/원예용품>화분,999,2026-03-27T00:14:27.751+09:00
13252084784,콘솔 정리 PU중앙 가방 수납함 포켓보관 인조가죽 자동차 다용도 차량용 주머니 멀티 멀티,39740,SALE,가구/인테리어>수납가구>소품수납함,999,2026-03-27T00:14:24.655+09:00
13252084602,받침대 멀티 화분 선반 창틀 다용도 베란다 브라켓 수납,26340,SALE,생활/건강>수납/정리용품>선반/진열대>스탠드선반/진열대,999,2026-03-27T00:14:21.305+09:00
13252084417,수납 브라켓 1+1 선반 창틀 다용도 멀티 화분 베란다,47960,SALE,생활/건강>수납/정리용품>선반/진열대>스탠드선반/진열대,999,2026-03-27T00:14:18.202+09:00
13252084237,10개입 골프화 회오리징 세트 골프 스파이크 슬림락 골프화징,15730,SALE,생활/건강>생활용품>생활선물세트,9999,2026-03-27T00:14:15.108+09:00
13252084053,10개입 나사형 스파이크징 세트 교체용 골프 나사징 골프화징 스파이크,10700,SALE,생활/건강>생활용품>생활선물세트,9999,2026-03-27T00:14:11.899+09:00
13252083844,심플디자인 케이블 정리 홀더 4종 세트,6320,SALE,디지털/가전>PC부품>튜닝용품>기타튜닝용품,9999,2026-03-27T00:14:08.129+09:00
13252083646,올림머리 실핀 케이스 세트 50개입,5130,SALE,패션잡화>헤어액세서리>헤어핀,9999,2026-03-27T00:14:04.942+09:00
13252083476,플유 헤어빗 꾸미기 세트 1박스 12개입 볼꾸 동대문 빗꾸 펜꾸 꾸미기 재료 비즈볼,47560,SALE,생활/건강>반려동물>미용/목욕>브러시/빗,493,2026-03-27T00:14:01.851+09:00
13252083286,양변기 커버 고정 부품 세트 변기 시트 연결 나사 볼트 너트 호환용,5480,SALE,가구/인테리어>DIY자재/용품>접착제/보수용품,9999,2026-03-27T00:13:58.769+09:00
13252083100,강원전자 넷메이트 네트워크 공구 세트 HT-2568G2,296550,SALE,디지털/가전>네트워크장비>KVM스위치,999,2026-03-27T00:13:55.554+09:00
13252082920,월드카 NEW 소방차 세트 1개 파워키 사다리차 지휘본부차 순찰차 자동차 장난감 어린이날 생일선물,49680,SALE,출산/육아>완구/인형>작동완구>자동차,9999,2026-03-27T00:13:52.346+09:00
13252082731,연마비트 세트 맨드렐 4pcs 원형 디스크 12pcs BF443,18120,SALE,생활/건강>공구>전동공구>전동공구액세서리,9999,2026-03-27T00:13:49.086+09:00
13252082315,시트 랩핑 프라모델 커터칼 14종 교체형 칼날 세트,24220,SALE,생활/건강>공구>수작업공구>기타수작업공구,160,2026-03-27T00:13:41.695+09:00
13252082126,세트 티볼구 경기 야구 베이스볼 공 2p 스타 티볼 공,13480,SALE,스포츠/레저>야구>기타야구용품,160,2026-03-27T00:13:38.575+09:00
13252081943,세트 훈련 접시콘 2색 24p 15cm 스타 축구 라운드마커,67050,SALE,스포츠/레저>축구>기타축구용품,160,2026-03-27T00:13:35.459+09:00
13252081780,연마 비트 세트 10pcs 연마날 드릴형 0.3-1.2mm BF445,13080,SALE,생활/건강>공구>전동공구>전동공구액세서리,9999,2026-03-27T00:13:32.402+09:00
13252081583,마이미 대학노트 (2개),12290,SALE,생활/건강>문구/사무용품>노트/수첩>노트,999,2026-03-27T00:13:29.148+09:00
13252081383,레인 샤워기 대헤드 200 화이트 세트 욕실 교체용 수전,26980,SALE,생활/건강>욕실용품>샤워기>일반샤워기,9999,2026-03-27T00:13:25.646+09:00
13252081119,퓨어 베어 부드러운 촉감 순면팬티 5종세트 여성용 면 팬티 세트 편안한 데일리 속옷 위생적인 순면 언더웨,14410,SALE,패션의류>여성언더웨어/잠옷>팬티,9999,2026-03-27T00:13:20.969+09:00
13252080926,절수형 수압상승 샤워기 헤드 메탈 호스 세트 1.5m 거치대 포함,22600,SALE,생활/건강>욕실용품>샤워기>일반샤워기,9999,2026-03-27T00:13:17.878+09:00
13252080650,절수형 샤워기헤드 메탈호스 세트 화이트걸이 1.5m 구성,18610,SALE,생활/건강>욕실용품>샤워기>일반샤워기,9999,2026-03-27T00:13:13.130+09:00
13252080383,수압상승 회전 샤워기 헤드 고급 메탈호스 2m 화장실 거치대 세트,31930,SALE,생활/건강>욕실용품>샤워기>일반샤워기,9999,2026-03-27T00:13:08.361+09:00
13252080118,신축성 좋은 고급 실크 팬티 6개 세트 여성용 부드러운 언더웨어 편안한 착용감 데일리 속옷 세트 추천 소,23820,SALE,패션의류>여성언더웨어/잠옷>팬티,9999,2026-03-27T00:13:03.671+09:00
13252079939,베이지 베어 순면 코튼 팬티 5개 세트 여성용 면 팬티 세트 귀여운 곰돌이 패턴 속옷 편안한 데일리 속옷,15600,SALE,패션의류>여성언더웨어/잠옷>팬티,9999,2026-03-27T00:13:00.502+09:00
13252079738,어반라이크 촬영용 모형 책 5개 세트 인테리어 소품 책 가짜 책 카페 거실 서재 데코용 소품 추천,16000,SALE,가구/인테리어>인테리어소품>기타장식용품,9999,2026-03-27T00:12:57.165+09:00
13252079556,잔잔한 꽃 순면 팬티 5개 세트 여성용 면 팬티 세트 화사한 플라워 패턴 속옷 편안한 데일리 언더웨어 추천,14540,SALE,패션의류>여성언더웨어/잠옷>팬티,9999,2026-03-27T00:12:54.085+09:00
13252079328,해피 벌스데이 파티 배너 생일 파티 용품 이벤트 장식 가랜드 생일 축하 파티 소품 세트 인테리어 소품,12020,SALE,생활/건강>문구/사무용품>이벤트/파티용품>데코용품,9998,2026-03-27T00:12:50.391+09:00
13252079125,세탁기 급수호스 10M 원터치 연결관 수도꼭지 호스교체 세트,30590,SALE,디지털/가전>생활가전>세탁/건조기>일반세탁기,9999,2026-03-27T00:12:47.183+09:00
13252078931,세면대 벽걸이 고정 브라켓 세트 욕실 세면기 지지대 부속품 30cm,10800,SALE,가구/인테리어>DIY자재/용품>접착제/보수용품,9999,2026-03-27T00:12:43.986+09:00
13252078717,절수 샤워헤드 메탈호스 세트 1.5m 강력수압 욕실 거치대 포함,22220,SALE,생활/건강>욕실용품>샤워기>일반샤워기,9999,2026-03-27T00:12:40.838+09:00
13252078332,욕실 수도꼭지 스프레이건 베란다 스텐 미니건 2M 세트,34300,SALE,생활/건강>욕실용품>샤워기>일반샤워기,9999,2026-03-27T00:12:35.959+09:00
13252077907,유화 튜브 아크릴릭 미술 아크릴 물감 20ml 24색,73280,SALE,생활/건강>화방용품>물감/포스터컬러>아크릴물감,9999,2026-03-27T00:12:30.890+09:00
13252077539,세트 태극기 원형 부채 X10개 DIY 만들기 꾸미기 여름,35090,SALE,출산/육아>완구/인형>미술놀이>색칠공부,999,2026-03-27T00:12:25.962+09:00
13252077368,만들기대장 얼굴화분 꾸미기세트 다육식물,20910,SALE,출산/육아>완구/인형>미술놀이>색칠공부,999,2026-03-27T00:12:23.102+09:00
13252077199,바다 부채 만들기 여름 손부채 10개 1P 세트 꾸미기,28730,SALE,패션잡화>여행용가방/소품>캐리어소품,999,2026-03-27T00:12:20.213+09:00
13252077016,꾸미기세트 만들기대장-다육식물 달팽이화분,22500,SALE,출산/육아>완구/인형>미술놀이>종이접기,999,2026-03-27T00:12:16.998+09:00
13252076830,풍선꽂이 세트 70cm 행사풍선 놀이공원풍선,13750,SUSPENSION,생활/건강>문구/사무용품>이벤트/파티용품>풍선/풍선용품,999,2026-03-27T00:12:13.825+09:00
13252076511,6종 글씨스티커 스티커꾸미기 다이어리 세트 스티커,23430,SUSPENSION,디지털/가전>주변기기>프린터>라벨프린터,999,2026-03-27T00:12:08.490+09:00
13252076309,해골 어린이집할로윈 할로윈 야광 세트 아이방꾸미기,22100,SALE,생활/건강>문구/사무용품>이벤트/파티용품>데코용품,999,2026-03-27T00:12:05.245+09:00
13252076056,X10개 DIY 원형 여름 부채 태극기 꾸미기 만들기 세트,35090,SALE,출산/육아>완구/인형>미술놀이>색칠공부,999,2026-03-27T00:12:02.115+09:00
13252075812,만들기대장 얼굴화분 다육식물 꾸미기세트,20910,SALE,출산/육아>완구/인형>미술놀이>색칠공부,999,2026-03-27T00:11:58.937+09:00
13252075558,물푸레 (우성공예) 공기 10p 세트 원목제기 /수저,71430,SALE,생활/건강>주방용품>제수용품>제기세트,999,2026-03-27T00:11:55.587+09:00
13252072694,이불 의류정리 압축팩 에어 압축펌프 위생 진공압축기,5310,SALE,생활/건강>수납/정리용품>압축팩,999,2026-03-27T00:11:13.040+09:00
13252071960,몬스테라 줄기 식물지지대 화분 식물 고정 지지대,3520,SALE,생활/건강>정원/원예용품>원예부자재,999,2026-03-27T00:11:00.264+09:00
13252071766,캠핑 2인용 롤 테이블 접이식 의자 세트 피크닉 야외용 식탁,239960,SALE,스포츠/레저>캠핑>텐트/타프용품>기타텐트/타프용품,999,2026-03-27T00:10:56.991+09:00
13252071507,캠핑 스테인리스 그리들 30cm 전용 가방 세트 야외 바베큐 불판,64800,SALE,스포츠/레저>캠핑>취사용품>기타취사용품,999,2026-03-27T00:10:53.893+09:00
13252071041,신발 장식 파츠 세트 꾸미기 액세서리 참 운동화 포인트 패션 소품,21600,SALE,패션잡화>신발용품>신발끈,9999,2026-03-27T00:10:48.261+09:00
13252070745,컬러 슬라임 지우개 60개 세트 소프트 타입 모양 답례품 단체 선물,40690,SALE,생활/건강>문구/사무용품>문구용품>지우개,9999,2026-03-27T00:10:45.099+09:00
13252070550,LED 팽이 세트 2개 스태킹 배틀 회전 놀이 불빛 장난감 단체 선물,11920,SALE,생활/건강>문구/사무용품>문구용품>기타문구용품,9999,2026-03-27T00:10:41.968+09:00
13252070348,12색 미니 사인펜 세트 4개입 필기구 미술 놀이 단체 선물 문구세트,18420,SALE,생활/건강>문구/사무용품>필기도구>네임펜,9999,2026-03-27T00:10:38.692+09:00
13252070148,우주 미니 수첩 30개 세트 무지 노트 메모장 답례품 단체 선물,10330,SUSPENSION,생활/건강>문구/사무용품>노트/수첩>수첩,9999,2026-03-27T00:10:35.127+09:00
13252069945,B심 샤프심 12개입 0.5mm 필기구 리필심 학생 문구 단체 선물 세트,10330,SALE,생활/건강>문구/사무용품>필기도구>샤프,9999,2026-03-27T00:10:31.978+09:00
13252069749,0.5mm 젤리 샤프 12개입 학생 필기구 문구 단체 선물 준비물,10330,SALE,생활/건강>문구/사무용품>필기도구>샤프,9999,2026-03-27T00:10:28.517+09:00
13252069534,DIY 모루 인형 만들기 키트 6개 세트 철사 공예 놀이 단체 선물,25840,SALE,출산/육아>완구/인형>미술놀이>종이접기,9999,2026-03-27T00:10:25.202+09:00
13252069290,애니멀 파이프 공띄우기 2개 세트 폐활량 놀이 배틀 게임 단체 선물 완구,16160,SALE,출산/육아>교구>학습보드게임,9999,2026-03-27T00:10:21.554+09:00
13252069017,4B 블랙 지우개 36개 세트 사각 타입 필기 수정 답례품 단체 선물,25840,SALE,생활/건강>문구/사무용품>문구용품>지우개,9999,2026-03-27T00:10:18.074+09:00
13252068782,동물 운반 캐리어 자동차 공구 놀이 피규어 세트 역할 단체 선물 장난감,36850,SALE,생활/건강>수집품>무선/RC>자동차,9999,2026-03-27T00:10:14.859+09:00
13252068543,피규어 카트리지 연필세트 20개입 학생 필기구 문구 단체 선물 답례품,28360,SALE,생활/건강>문구/사무용품>필기도구>연필,9999,2026-03-27T00:10:11.417+09:00
13252068339,픽셀 블럭 3개 세트 스펀지 웨폰 조립 놀이 블록 단체 선물 완구,23320,SALE,출산/육아>완구/인형>블록>기타블록,9999,2026-03-27T00:10:08.308+09:00
13252068131,카피바라 데일리 블럭 4개 세트 미니 조립 블록 완구 단체 선물,33270,SALE,출산/육아>완구/인형>블록>기타블록,9999,2026-03-27T00:10:05.155+09:00
13252067887,트윈 마카펜 48색 세트 미술 그림 그리기 드로잉 컬러 마커 단체 선물,27570,SALE,생활/건강>문구/사무용품>문구용품>기타문구용품,9999,2026-03-27T00:10:01.753+09:00
13252067645,오로라 펄 슬라임 9개입 액체괴물 촉감 놀이 반짝이 단체 선물 세트,24120,SALE,출산/육아>완구/인형>미술놀이>기타미술놀이,9999,2026-03-27T00:09:58.531+09:00
13252067462,캐치볼 세트 2개 던지기 놀이 공 야외 활동 단체 선물 완구,20800,SALE,생활/건강>문구/사무용품>문구용품>기타문구용품,9999,2026-03-27T00:09:55.365+09:00
13252067244,캐릭터 가로형 15칸 노트 10권 묶음 받아쓰기 깍두기 공책 학습 준비물,22130,SALE,생활/건강>문구/사무용품>노트/수첩>노트,9999,2026-03-27T00:09:51.716+09:00
13252067045,작은 새 모양 스퀴시 6개 세트 촉감 놀이 주물럭 말랑이 미니 인형 단체 선물,14700,SALE,출산/육아>완구/인형>미술놀이>기타미술놀이,9999,2026-03-27T00:09:48.328+09:00
13252066854,아쿠아 물감 놀이 중식 만들기 세트 소꿉 모형 공예 단체 선물,20800,SALE,출산/육아>완구/인형>미술놀이>종이접기,9999,2026-03-27T00:09:45.065+09:00
13252066597,고양이 토스트 말랑이 스퀴시 3개 세트 촉감 놀이 주물럭 단체 선물 완구,18420,SALE,출산/육아>완구/인형>미술놀이>기타미술놀이,9999,2026-03-27T00:09:41.809+09:00
13252066311,클리어 슬라임 12개 세트 촉감 놀이 액체 괴물 투명 만들기 단체 선물,18420,SALE,출산/육아>완구/인형>미술놀이>기타미술놀이,9999,2026-03-27T00:09:38.508+09:00
13252066036,캐릭터 종합장 10권 세트 단체 선물 미니 스케치북 그림일기 노트,28360,SALE,생활/건강>문구/사무용품>노트/수첩>노트,9999,2026-03-27T00:09:35.237+09:00
13252065779,캐릭터 점착 메모지 20개 세트 스티키 노트 문구 단체 선물 메모패드,40690,SALE,생활/건강>문구/사무용품>문구용품>기타문구용품,9999,2026-03-27T00:09:31.943+09:00
13252065570,DIY 공구 트럭 중장비 조립완구 4종 세트 불도저 포크레인 단체 선물 장난감,17220,SALE,생활/건강>수집품>무선/RC>자동차,9999,2026-03-27T00:09:28.788+09:00
13252065366,PP 인덱스 스프링 노트 2권 세트 학습루틴 공부 정리 필기 공책 단체 선물,28360,SALE,생활/건강>문구/사무용품>노트/수첩>노트,9999,2026-03-27T00:09:25.339+09:00
13252065189,칸넓은 학습 노트 8권 세트 코넬식 필기 공부 스프링 공책 단체 선물 학습용,23320,SALE,생활/건강>문구/사무용품>노트/수첩>노트,9999,2026-03-27T00:09:22.173+09:00
13252064963,레인샤워 대형 헤드 100 화이트 세트 욕실 샤워기 교체용,33450,SALE,생활/건강>욕실용품>샤워기>일반샤워기,9999,2026-03-27T00:09:18.426+09:00
13252064689,레인샤워 대헤드 핸디 샤워기 세트 욕실 실버 수전 교체용,27930,SALE,생활/건강>욕실용품>샤워기>일반샤워기,9999,2026-03-27T00:09:13.733+09:00
13252064435,레인샤워기 대형 해바라기헤드 레드 세트 욕실 수전 교체용,26410,SALE,생활/건강>욕실용품>샤워기>일반샤워기,9999,2026-03-27T00:09:09.022+09:00
13252064108,레인샤워 대형 원형 샤워헤드 블랙 세트 욕실 부품 교체용,26410,SALE,생활/건강>욕실용품>샤워기>일반샤워기,9999,2026-03-27T00:09:04.077+09:00
13252063840,고점착 돌돌이 10cm 청소기 본품 리필 2개 세트 2매입,16700,SALE,생활/건강>청소용품>테이프클리너,9999,2026-03-27T00:08:59.353+09:00
13252063654,수압상승 샤워기 헤드 고급 메탈호스 2m 세트 욕실 절수용품,31930,SALE,생활/건강>욕실용품>샤워기>일반샤워기,9998,2026-03-27T00:08:56.114+09:00
13252063360,절수형 수압상승 샤워기 헤드 메탈호스 1.5m 세트 교체용 구성,22400,SALE,생활/건강>욕실용품>샤워기>일반샤워기,9999,2026-03-27T00:08:51.288+09:00
13252063077,뒤집힘방지 뿔 샤워헤드 고급 메탈호스 세트 2m 욕실 샤워기 교체용,21830,SALE,생활/건강>욕실용품>샤워기>일반샤워기,9996,2026-03-27T00:08:46.430+09:00
13252062770,절수형 마사지 샤워기 헤드 스텐 메탈호스 세트 2m 목욕탕 교체용,18610,SALE,생활/건강>욕실용품>샤워기>일반샤워기,9997,2026-03-27T00:08:41.552+09:00
13252062486,3단 분사 안마 샤워기 스텐 호스 1.5m 거치대 욕실 샤워 줄 세트,26980,SALE,생활/건강>욕실용품>샤워기>일반샤워기,9997,2026-03-27T00:08:36.586+09:00
13252062246,강력 분사 안마 샤워기 스텐 호스 세트 1.5m 욕실 목욕탕 샤워줄 교체용,24310,SALE,생활/건강>욕실용품>샤워기>일반샤워기,9999,2026-03-27T00:08:31.902+09:00
13252061469,다기능 고압 분사기 메탈호스 세트 3m 욕실 베란다 정원 청소용 건,19550,SALE,생활/건강>자동차용품>세차용품>호스,9999,2026-03-27T00:08:19.038+09:00
13252061290,무타공 창틀 선반 1+1 베란다 화분 거치대 다용도 벽선반 수납대,26980,SALE,생활/건강>수납/정리용품>선반/진열대>스탠드선반/진열대,9999,2026-03-27T00:08:15.691+09:00
13252061091,수압조절 폴딩 절수샤워기 헤드 메탈호스 1.5m 세트 교체용,21080,SALE,생활/건강>욕실용품>샤워기>일반샤워기,9999,2026-03-27T00:08:12.269+09:00
13252060807,폴딩 절수 샤워기 헤드 고급 메탈 호스 세트 1.5m 꼬임방지,25640,SALE,생활/건강>욕실용품>샤워기>일반샤워기,9999,2026-03-27T00:08:07.574+09:00
13252060505,절수형 꺾임 샤워기헤드 메탈호스 세트 2m 고압 수압상승 분사조절,31930,SALE,생활/건강>욕실용품>샤워기>일반샤워기,9999,2026-03-27T00:08:02.545+09:00
13252060157,절수 샤워기 헤드 수압조절 분사 메탈 호스 세트 1.5m 교체형,30970,SALE,생활/건강>욕실용품>샤워기>일반샤워기,9999,2026-03-27T00:07:57.780+09:00
13252059803,폴딩 절수 샤워기 헤드 고급 메탈 호스 1.5m 거치대 세트,35730,SALE,생활/건강>욕실용품>샤워기>일반샤워기,9999,2026-03-27T00:07:53.159+09:00
13252059425,폴딩 절수 샤워헤드 튼튼한 고급 메탈 호스 2m 세트 욕실용,36120,SALE,생활/건강>욕실용품>샤워기>일반샤워기,9999,2026-03-27T00:07:48.072+09:00
13252059088,강력분사 샤워기헤드 스텐메탈호스 1.5m 욕실거치대 세트 구성,17270,SALE,생활/건강>욕실용품>샤워기>일반샤워기,9999,2026-03-27T00:07:43.230+09:00
13252058805,강력 분사 돌출형 샤워기 헤드 꼬임방지 고급 메탈호스 2m 세트,24310,SALE,생활/건강>욕실용품>샤워기>일반샤워기,9999,2026-03-27T00:07:38.436+09:00
13252058517,수압상승 절수형 샤워기 헤드 메탈호스 1.5m 거치대 세트 구성,25070,SALE,생활/건강>욕실용품>샤워기>일반샤워기,9999,2026-03-27T00:07:33.185+09:00
13252058212,올크롬 욕실 샤워헤드 메탈호스 세트 2m 구성품 포함,21260,SALE,생활/건강>욕실용품>샤워기>일반샤워기,9999,2026-03-27T00:07:28.344+09:00
13252057916,초강력 절수 샤워기 헤드 고급 메탈호스 세트 1.5m 화이트 거치대포함,27550,SALE,생활/건강>욕실용품>샤워기>일반샤워기,9995,2026-03-27T00:07:23.442+09:00
13252057499,강력 절수 알루미늄 샤워기 헤드 고급 메탈 샤워호스 1.5m 세트,35920,SALE,생활/건강>욕실용품>샤워기>일반샤워기,9999,2026-03-27T00:07:18.437+09:00
13252057091,초강력 수압 절수 샤워기 헤드 2m 꼬임방지 황동 메탈호스 세트,29260,SALE,생활/건강>욕실용품>샤워기>일반샤워기,9996,2026-03-27T00:07:13.115+09:00
13252056701,3단 분사 안마 샤워기 헤드 꼬임방지 스텐 메탈호스 세트 1.5m,17460,SALE,생활/건강>욕실용품>샤워기>일반샤워기,9998,2026-03-27T00:07:07.920+09:00
13252056232,벚꽃 소주잔 세트 술따르면 꽃피는 술잔 4P DD-12234,16110,SALE,생활/건강>주방용품>잔/컵>다기/주기,999,2026-03-27T00:06:59.663+09:00
13252056014,Prokit(PT-5208U) 8V 무선 전동 그라인더 세트 PT783,112670,SALE,생활/건강>공구>전동공구>비트세트,9999,2026-03-27T00:06:55.816+09:00
13247130426,다용도 고압 분사기 메탈호스 세트 2m 베란다 청소 세차건 추천,17090,SALE,생활/건강>자동차용품>세차용품>호스,9999,2026-03-26T00:25:41.753+09:00
13247130216,구석먼지 제거기 틈새 청소도구 세트 초극세사 걸레 리필 2P 포함,20690,SALE,생활/건강>청소용품>밀대/패드,9999,2026-03-26T00:25:38.545+09:00
13247130024,리본도트 집순이 잠옷세트 여성 파자마 상하의 세트 도트무늬 실내복 귀여운 홈웨어 편안한 숙면 잠옷 데일,18780,SALE,패션의류>여성언더웨어/잠옷>시즌성내의>내복,9999,2026-03-26T00:25:35.324+09:00
13247129766,귀여운 두툼 주방 붕어빵 아크릴 수세미 1개 플러스 1개 증정 세트 핸드메이드 뜨개 수세미 설거지 도구 주,9630,SALE,생활/건강>주방용품>주방잡화>수세미,9999,2026-03-26T00:25:32.042+09:00
13247129553,스윗베어 네이비톤 순면팬티 5종세트 여성 면 팬티 세트 편안한 착용감 데일리 속옷 가성비 좋은 순면 언더,15340,SALE,패션의류>여성언더웨어/잠옷>팬티,9999,2026-03-26T00:25:28.711+09:00
13247129298,욕실 샤워기 헤드 메탈 호스 2m 세트 거치대 포함 구성,18800,SALE,생활/건강>욕실용품>샤워기>일반샤워기,9999,2026-03-26T00:25:25.289+09:00
13247128923,욕실 샤워기 헤드 고급 메탈 호스 1.5m 세트 거치대 포함,25450,SALE,생활/건강>욕실용품>샤워기>일반샤워기,9999,2026-03-26T00:25:20.613+09:00
13247128630,강력 수압 절수 샤워기 헤드 고급 황동 메탈호스 1.5m 세트,34210,SALE,생활/건강>욕실용품>샤워기>일반샤워기,9999,2026-03-26T00:25:15.926+09:00
13247128308,자석형 종이컵 디스펜서 수거함 세트 벽걸이 컵홀더 정리대,28690,SALE,생활/건강>주방용품>주방잡화>종이컵디스펜서,9999,2026-03-26T00:25:11.202+09:00
13247128110,소프트 솜사탕 순면팬티 5종 세트 여성용 면 팬티 세트 편안한 데일리 속옷 가성비 좋은 순면 언더웨어 세,14540,SALE,패션의류>여성언더웨어/잠옷>팬티,9999,2026-03-26T00:25:07.934+09:00
13247127886,시원한 아이스 쿨링 심리스 팬티 5개 세트 여성용 여름 기능성 속옷 무봉제 노라인 팬티 편안한 언더웨어,19450,SALE,패션의류>여성언더웨어/잠옷>팬티,9999,2026-03-26T00:25:04.688+09:00
13247127677,상큼 그린 내추럴 상하 세트 여성용 여름 트레이닝복 상하복 데일리 홈웨어 편안한 반팔 반바지 세트 추천,18780,SALE,패션의류>여성의류>정장세트,9999,2026-03-26T00:25:01.609+09:00
13247127454,투명 아크릴 책 모양 인테리어 꽃병 유니크한 디자인 화병 북 인테리어 소품 거실 화병 홈데코용 꽃병 추천,12420,SALE,가구/인테리어>인테리어소품>기타장식용품,9999,2026-03-26T00:24:58.159+09:00
13247127260,집순이 모던 스트라이프 잠옷 세트 여성용 파자마 상하복 편안한 면 소재 홈웨어 줄무늬 실내복 사계절용,25810,SALE,패션의류>여성언더웨어/잠옷>시즌성내의>내복,9999,2026-03-26T00:24:54.936+09:00
13247127009,달콤한 하루 잔잔한 꽃 파자마 세트 여성용 면 잠옷 상하복 편안한 홈웨어 플라워 패턴 실내복 사계절용,23820,SALE,패션의류>여성언더웨어/잠옷>시즌성내의>내복,9999,2026-03-26T00:24:51.658+09:00
13247126811,밀키 레이스 핑크빛 순면 팬티 5개 세트 여성용 면 팬티 세트 편안한 데일리 속옷 가성비 언더웨어 세트,15600,SALE,패션의류>여성언더웨어/잠옷>팬티,9999,2026-03-26T00:24:48.466+09:00
13247126588,청량 블루 리본 순면 팬티 5개 세트 여성용 면 팬티 세트 시원한 블루 컬러 속옷 리본 포인트 언더웨어,17590,SALE,패션의류>여성언더웨어/잠옷>팬티,9999,2026-03-26T00:24:45.286+09:00
13247126345,뉴욕 앤 파리 인테리어 소품 책 3개 세트 거실 서재 꾸미기 모형 책 촬영용 데코 소품 가짜 책 추천,10830,SALE,가구/인테리어>인테리어소품>기타장식용품,9999,2026-03-26T00:24:42.062+09:00
13247126116,포근한 수면 누빔 파자마 세트 여성용 겨울 잠옷 상하세트 따뜻한 극세사 홈웨어 실내 수면복 세트 추천,27800,SUSPENSION,패션의류>여성언더웨어/잠옷>시즌성내의>내복,9999,2026-03-26T00:24:38.819+09:00
13247125898,핑크 샤랄라 벚꽃 수세미 2개 세트 주방용 예쁜 디자인 수세미 설거지 도구 핸드메이드 뜨개 수세미 추천,10030,SALE,생활/건강>주방용품>주방잡화>수세미,9999,2026-03-26T00:24:35.568+09:00
13247125688,하트 패턴 사랑스러운 파자마 세트 여성용 면 잠옷 상하복 편안한 홈웨어 하트 무늬 실내복 사계절용,22630,SALE,패션의류>여성언더웨어/잠옷>시즌성내의>내복,9999,2026-03-26T00:24:32.346+09:00
13247125452,토끼 앤 당근 아크릴 수세미 2종 세트 주방용 귀여운 캐릭터 수세미 설거지 도구 핸드메이드 뜨개 수세미,9630,SALE,생활/건강>주방용품>주방잡화>수세미,9999,2026-03-26T00:24:28.997+09:00
13247125247,인견필 홑이불 블루 D Q 냉감 여름이불 초경량 침구 세트,27160,SALE,가구/인테리어>침구단품>홑이불,9999,2026-03-26T00:24:25.769+09:00
13247125032,달콤 바나나 상하 세트 여성용 여름 파자마 잠옷 상하복 귀여운 바나나 패턴 홈웨어 편안한 실내복 추천,14810,SALE,패션의류>여성의류>정장세트,9999,2026-03-26T00:24:22.572+09:00
13247124793,웨이브 모달 팬티 4개 세트 여성용 부드러운 언더웨어 편안한 착용감 노라인 심리스 팬티 세트 데일리 속옷,14540,SALE,패션의류>여성언더웨어/잠옷>팬티,9999,2026-03-26T00:24:19.328+09:00
13247124568,블루베어 소프트 순면 팬티 5개 세트 여성용 면 팬티 세트 귀여운 곰돌이 패턴 속옷 편안한 데일리 언더웨,14540,SALE,패션의류>여성언더웨어/잠옷>팬티,9999,2026-03-26T00:24:16.153+09:00
13247124339,슬림하게 탄탄 보정 팬티 6개 세트 여성용 몸매 보정 속옷 뱃살 보정 팬티 거들 편안한 기능성 언더웨어 추,20640,SALE,패션의류>여성언더웨어/잠옷>팬티,9999,2026-03-26T00:24:12.758+09:00
13247124092,모달 배색 노라인 팬티 7개 세트 여성용 심리스 팬티 세트 편안한 착용감 데일리 속옷 세트 가성비 언더웨,22630,SALE,패션의류>여성언더웨어/잠옷>팬티,9999,2026-03-26T00:24:09.563+09:00
13247123899,귀여운 흰둥이 강아지 필통 학생용 캐릭터 필기구 파우치 귀여운 강아지 모양 필통 학용품 보관 가방 소품,12020,SALE,생활/건강>문구/사무용품>필기도구>필통,9999,2026-03-26T00:24:06.531+09:00
13247123671,다용도 화장실 청소건 메탈호스 2m 세트 수압조절분사기,25070,SALE,생활/건강>욕실용품>샤워기>일반샤워기,9999,2026-03-26T00:24:03.335+09:00
13247123335,수압조절 변기 청소건 메탈호스 1.5m 세트,23740,SALE,생활/건강>욕실용품>샤워기>일반샤워기,9999,2026-03-26T00:23:58.543+09:00
13247123018,욕실 고압 청소건 멀티 샤워기 2m 세트 변기 수압조절 스프레이,30210,SALE,생활/건강>욕실용품>샤워기>일반샤워기,9999,2026-03-26T00:23:53.901+09:00
13247122692,자동차 사이드미러 윈도우 발수 코팅필름 4종 세트,10430,SALE,생활/건강>자동차용품>익스테리어용품>사이드미러,9999,2026-03-26T00:23:49.239+09:00
13247122463,레인샤워기 대형 헤드 200 블랙 세트 교체용 부속품 모음,26980,SALE,생활/건강>욕실용품>샤워기>일반샤워기,9999,2026-03-26T00:23:46.101+09:00
13247122143,베란다 청소건 다용도 스프레이건 화이트 5M 코일호스 세트 구성,38200,SALE,생활/건강>자동차용품>세차용품>호스,9999,2026-03-26T00:23:41.383+09:00
13247121924,다용도 분사기 코일호스 화이트 3M 세트 정원 세차 청소용 호스,25450,SALE,생활/건강>자동차용품>세차용품>호스,9999,2026-03-26T00:23:38.138+09:00
13247121733,정원 분사기 코일호스 화이트 5M 세트 베란다 세차 청소용 분무기,29260,SALE,생활/건강>자동차용품>세차용품>호스,9999,2026-03-26T00:23:35.267+09:00
13247121516,강력 분사 욕실 청소건 화이트 5M 코일호스 세트 수압상승 건,33250,SALE,생활/건강>자동차용품>세차용품>호스,9999,2026-03-26T00:23:32.069+09:00
13247121297,양변기 세척밸브 화장실 물내림 부속품 교체용 후레브 세트,82530,SALE,가구/인테리어>DIY자재/용품>접착제/보수용품,9999,2026-03-26T00:23:28.764+09:00
13247121061,세면대 자동팝업 원터치 배수구 트랩 셀프교체 부속 세트 25.5cm,15550,SALE,가구/인테리어>DIY자재/용품>접착제/보수용품,9999,2026-03-26T00:23:25.611+09:00
13247120821,대걸레 밀대 마대 마포걸레 극세사 가정용 청소밀대 세트,39070,SALE,생활/건강>청소용품>밀대/패드,9999,2026-03-26T00:23:22.421+09:00
13247120607,수압 상승 욕실 파워 스텐 샤워기 3종 세트 1.5M,25150,SALE,생활/건강>욕실용품>샤워기>일반샤워기,9999,2026-03-26T00:23:19.233+09:00
13247120288,캠퍼스 클립 샤프 0.5 (6개),10800,SALE,생활/건강>문구/사무용품>필기도구>샤프,99999,2026-03-26T00:23:14.431+09:00
13247120080,직장인 런치 소풍 통 보온 도시락 1140ml 세트,69170,SALE,생활/건강>주방용품>보관/밀폐용기>도시락통/찬합,9999,2026-03-26T00:23:11.190+09:00
13247119869,리무버 나사 탭 반대탭 공구 히다리탭 5PCS 세트,25150,SALE,생활/건강>공구>전동공구>전동공구액세서리,9999,2026-03-26T00:23:07.902+09:00
13247119652,응원용 학예회 체육대회 막대 풍선 꾸미기 4개 세트,7910,SALE,생활/건강>문구/사무용품>이벤트/파티용품>데코용품,9999,2026-03-26T00:23:04.495+09:00
13247119466,어린이 아동 DIY 비즈 파츠 볼꾸 볼펜 꾸미기 세트,11760,SALE,출산/육아>완구/인형>미술놀이>색칠공부,9999,2026-03-26T00:23:01.284+09:00
13247119265,로보카 폴리 기타 탬버린 북 나팔 악기 놀이 세트,67450,SALE,출산/육아>완구/인형>음악/악기놀이>기타음악/악기놀이,999,2026-03-26T00:22:58.095+09:00
13247118976,수납함 조수석 포터2 차량용 운전석 자동차,56710,SALE,생활/건강>자동차용품>수납용품>차량용포켓,999,2026-03-26T00:22:53.863+09:00
13247118774,철제 바구니+거치대 세트 메탈 바스켓 인테리어 소품 오브제 이동식 트롤리 스틸,76050,SALE,가구/인테리어>수납가구>소품수납함,987,2026-03-26T00:22:50.708+09:00
13247118575,생화 화분 가꾸기 키트 - 1인세트,11460,SALE,생활/건강>원예/식물>플라워소품만들기,999,2026-03-26T00:22:47.603+09:00
13247118362,(담터) 담터세트 12-2호 나눔 세트/율무 단호박 생각 대추 쌍화차 세트(1개입),52730,SALE,생활/건강>문구/사무용품>문구용품>문구세트,999,2026-03-26T00:22:44.177+09:00
13247118156,안빠지는 자유자재로 구부러지는 후크(5개 세트)소형,5790,SALE,가구/인테리어>인테리어소품>기타장식용품,9999,2026-03-26T00:22:41.050+09:00
13247117965,안빠지는 자유자재로 구부러지는 후크(10개 세트)소형,8180,SALE,가구/인테리어>인테리어소품>기타장식용품,9999,2026-03-26T00:22:38.158+09:00
13247117797,안빠지는 자유자재로 구부러지는 후크(5개 세트)대형,8440,SALE,가구/인테리어>인테리어소품>기타장식용품,9999,2026-03-26T00:22:35.217+09:00
13247117592,안빠지는 자유자재로 구부러지는 후크(10개 세트)대형,13220,SALE,가구/인테리어>인테리어소품>기타장식용품,9999,2026-03-26T00:22:32.324+09:00
13247117395,귀여운문구세트 꾸미기문구 치이카와 세트 캐릭터 테이프홀더 마스킹테이프,36150,SALE,생활/건강>문구/사무용품>다이어리/플래너>속지/포켓,999,2026-03-26T00:22:29.277+09:00
13247117155,세트 꾸미기 원형 만들기 부채 DIY 여름 X10개 독도,35090,SALE,출산/육아>완구/인형>미술놀이>색칠공부,999,2026-03-26T00:22:25.752+09:00
13247116951,꾸미기 만들기재료 털철사 모루 컬러 세트 10색,21700,SALE,생활/건강>문구/사무용품>문구용품>기타문구용품,999,2026-03-26T00:22:22.567+09:00
13247116571,가드닝소품 화분꾸미기 선인장 픽 화분 마블,12290,SALE,생활/건강>공구>원예공구>기타원예공구,999,2026-03-26T00:22:17.805+09:00
13247116353,화분꾸미기 화분 화분키우기 자동물주기 자동급수기 원예용품 화이트 텃밭물주기 6p,14010,SALE,생활/건강>공구>원예공구>기타원예공구,999,2026-03-26T00:22:14.589+09:00
13247116135,소품 화단장식 어항꾸미기 화분 테라리움 4개,19450,SALE,생활/건강>공구>원예공구>기타원예공구,999,2026-03-26T00:22:11.351+09:00
13247115931,벽 드림캐쳐 꾸미기 장식 구름 모빌 파티 세트 모형,21040,SALE,가구/인테리어>인테리어소품>기타장식용품,999,2026-03-26T00:22:08.273+09:00
13247115727,화분 데코 화분꾸미기 5cm 픽 화분장식인형,14540,SALE,생활/건강>수집품>모형/프라모델/피규어>피규어,999,2026-03-26T00:22:05.086+09:00
13247115493,페이퍼 파티 세트 앵무새 생일파티꾸미기 돌상소품,52200,SUSPENSION,생활/건강>문구/사무용품>이벤트/파티용품>데코용품,999,2026-03-26T00:22:01.701+09:00
13247115298,캐릭터 테이프홀더 귀여운문구세트 치이카와 꾸미기문구 마스킹테이프 세트,36150,SALE,생활/건강>문구/사무용품>다이어리/플래너>속지/포켓,999,2026-03-26T00:21:58.419+09:00
13247115089,꾸미기세트 사자화분 만들기대장-다육식물,23430,SALE,출산/육아>완구/인형>미술놀이>종이접기,999,2026-03-26T00:21:55.199+09:00
13247114886,독도 DIY X10개 원형 부채 여름 세트 꾸미기 만들기,35090,SALE,출산/육아>완구/인형>미술놀이>색칠공부,999,2026-03-26T00:21:51.985+09:00
13247114677,10개 부채 바다 꾸미기 1P 만들기 손부채 세트 여름,28730,SALE,패션잡화>여행용가방/소품>캐리어소품,999,2026-03-26T00:21:48.808+09:00
13247114495,꾸미기세트 만들기대장-다육식물 조리개화분,22500,SALE,출산/육아>완구/인형>미술놀이>종이접기,999,2026-03-26T00:21:45.663+09:00
13247114168,만들기대장-다육식물 달팽이화분 꾸미기세트,22500,SALE,출산/육아>완구/인형>미술놀이>종이접기,999,2026-03-26T00:21:40.874+09:00
13247113953,/수저 세트 (우성공예) 5p 물푸레 공기 원목제기,44770,SALE,생활/건강>주방용품>제수용품>제기세트,999,2026-03-26T00:21:37.696+09:00
13247113757,세트 모루 컬러 10색 만들기재료 털철사 꾸미기,21700,SALE,생활/건강>문구/사무용품>문구용품>기타문구용품,999,2026-03-26T00:21:34.658+09:00
13247112793,엠비코 미니 빗자루 + 쓰레받기세트 (색상선택불가) 방비세트,7430,SALE,생활/건강>청소용품>빗자루/쓰레받기,999,2026-03-26T00:21:19.725+09:00
13247111507,네임펜F(흑 1.0 12자루 모나미),15770,SALE,생활/건강>문구/사무용품>필기도구>네임펜,999,2026-03-26T00:20:59.752+09:00
13247111265,프레피만년필 잉크카트리지(흑색 10개입 플래티넘),11210,SALE,생활/건강>문구/사무용품>필기도구>만년필,999,2026-03-26T00:20:56.256+09:00
13247110580,식물 정리 몬스테라 줄기 식물지지대 화분 지지대,3510,SALE,생활/건강>정원/원예용품>원예부자재,999,2026-03-26T00:20:46.081+09:00
13247110393,대형 사각 헥사 타프 자외선 차단 그늘막 캠핑 텐트 가림막 세트,45970,SALE,스포츠/레저>캠핑>텐트/타프용품>기타텐트/타프용품,999,2026-03-26T00:20:42.881+09:00
13247110189,캠핑용 접이식 수납함 30L 방수 가방 세트 의류 보관함 정리함,46100,SALE,스포츠/레저>캠핑>텐트/타프용품>기타텐트/타프용품,999,2026-03-26T00:20:39.601+09:00
13247109818,30L 접이식 캠핑 박스 수납함 방수백 세트 다용도 폴딩 테이블,46100,SALE,스포츠/레저>캠핑>텐트/타프용품>기타텐트/타프용품,999,2026-03-26T00:20:33.870+09:00
13247109601,캠핑용 접이식 수납함 30L 방수백 포함 차량 트렁크 정리 정리함,46100,SALE,스포츠/레저>캠핑>텐트/타프용품>기타텐트/타프용품,999,2026-03-26T00:20:30.502+09:00
13247109368,경량 접이식 롤 테이블 58x58cm 캠핑용 야외 식탁 수납망 세트,152310,SALE,스포츠/레저>캠핑>텐트/타프용품>기타텐트/타프용품,999,2026-03-26T00:20:27.044+09:00
13247109155,공구 드라이버 세트 130 in 1 십자 일자 별 육각 비트 정밀 드라이버 IH778,55380,SALE,생활/건강>공구>전동공구>기타전동공구,9999,2026-03-26T00:20:23.803+09:00
13247108938,초경량 캠핑 그물 침대 야외 차박용 2인용 해먹 세트 휴대용,51930,SALE,스포츠/레저>캠핑>캠핑가구>해먹,999,2026-03-26T00:20:20.633+09:00
13247108730,스테인리스 40cm 캠핑 그리들 구이판 불판 전용 가방 세트,82170,SALE,스포츠/레저>캠핑>취사용품>기타취사용품,999,2026-03-26T00:20:17.337+09:00
13247108505,펜홀 압착기 세트 사각 압착기 스트리퍼 펜홀단자 1200pcs BF315,63340,SALE,디지털/가전>영상가전>영상가전액세서리>리모컨,9999,2026-03-26T00:20:14.200+09:00
13247108284,각도 조절 캠핑 야전침대 릴렉스 체어 접이식 의자 헤드쿠션 세트,158150,SALE,스포츠/레저>캠핑>캠핑가구>캠핑의자,999,2026-03-26T00:20:10.834+09:00
13247108015,캠핑용 접이식 수저 세트 휴대용 스테인리스 숟가락 젓가락 블루,18250,SALE,스포츠/레저>캠핑>취사용품>기타취사용품,999,2026-03-26T00:20:07.503+09:00
13247107783,1-2인용 캠핑 우드 스토브 미니 코펠 냄비 조리 도구 세트,125930,SALE,스포츠/레저>캠핑>취사용품>코펠,999,2026-03-26T00:20:03.690+09:00
13247107585,반려동물 강아지 진드기 제거기 2종 세트 DD-13334,6050,SALE,생활/건강>반려동물>미용/목욕>기타 미용/목욕용품,9999,2026-03-26T00:20:00.574+09:00
13247107392,대형 사각 파라솔 3000 야외 정원 테라스 그늘막 받침대 세트,1369320,SALE,스포츠/레저>캠핑>캠핑가구>파라솔,999,2026-03-26T00:19:57.498+09:00
13247107089,마더보드 청소용 와이어 브러쉬 세트 불순물제거 PCB BF405,14140,SALE,생활/건강>공구>접착용품>세정제/클리너,9999,2026-03-26T00:19:53.501+09:00
13247106885,옆으로 누운 고양이 자석 리마인더(랜덤 4개 세트),9770,SALE,생활/건강>문구/사무용품>문구용품>기타문구용품,9999,2026-03-26T00:19:50.322+09:00
13247106684,수축 튜브 세트 160개입 1mm-14mm BF436,6850,SALE,디지털/가전>휴대폰액세서리>휴대폰케이블,9999,2026-03-26T00:19:47.125+09:00
13247106474,멀티 클리닝 툴 세트 브러쉬 클리너 먼지제거 키보드 이어폰 BF449,19180,SALE,생활/건강>청소용품>테이프클리너,9999,2026-03-26T00:19:43.984+09:00
13247106261,초코식빵 모양 필통 파우치,14540,SALE,생활/건강>문구/사무용품>필기도구>필통,9999,2026-03-26T00:19:40.810+09:00
13247106055,강판 채칼 4종 세트 우엉 당근 채썰기 야채 슬라이서 다용도 주방 조리도구,33800,SALE,생활/건강>주방용품>칼/커팅기구>채칼/필러,9999,2026-03-26T00:19:37.742+09:00
13247105849,크라프트 유선 미니 노트 수첩 105x190 메모장 다이어리 속지 휴대용 기록장,5020,SALE,생활/건강>문구/사무용품>노트/수첩>노트,9999,2026-03-26T00:19:34.501+09:00
13247105612,플라스틱 원예 꽃삽 미니삽 화분 분갈이 흙삽 가드닝 식물키우기 원예도구,5550,SALE,생활/건강>원예/식물>미니화분,9999,2026-03-26T00:19:31.038+09:00
13247105419,크라프트 무지 미니 노트 수첩 105x190 메모장 다이어리 속지 휴대용 스케치북,5020,SALE,생활/건강>문구/사무용품>노트/수첩>노트,9999,2026-03-26T00:19:27.883+09:00
13247105227,셀프펌 헤어롤 10개입 컬링롤러 뿌리볼륨 웨이브 스타일링 미용도구 세트,10200,SALE,화장품/미용>뷰티소품>헤어소품>헤어롤,9999,2026-03-26T00:19:24.696+09:00
13247105011,스테인리스 주방칼 2종 세트 식도 과도 식칼 다용도 칼세트 주방,70000,SALE,가구/인테리어>주방가구>식탁/의자>식탁세트,9999,2026-03-26T00:19:21.564+09:00
13247104819,반려동물 진드기 제거기 2종 세트 강아지 고양이 틱 제거 클립 케어,7150,SALE,생활/건강>생활용품>생활선물세트,9999,2026-03-26T00:19:18.459+09:00
13247104627,셀프 꽃화관 만들기 세트 웨딩 촬영 소품 파티 플라워 헤어장식,19880,SALE,생활/건강>문구/사무용품>이벤트/파티용품>데코용품,9999,2026-03-26T00:19:15.373+09:00
13247104419,조립식 미니 축구골대 휴대용 축구연습 세트 실내외 놀이 스포츠,39370,SALE,스포츠/레저>축구>기타축구용품,9999,2026-03-26T00:19:12.179+09:00
13247104188,부활절 데코 스티커 2종 세트 다이어리 꾸미기 폰꾸 포인트 장식 계란 테마,5690,SALE,생활/건강>문구/사무용품>스티커>다꾸스티커,9999,2026-03-26T00:19:08.956+09:00
13247103948,키보드 키캡 키체인 3구 세트 차키 홀더 백참 열쇠고리 가방장식 소품,6220,SALE,패션잡화>패션소품>키홀더,9999,2026-03-26T00:19:05.698+09:00
13247103747,강력 접착 손잡이 2P 세트 가구 서랍 문 방문 고리 부착형,4360,SALE,생활/건강>생활용품>보안용품>도어락/안전고리,9999,2026-03-26T00:19:02.640+09:00
13247103527,입체 데코 스티커 6개 세트 비즈 포인트 꾸미기 다꾸 팬시 답례품 단체 선물,22130,SALE,생활/건강>문구/사무용품>스티커>다꾸스티커,9999,2026-03-26T00:18:59.584+09:00
13247103343,펄가루 세트 24개 반짝이 글리터 파우더 슬라임 네일 공예 꾸미기 재료,31010,SALE,생활/건강>문구/사무용품>문구용품>기타문구용품,9999,2026-03-26T00:18:56.500+09:00
13247103124,공룡 워터게임기 6개 세트 휴대용 물게임 레트로 미니 게임기 단체 선물 완구,22130,SALE,출산/육아>교구>학습보드게임,9999,2026-03-26T00:18:53.368+09:00
13247102901,곤충 태엽 장난감 6개 세트 배틀 작동완구 단체 선물 미니 완구,17220,SALE,생활/건강>문구/사무용품>문구용품>기타문구용품,9999,2026-03-26T00:18:50.235+09:00
13247102683,핑퐁 라켓볼 세트 2개 배틀 놀이 스포츠 장난감 단체 선물 완구,20270,SALE,생활/건강>문구/사무용품>문구용품>기타문구용품,9999,2026-03-26T00:18:47.014+09:00
13247102473,수박 에어 탱탱볼 12개 세트 공 놀이 소프트볼 말랑볼 단체 선물 완구,22130,SALE,출산/육아>완구/인형>스포츠완구>공/소프트볼,9999,2026-03-26T00:18:43.909+09:00
13247102255,곰모양 미니 지우개 42개 세트 캐릭터 필기 수정용 답례품 단체 선물,29560,SALE,생활/건강>문구/사무용품>문구용품>지우개,9999,2026-03-26T00:18:40.670+09:00
13247102048,10색 클레이 세트 컬러 점토 만들기 놀이 미술활동 단체 선물 교구 완구,10860,SALE,출산/육아>완구/인형>미술놀이>기타미술놀이,9999,2026-03-26T00:18:37.467+09:00
13247101850,픽셀 자석 블럭 36피스 2개 세트 쌓기 놀이 조립 블록 단체 선물 완구,28360,SALE,출산/육아>완구/인형>블록>자석블록,9999,2026-03-26T00:18:34.159+09:00
13247101619,3D 입체 데코 스티커 6개 세트 볼록 꾸미기 다이어리 팬시 답례품 단체 선물,19480,SALE,생활/건강>문구/사무용품>스티커>다꾸스티커,9999,2026-03-26T00:18:30.753+09:00
13247101392,행운 랜덤 지우개 뽑기 16개 세트 과일 아이스크림 모양 미니 답례품 단체 선물,27300,SALE,생활/건강>문구/사무용품>문구용품>지우개,9999,2026-03-26T00:18:27.592+09:00
13247101183,고양이 피규어 연필깎이 8개 세트 휴대용 수동 미니 답례품 단체 선물,23320,SALE,생활/건강>문구/사무용품>필기도구>연필깎이,9999,2026-03-26T00:18:24.499+09:00
13247100978,과일맛 구미젤리 츄잉캔디 혼합 6봉 세트 단체 선물 구디백 간식 디저트 모음,16160,SALE,식품>과자/베이커리>젤리,9999,2026-03-26T00:18:21.363+09:00
13247100743,문구세트 15개 샤프 지우개 연필 캡 연필깎이 답례품 단체 선물 세트,20670,SALE,생활/건강>문구/사무용품>문구용품>기타문구용품,9999,2026-03-26T00:18:18.267+09:00
13247100510,애니멀 랜덤 지우개 60개 세트 동물 모양 뽑기 미니 답례품 단체 선물,40690,SALE,생활/건강>문구/사무용품>문구용품>지우개,9999,2026-03-26T00:18:15.129+09:00
13247100320,심플 점착 메모지 8개 세트 스티키 노트 문구 단체 선물 메모패드,18420,SALE,생활/건강>문구/사무용품>노트/수첩>메모지,9999,2026-03-26T00:18:12.009+09:00
13247100117,레진아트 메이커 세트 액세서리 만들기 UV 램프 공예 놀이 단체 선물,28360,SALE,출산/육아>완구/인형>미술놀이>종이접기,9999,2026-03-26T00:18:08.891+09:00
13247099859,4B 지우개 24개 세트 잘 지워지는 사각 타입 미술용 필기 수정 단체 선물,18420,SALE,생활/건강>문구/사무용품>문구용품>지우개,9999,2026-03-26T00:18:05.346+09:00
13247099629,우주 미니 지우개 20개 세트 사각 타입 필기 수정 답례품 단체 선물,12720,SALE,생활/건강>문구/사무용품>문구용품>지우개,9999,2026-03-26T00:18:02.009+09:00
13247099450,플라스틱 자 15cm 24개 세트 준비물 문구 단체 선물,17220,SALE,생활/건강>문구/사무용품>문구용품>기타문구용품,9999,2026-03-26T00:17:58.814+09:00
13247099245,B심 우주 연필 15개입 학생 필기구 문구세트 학교 단체 선물 준비물,11520,SALE,생활/건강>문구/사무용품>필기도구>연필,9999,2026-03-26T00:17:55.735+09:00
13247099031,팝튜브 18개 세트 튜브 스프링 놀이 촉감 완구 단체 선물,25840,SALE,출산/육아>교구>학습보드게임,9999,2026-03-26T00:17:52.666+09:00
13247098815,랜덤 과일 지우개 뽑기 16개 세트 미니 조각 타입 답례품 단체 선물,27300,SALE,생활/건강>문구/사무용품>문구용품>지우개,9999,2026-03-26T00:17:49.334+09:00
13247098599,캐릭터 15칸 가로 노트 6권 묶음 문장쓰기 받아쓰기 학습 공책 세트,27570,SALE,생활/건강>문구/사무용품>노트/수첩>노트,9999,2026-03-26T00:17:46.281+09:00
13247098386,파이프 공띄우기 게임 12개 세트 폐활량 테스트 불기 놀이 배틀 완구 단체 선물,25840,SALE,출산/육아>교구>학습보드게임,9999,2026-03-26T00:17:43.057+09:00
13247098164,지우개 세트 10개 미술용 연필 수정 세밀 작업 답례품 단체 선물,28360,SALE,생활/건강>문구/사무용품>문구용품>지우개,9999,2026-03-26T00:17:39.867+09:00
13247097956,캔디샵 랜덤 지우개 60개 세트 미니어처 뽑기 타입 답례품 단체 선물,43610,SALE,생활/건강>문구/사무용품>문구용품>지우개,9999,2026-03-26T00:17:36.696+09:00
13247097733,LED 팽이 세트 3개 불빛 회전 슈팅 배틀 놀이 단체 선물 완구,19210,SALE,생활/건강>생활용품>생활선물세트,9999,2026-03-26T00:17:33.613+09:00
13247097525,컵라면 모양 지우개 12개 세트 미니어처 디자인 답례품 단체 선물,18420,SALE,생활/건강>문구/사무용품>문구용품>지우개,9999,2026-03-26T00:17:30.405+09:00
13247097332,레진아트 만들기 세트 쉐이커 공예 놀이 단체 선물 랜덤,23590,SALE,출산/육아>완구/인형>미술놀이>종이접기,9999,2026-03-26T00:17:27.277+09:00
13247097138,2026 탁상 달력 4개 세트 데스크 스케줄 관리 날짜 표시 사무실 책상 인테리어 캘린더,28360,SALE,생활/건강>문구/사무용품>다이어리/플래너>캘린더/달력,9999,2026-03-26T00:17:24.151+09:00
13247096933,패턴 에어 탱탱볼 10개 세트 공 놀이 소프트볼 말랑볼 단체 선물 완구,23320,SUSPENSION,출산/육아>완구/인형>블록>자석블록,9999,2026-03-26T00:17:21.021+09:00
13247096715,카피바라 미니 블럭 12개 세트 동물 나노 조립 블록 퍼즐 단체 선물 완구,25840,SALE,출산/육아>완구/인형>블록>기타블록,9999,2026-03-26T00:17:17.952+09:00
13247096497,3색 채점펜 세트 4개입 필기구 체크펜 교사용 문구 단체 선물 준비물,15900,SALE,생활/건강>화방용품>애니메이션용품>펜촉/펜대,9999,2026-03-26T00:17:14.843+09:00
13247096281,12색 블록 색연필 20개입 조립형 미술 놀이 색칠공부 단체 선물 세트,28360,SALE,생활/건강>화방용품>애니메이션용품>펜촉/펜대,9999,2026-03-26T00:17:11.476+09:00
13247095996,컬러 슬라임 12개입 액체괴물 촉감 놀이 투명 생크림 펄 단체 선물 세트,17220,SALE,출산/육아>완구/인형>감각발달완구>기타감각발달완구,9999,2026-03-26T00:17:07.352+09:00
13247095790,롤러 지우개 20개 세트 청소 콘셉트 캐릭터 필기 수정 답례품 단체 선물,28360,SALE,생활/건강>문구/사무용품>문구용품>지우개,9999,2026-03-26T00:17:04.202+09:00
13247095584,자동차 미니 블럭 4개 세트 조립 완구 레이싱카 스포츠카 단체 선물,38170,SALE,출산/육아>완구/인형>블록>기타블록,9999,2026-03-26T00:17:01.104+09:00
13247095361,레이싱카 미니 블럭 4개 세트 자동차 조립 완구 스포츠카 단체 선물,68010,SALE,출산/육아>완구/인형>블록>기타블록,9999,2026-03-26T00:16:57.941+09:00
13247095147,사각 미니 지우개 32개 세트 잘 지워지는 화이트 타입 답례품 단체 선물,23320,SALE,생활/건강>문구/사무용품>문구용품>지우개,9999,2026-03-26T00:16:54.416+09:00
13247094957,트윈 마카펜 60색 세트 미술 그림 그리기 드로잉 컬러 마커 단체 선물,32870,SALE,생활/건강>문구/사무용품>문구용품>기타문구용품,9999,2026-03-26T00:16:51.238+09:00
13247094741,트윈 마카펜 36색 세트 미술 그림 그리기 드로잉 컬러 마커 단체 선물,19480,SALE,생활/건강>문구/사무용품>문구용품>기타문구용품,9999,2026-03-26T00:16:48.074+09:00
13247094523,트윈 마카펜 24색 세트 미술 그림 그리기 드로잉 컬러 마커 단체 선물,16830,SALE,생활/건강>문구/사무용품>문구용품>기타문구용품,9999,2026-03-26T00:16:44.950+09:00
13247094330,행운 부적 지우개 32개 세트 미니 사각 타입 필기 수정 답례품 단체 선물,23320,SALE,생활/건강>문구/사무용품>문구용품>지우개,9999,2026-03-26T00:16:41.873+09:00
13247094123,고양이 슬라임 8개입 액체괴물 촉감 놀이 투명 타입 단체 선물 세트,21860,SALE,출산/육아>완구/인형>미술놀이>기타미술놀이,9999,2026-03-26T00:16:38.717+09:00
13247093919,메아리 마이크 6개 세트 에코 역할 놀이 노래 장난감 단체 선물,19610,SALE,출산/육아>완구/인형>역할놀이/소꿉놀이>기타역할놀이/소꿉놀이,9999,2026-03-26T00:16:35.545+09:00
13247093713,애니멀 육지동물 블럭 10개 세트 조립 만들기 블록 완구 단체 선물,28360,SALE,출산/육아>완구/인형>블록>기타블록,9999,2026-03-26T00:16:32.395+09:00
13247093522,24색 컬러 붓펜 세트 2개입 캘리그라피 드로잉 손글씨 미술 단체 선물,18420,SALE,생활/건강>문구/사무용품>필기도구>볼펜,9999,2026-03-26T00:16:29.312+09:00
13247093287,피규어 스탬프 4개 세트 응원 칭찬 도장 만년스탬프 학교 답례품 단체 선물,20800,SALE,생활/건강>문구/사무용품>문구용품>스테이플러/침,9999,2026-03-26T00:16:25.553+09:00
13247093083,36색 블랙우드 색연필 세트 드로잉 스케치 색칠 놀이 미술 단체 선물,22130,SALE,생활/건강>화방용품>애니메이션용품>펜촉/펜대,9999,2026-03-26T00:16:22.494+09:00
13247092867,여성 무압박 발목 양말 6종 세트 단목 데일리 여름 삭스 단체 선물,17220,SALE,패션잡화>양말>여성양말>중목/장목양말,9999,2026-03-26T00:16:19.174+09:00
13247092636,캔디 토이 구디백 선물 꾸러미 비즈 주물럭 기념품 세트 답례품 간식,20670,SALE,출산/육아>완구/인형>음악/악기놀이>마이크/노래방,9999,2026-03-26T00:16:15.770+09:00
13247092414,플라워 패드 편지지 2개 세트 손편지 일러스트 문구 답례품 단체 선물,15900,SALE,생활/건강>문구/사무용품>카드/엽서/봉투>편지지,9999,2026-03-26T00:16:12.310+09:00
13247092219,애니멀 미니 블럭 10개 세트 공룡 육지동물 바다동물 조립 완구 단체 선물,15900,SALE,출산/육아>완구/인형>블록>기타블록,9999,2026-03-26T00:16:09.023+09:00
13247092000,큐빅 비즈 보석 스티커 36개 세트 데코 꾸미기 다이어리 포인트 답례품 단체 선물,44670,SALE,생활/건강>문구/사무용품>스티커>다꾸스티커,9999,2026-03-26T00:16:05.799+09:00
13247091815,버터 모양 스트레스볼 스퀴시 4개 세트 촉감 놀이 주물럭 말랑이 단체 선물 완구,23320,SALE,출산/육아>완구/인형>미술놀이>기타미술놀이,9999,2026-03-26T00:16:02.661+09:00
13247091610,홀로그램 젤리 스티커 8개 세트 볼록 입체 데코 꾸미기 팬시 답례품 단체 선물,33270,SALE,생활/건강>문구/사무용품>스티커>다꾸스티커,9999,2026-03-26T00:15:59.479+09:00
13247091402,테이프공 만들기 세트 공예 놀이 볼 제작 단체 선물 키트,14170,SALE,출산/육아>완구/인형>미술놀이>종이접기,9999,2026-03-26T00:15:56.157+09:00
13247091207,솜사탕 말랑이 6개 세트 촉감 놀이 주물럭 스퀴시 말랑볼 단체 선물 완구,31540,SALE,출산/육아>완구/인형>미술놀이>기타미술놀이,9999,2026-03-26T00:15:52.980+09:00
13247091001,아쿠아 물감 놀이 분식 만들기 세트 소꿉 모형 공예 단체 선물,20800,SALE,출산/육아>완구/인형>미술놀이>종이접기,9999,2026-03-26T00:15:49.747+09:00
13247090786,젤리 타입 말랑이 12개 세트 촉감 놀이 주물럭 스퀴시 단체 선물 완구,33270,SALE,출산/육아>완구/인형>미술놀이>기타미술놀이,9999,2026-03-26T00:15:46.572+09:00
13247090585,해결카드 보드게임 4개 세트 고민 상담 질문 답변 놀이 카드 단체 선물,18420,SALE,출산/육아>교구>학습보드게임,9999,2026-03-26T00:15:43.466+09:00
13247090356,부직포 쇼핑백 24개 세트 답례품 기프트백 선물 포장 손잡이 가방,33270,SALE,생활/건강>생활용품>생활선물세트,9999,2026-03-26T00:15:40.061+09:00
13247090127,소금빵 모양 말랑이 스퀴시 4개 세트 촉감 놀이 주물럭 빵 모형 단체 선물,18420,SALE,출산/육아>완구/인형>미술놀이>기타미술놀이,9999,2026-03-26T00:15:36.620+09:00
13247089895,미니 지우개 5P 세트 36개 사각 타입 답례품 단체 선물,32340,SALE,생활/건강>문구/사무용품>문구용품>지우개,9999,2026-03-26T00:15:33.394+09:00
13247089662,손잡이 스텐 양치컵 4개 세트 스테인리스 컵 욕실 캠핑 단체 선물,17220,SALE,생활/건강>생활용품>생활선물세트,9999,2026-03-26T00:15:30.026+09:00
13247089451,변신 로봇 스피너 4개 세트 피젯 회전 장난감 단체 선물 완구,18420,SALE,생활/건강>문구/사무용품>문구용품>기타문구용품,9999,2026-03-26T00:15:26.834+09:00
13247089155,비밀펜 메모장 세트 20개 시크릿펜 미니 수첩 답례품 단체 선물,28360,SALE,생활/건강>문구/사무용품>노트/수첩>수첩,9999,2026-03-26T00:15:23.607+09:00
13247088977,감자 모양 지우개 20개 세트 입체 디자인 소꿉 놀이 답례품 단체 선물,28360,SALE,생활/건강>문구/사무용품>문구용품>지우개,9999,2026-03-26T00:15:20.531+09:00
13247088745,볼펜 꾸미기 세트 6개입 DIY 펜꾸미기 만들기 문구 놀이 단체 선물 취미용,25840,SALE,생활/건강>문구/사무용품>필기도구>볼펜,9999,2026-03-26T00:15:17.183+09:00
13247088509,얼음 치즈 젤리 슬라임 4개입 말랑이 촉감 놀이 젤리완구 단체 선물 세트,18420,SALE,출산/육아>완구/인형>감각발달완구>기타감각발달완구,9999,2026-03-26T00:15:13.983+09:00
13247088310,봉제 필통 파우치 4개 세트 펜슬 케이스 수납 답례품 단체 선물,23320,SALE,생활/건강>문구/사무용품>필기도구>필통,9999,2026-03-26T00:15:10.680+09:00
13247088033,편지지 봉투 세트 20개 일러스트 디자인 손편지 문구 답례품 단체 선물,28360,SALE,생활/건강>문구/사무용품>카드/엽서/봉투>편지지,9999,2026-03-26T00:15:07.502+09:00
13247087812,스트라이프 봉제 필통 6개 세트 펜슬 케이스 슬림 수납 단체 선물,14700,SALE,생활/건강>문구/사무용품>필기도구>필통,9999,2026-03-26T00:15:04.323+09:00
13247087591,미끌볼 스퀴시 말랑이 6개 세트 촉감 놀이 주물럭 스트레스완화 단체 선물,18420,SALE,생활/건강>문구/사무용품>파일/바인더>파일,9999,2026-03-26T00:15:01.033+09:00
13247087377,미끌볼 스퀴시 말랑이 12개 세트 촉감 놀이 주물럭 스트레스완화 단체 선물,33270,SALE,생활/건강>문구/사무용품>파일/바인더>파일,9999,2026-03-26T00:14:57.840+09:00
13247087185,넓적 당면 간식 향라맛 20개 세트 마라풍 즉석 간편식 중국 식품,16830,SALE,식품>과자/베이커리>기타과자,9999,2026-03-26T00:14:54.644+09:00
13247086977,패드 편지지 2개 세트 손편지 일러스트 문구 답례품 단체 선물,18420,SALE,생활/건강>문구/사무용품>카드/엽서/봉투>편지지,9999,2026-03-26T00:14:51.535+09:00
13247086768,중성펜 6개입 펜꾸미기 DIY 볼펜 겔펜 필기구 문구세트 단체 선물 준비물,22130,SALE,생활/건강>문구/사무용품>필기도구>볼펜,9999,2026-03-26T00:14:48.278+09:00
13247086545,독서기록장 8권 세트 스프링 노트 독후활동 독서일지 학교 단체 선물 학습 공책,23320,SALE,생활/건강>문구/사무용품>노트/수첩>노트,9999,2026-03-26T00:14:45.106+09:00
13247086347,학습 그리드 노트 8권 세트 공부 스프링 공책 필기 정리 학습용 단체 선물,23320,SALE,생활/건강>문구/사무용품>노트/수첩>노트,9999,2026-03-26T00:14:41.946+09:00
13247086131,윈도우 미니 노트 12권 세트 스프링 수첩 휴대용 메모장 단체 선물,33270,SALE,생활/건강>문구/사무용품>노트/수첩>노트,9999,2026-03-26T00:14:38.700+09:00
13247085924,공주풍 케이스 문구세트 랜덤 3개 필기구 답례품 단체 선물 세트,31540,SALE,생활/건강>문구/사무용품>문구용품>기타문구용품,9999,2026-03-26T00:14:35.556+09:00
13247085683,공주풍 캐릭터 연필세트 4개 B심 필기 답례품 단체 선물 세트,19480,SALE,생활/건강>문구/사무용품>문구용품>기타문구용품,9999,2026-03-26T00:14:32.434+09:00
13247085480,캐릭터 종합장 6권 세트 단체 선물 스케치북 공책 노트 문구세트,19480,SALE,생활/건강>문구/사무용품>노트/수첩>노트,9999,2026-03-26T00:14:29.132+09:00
13247085249,캐릭터 스케치북 6개 세트 미술 놀이 드로잉 단체 선물,19480,SALE,출산/육아>완구/인형>미술놀이>스케치북,9999,2026-03-26T00:14:25.979+09:00
13247085044,금색 은색 도형자 스크래치 노트 12개 세트 드로잉 아트 미술 단체 선물,33270,SALE,생활/건강>문구/사무용품>문구용품>기타문구용품,9999,2026-03-26T00:14:22.710+09:00
13247084817,골프화 스파이크징 나사형 교체용 세트 10개입 필드화 골프 액세서리,10590,SALE,패션잡화>여성신발>부츠>앵클/숏부츠,9999,2026-03-26T00:14:19.416+09:00
13247084627,골프화 토네이도 스파이크 세트 10개입 교체용 골프징 필드용 골프,10200,SALE,패션잡화>여성신발>실내화,9999,2026-03-26T00:14:16.261+09:00
13247084401,발렌타인 양우산 3단 수동 봄맞이꽃 패턴 자외선 차단 접이식 우산 1개,19580,SALE,패션잡화>패션소품>기타패션소품,9999,2026-03-26T00:14:12.728+09:00
13247084203,사선컷팅 테이프클리너 16cm 길이조절 먼지제거기 111.5cm 세트,19550,SALE,생활/건강>청소용품>테이프클리너,9999,2026-03-26T00:14:09.604+09:00
13247084000,24cm 광폭 사선컷팅 돌돌이 테이프클리너 111.5cm 길이조절 청소기 세트,21650,SALE,생활/건강>청소용품>테이프클리너,9999,2026-03-26T00:14:06.513+09:00
13247083812,광폭 돌돌이 테이프 클리너 120cm 길이조절 본체 리필2롤 세트,35730,SALE,생활/건강>청소용품>테이프클리너,9999,2026-03-26T00:14:03.331+09:00
13247083577,먼지제거 돌돌이 25cm 특대형 테이프클리너 본체 1개 리필 2개 세트,25270,SALE,생활/건강>청소용품>테이프클리너,9999,2026-03-26T00:13:59.998+09:00
13247083392,발렌타인 양우산 3단 완전 자동 우드 곡자 핸들 튼튼한 10K 우산 1개,23430,SALE,패션잡화>패션소품>기타패션소품,999,2026-03-26T00:13:56.953+09:00
13247083200,욕실 레인 샤워기 대헤드 100 블랙 세트 호텔식 수전 교체용,33450,SALE,생활/건강>욕실용품>샤워기>일반샤워기,9999,2026-03-26T00:13:53.853+09:00
13247082879,레인샤워 대형 헤드 화이트 세트 욕실 샤워기 교체 부속품,26410,SALE,생활/건강>욕실용품>샤워기>일반샤워기,9999,2026-03-26T00:13:49.146+09:00
13247082570,먼지제거 돌돌이 테이프크리너 대형 16cm 본체1 리필2개 세트,18030,SALE,생활/건강>청소용품>테이프클리너,9999,2026-03-26T00:13:44.534+09:00
13247082359,먼지제거 돌돌이 122cm 롱핸들 밀대형 테이프 클리너 본체 리필 2매 세트,33250,SALE,생활/건강>청소용품>테이프클리너,9999,2026-03-26T00:13:41.439+09:00
13247082143,강력접착 돌돌이 10cm 소형 테이프클리너 본품 교체용 2매 세트 2매입,16320,SALE,생활/건강>청소용품>테이프클리너,9999,2026-03-26T00:13:38.314+09:00
13247081933,강력 접착 돌돌이 18cm 먼지제거기 본품 교체용 2매 세트 2매입,21650,SALE,생활/건강>청소용품>테이프클리너,9999,2026-03-26T00:13:35.037+09:00
13247081716,절수 샤워기 헤드 2m 메탈 호스 세트 욕실 거치대 교체용,26020,SALE,생활/건강>욕실용품>샤워기>일반샤워기,9999,2026-03-26T00:13:31.845+09:00
13247081415,뒤집힘방지 뿔샤워기 스텐메탈호스 1.5m 세트 욕실 교체용,24310,SALE,생활/건강>욕실용품>샤워기>일반샤워기,9999,2026-03-26T00:13:27.216+09:00
13247080996,뒤집힘방지 뿔 샤워기헤드 황동 고급메탈호스 1.5m 세트,29070,SALE,생활/건강>욕실용품>샤워기>일반샤워기,9999,2026-03-26T00:13:22.531+09:00
13247080681,강력 수압상승 샤워기 헤드 고급 메탈호스 1.5m 세트 B형,27160,SALE,생활/건강>욕실용품>샤워기>일반샤워기,9999,2026-03-26T00:13:17.793+09:00
13247080391,뿔헤드 샤워기 세트 고급 황동 메탈호스 2m 화이트 거치대 포함,28500,SALE,생활/건강>욕실용품>샤워기>일반샤워기,9999,2026-03-26T00:13:13.191+09:00
13247080082,수압상승 절수형 샤워기 헤드 교체용 고급 메탈호스 세트 1.5m,20510,SALE,생활/건강>욕실용품>샤워기>일반샤워기,9999,2026-03-26T00:13:08.285+09:00
13247079686,뒤집힘방지 뿔 샤워기 헤드 스텐 메탈 호스 세트 2m 교체용,15950,SALE,생활/건강>욕실용품>샤워기>일반샤워기,9987,2026-03-26T00:13:03.516+09:00
13247079378,뿔헤드 뒤집힘방지 샤워기 세트 1.5m 스테인리스 메탈호스 구성,14990,SALE,생활/건강>욕실용품>샤워기>일반샤워기,9993,2026-03-26T00:12:58.831+09:00
13247079081,3단 분사 마사지 샤워기 헤드 꼬임방지 고급 메탈호스 2m 세트,24500,SALE,생활/건강>욕실용품>샤워기>일반샤워기,9995,2026-03-26T00:12:54.157+09:00
13247078771,3단 분사 안마 샤워기 헤드 고급 메탈호스 2m 세트 욕실용품,33820,SALE,생활/건강>욕실용품>샤워기>일반샤워기,9999,2026-03-26T00:12:49.331+09:00
13247078464,다기능 고압 분사기 5m 세트 정원 세차용 코일 호스 청소건,23560,SALE,생활/건강>자동차용품>세차용품>호스,9999,2026-03-26T00:12:44.656+09:00
13247078255,무타공 창틀 거치대 다용도 선반 베란다 화분 정리대 수납대,15380,SALE,생활/건강>수납/정리용품>선반/진열대>스탠드선반/진열대,9999,2026-03-26T00:12:41.530+09:00
13247078048,절수 샤워헤드 메탈 호스 세트 2m 강력 수압 조절 욕실 샤워기,22030,SALE,생활/건강>욕실용품>샤워기>일반샤워기,9999,2026-03-26T00:12:38.477+09:00
13247077727,각도조절 절수형 샤워기 헤드 고급 황동 메탈호스 2m 세트,37830,SALE,생활/건강>욕실용품>샤워기>일반샤워기,9999,2026-03-26T00:12:33.824+09:00
13247077408,절수샤워기 3단계 분사 조절 꼬임방지 메탈호스 1.5m 샤워기 거치대 세트,29260,SALE,생활/건강>욕실용품>샤워기>일반샤워기,9999,2026-03-26T00:12:29.042+09:00
13247077114,크롬 샤워기헤드 스텐 메탈호스 세트 1.5m 욕실 교체용 샤워줄,17660,SALE,생활/건강>욕실용품>샤워기>일반샤워기,9999,2026-03-26T00:12:24.333+09:00
13247076809,샤워기헤드 고급형 메탈호스 세트 2m 화이트 샤워기걸이 포함,24500,SALE,생활/건강>욕실용품>샤워기>일반샤워기,9999,2026-03-26T00:12:19.679+09:00
13247076419,수압상승 샤워기헤드 고급 메탈호스 1.5m 세트 절수형 교체용,29830,SALE,생활/건강>욕실용품>샤워기>일반샤워기,9999,2026-03-26T00:12:13.968+09:00
13247076108,뒤집힘방지 뿔샤워기 스텐메탈호스 2m 샤워기거치대 세트,25270,SALE,생활/건강>욕실용품>샤워기>일반샤워기,9998,2026-03-26T00:12:09.307+09:00
13247075733,뿔헤드 샤워기 세트 2m 고급형 황동 메탈호스 욕실용품,31160,SALE,생활/건강>욕실용품>샤워기>일반샤워기,9998,2026-03-26T00:12:04.522+09:00
13247075417,수압상승 회전 샤워기 세트 꼬임방지 메탈호스 2m 교체용,28120,SALE,생활/건강>욕실용품>샤워기>일반샤워기,9999,2026-03-26T00:11:59.813+09:00
13247075085,욕실 샤워기 헤드 메탈호스 1.5m 세트 샤워기걸이 포함 구성,20890,SALE,생활/건강>욕실용품>샤워기>일반샤워기,9999,2026-03-26T00:11:55.128+09:00
13247074765,3단 분사 안마 샤워기 스텐 호스 2m 세트 샤워헤드 거치대 포함,27930,SALE,생활/건강>욕실용품>샤워기>일반샤워기,9998,2026-03-26T00:11:50.266+09:00
13247074466,3단 분사 안마 샤워기 세트 튼튼한 고급 스텐 메탈호스 1.5m 샤워기걸이 포함,31740,SALE,생활/건강>욕실용품>샤워기>일반샤워기,9999,2026-03-26T00:11:45.563+09:00
13247074116,초미세 절수 샤워기 헤드 고급 메탈호스 2m 거치대 세트,31160,SALE,생활/건강>욕실용품>샤워기>일반샤워기,9999,2026-03-26T00:11:40.711+09:00
13247073809,강력 수압상승 절수 샤워기헤드 메탈호스 2m 거치대 세트,23360,SALE,생활/건강>욕실용품>샤워기>일반샤워기,9999,2026-03-26T00:11:36.032+09:00
13247073472,수압상승 절수형 샤워헤드 고급 메탈호스 2m 세트 화이트걸이 포함,29260,SALE,생활/건강>욕실용품>샤워기>일반샤워기,9999,2026-03-26T00:11:31.186+09:00
13247073138,뒤집힘방지 뿔샤워기 스텐메탈호스 1.5m 욕실걸이 세트,21650,SALE,생활/건강>욕실용품>샤워기>일반샤워기,9999,2026-03-26T00:11:26.232+09:00
13247072820,뒤집힘방지 뿔샤워기 고급 메탈호스 세트 화장실 1.5m 구성,26410,SALE,생활/건강>욕실용품>샤워기>일반샤워기,9999,2026-03-26T00:11:21.412+09:00
13247072479,수압상승 회전 샤워헤드 2m 스텐 메탈호스 욕실 거치대 세트,25840,SALE,생활/건강>욕실용품>샤워기>일반샤워기,9999,2026-03-26T00:11:16.478+09:00
13247072164,수압상승 회전형 샤워기 헤드 고급 메탈호스 1.5m 화이트 거치대 세트,30210,SALE,생활/건강>욕실용품>샤워기>일반샤워기,9999,2026-03-26T00:11:11.600+09:00
13247071838,샤워기헤드 교체 세트 메탈호스 2m 꼬임방지 욕실용품 교체형,19370,SALE,생활/건강>욕실용품>샤워기>일반샤워기,9999,2026-03-26T00:11:06.850+09:00
13247071447,수압상승 절수 샤워기 헤드 스텐 메탈호스 2m 욕실걸이 세트,23360,SALE,생활/건강>욕실용품>샤워기>일반샤워기,9999,2026-03-26T00:11:01.395+09:00
13247071125,초미세 수압상승 샤워기 줄 세트 2m 욕실 메탈 샤워호스 교체용,31740,SALE,생활/건강>욕실용품>샤워기>일반샤워기,9996,2026-03-26T00:10:56.366+09:00
13247070792,초강력 절수 샤워기 헤드 스텐 메탈호스 1.5m 걸이 세트,30970,SALE,생활/건강>욕실용품>샤워기>일반샤워기,9999,2026-03-26T00:10:51.442+09:00
13247070480,초미세 수압상승 절수 샤워기 헤드 고급 메탈호스 세트 2m,22600,SALE,생활/건강>욕실용품>샤워기>일반샤워기,9986,2026-03-26T00:10:46.788+09:00
13247070154,수압상승 절수 샤워기 헤드 고급 메탈호스 세트 1.5m,20890,SALE,생활/건강>욕실용품>샤워기>일반샤워기,9993,2026-03-26T00:10:42.000+09:00
13247069830,강력 수압 절수 샤워기 헤드 메탈 호스 세트 2m 욕실 줄 교체,23170,SALE,생활/건강>욕실용품>샤워기>일반샤워기,9999,2026-03-26T00:10:37.043+09:00
13247069517,초강력 수압 절수형 샤워기 헤드 고급형 메탈 호스 세트 1.5m,27360,SALE,생활/건강>욕실용품>샤워기>일반샤워기,9999,2026-03-26T00:10:32.006+09:00
13247069168,수압상승 절수형 샤워헤드 메탈호스 세트 2m 욕실 교체용 부품,16700,SALE,생활/건강>욕실용품>샤워기>일반샤워기,9992,2026-03-26T00:10:27.004+09:00
13247068829,수압상승 절수 샤워기 헤드 스텐 메탈호스 세트 1.5m 교체형,15560,SALE,생활/건강>욕실용품>샤워기>일반샤워기,9991,2026-03-26T00:10:22.255+09:00
13247068470,수압상승 절수형 샤워기 헤드 2m 고급형 메탈 호스 세트 구성,22600,SALE,생활/건강>욕실용품>샤워기>일반샤워기,9998,2026-03-26T00:10:17.398+09:00
13247068111,수압상승 회전식 샤워기 헤드 메탈 호스 세트 1.5m 꼬임방지 절수형 욕실용품,18610,SALE,생활/건강>욕실용품>샤워기>일반샤워기,9999,2026-03-26T00:10:12.488+09:00
13247067758,수압상승 회전형 절수 샤워기 고급 스텐 샤워줄 세트 2m,25070,SALE,생활/건강>욕실용품>샤워기>일반샤워기,9997,2026-03-26T00:10:07.674+09:00
13247067398,욕실 샤워기 헤드 메탈 호스 세트 1.5m 꼬임방지 스텐 줄 교체형,12140,SALE,생활/건강>욕실용품>샤워기>일반샤워기,9987,2026-03-26T00:10:02.835+09:00
13247067094,올크롬 샤워기 헤드 메탈호스 세트 1.5m 욕실 목욕탕 수전 교체용,11370,SALE,생활/건강>욕실용품>샤워기>일반샤워기,9982,2026-03-26T00:09:57.796+09:00
13247066764,수압상승 절수형 샤워기 헤드 메탈호스 세트 2m 욕실 교체용,16520,SALE,생활/건강>욕실용품>샤워기>일반샤워기,9996,2026-03-26T00:09:52.613+09:00
13247066451,눈썹 메이크업 가이드 3종 세트,3150,SALE,화장품/미용>뷰티소품>아이소품>기타아이소품,30000,2026-03-26T00:09:47.632+09:00
13247066172,미술용 붓꽂이 물통 유화 수채화 동양화 세필통 붓수납 필기구 수납함 다용도펜 소품 보관,18390,SALE,생활/건강>화방용품>미술보조용품>물통,6,2026-03-26T00:09:44.203+09:00
13247065941,공구 정밀 드라이버 세트 나사 스크류 버세트 라쳇 가저용 가정용 61 종공구,61880,SALE,생활/건강>공구>수작업공구>드라이버,9999,2026-03-26T00:09:40.802+09:00
13247065496,어린이 아동 자동차 장난감 완구 미니 카 10종 세트,35360,SALE,출산/육아>완구/인형>작동완구>자동차,9999,2026-03-26T00:09:33.542+09:00
13247065240,세차 워시미트 걸레 밀대 F타입 추가걸레1개 세트,40000,SALE,생활/건강>자동차용품>세차용품>실내세정제,8886,2026-03-26T00:09:29.541+09:00
13247065002,3W 클리닉 콜라겐 엑티브 옴므 2종 세트,16930,SALE,화장품/미용>남성화장품>남성화장품세트,999,2026-03-26T00:09:26.076+09:00
13247064756,강철 단조팩 30cm 세트 타프 텐트 고정용 스틸 팩 캠핑,19580,SALE,스포츠/레저>낚시>낚시의류/잡화>낚시장화,999,2026-03-26T00:09:22.412+09:00
13247064255,화분정리 스텐드 클리어 화분받침대 화분,30060,SALE,생활/건강>정원/원예용품>화분받침,999,2026-03-26T00:09:15.068+09:00
13247064022,화분정리 화분받이 스텐드 클리어 화분,27270,SALE,생활/건강>정원/원예용품>화분받침,999,2026-03-26T00:09:11.401+09:00
13247063790,12색 캘리그라피 붓펜세트,6320,SALE,생활/건강>문구/사무용품>필기도구>연필깎이,564,2026-03-26T00:09:07.682+09:00
13247063565,메타몽 삼각자 각도기 세트 (랜덤발송),5790,SALE,생활/건강>문구/사무용품>문구용품>자,1078,2026-03-26T00:09:04.275+09:00
13247063334,타일 실리콘 정리 헤라 세트 제거기 줄눈,22360,SALE,생활/건강>공구>수작업공구>기타수작업공구,9999,2026-03-26T00:09:00.594+09:00
13247062839,듀얼 형광펜 하이라이터 암기펜 6색 세트 DD-13168,4380,SALE,생활/건강>문구/사무용품>필기도구>형광펜,999,2026-03-26T00:08:53.076+09:00
13247061264,젤 네일 아트 붓 브러쉬 재료 15종 세트 DD-11803,6170,SALE,화장품/미용>네일케어>네일아트,999,2026-03-26T00:08:29.199+09:00
13247060330,실버 모기향 거치대 모기향 연소기 세트,9370,SALE,생활/건강>생활용품>해충퇴치용품>모기향,9999,2026-03-26T00:08:13.982+09:00
13247060055,행운 거북이 미니어처 장식품 돈거북,4170,SALE,가구/인테리어>인테리어소품>장식미니어처,1388,2026-03-26T00:08:09.938+09:00
13241635258,다이아 셀프네일 아트 세트 24 pcs 웨딩 젤 디자인 붙이는 스티커 젤네일팁 재료,14410,SALE,화장품/미용>네일케어>네일아트,8,2026-03-25T00:14:37.807+09:00
13241635055,정밀 드라이버 115종 공구 세트 분해 조립 멀티 버세트 가정용 일자 십자드라이버,31910,SALE,생활/건강>공구>수작업공구>드라이버,10,2026-03-25T00:14:34.569+09:00
13241634838,다용도 수족관 청소 도구 세트 5종 스크 래퍼 뜰채 포함 어항 수조 브러시 물고기,17860,SALE,생활/건강>관상어용품>수조청소용품,2,2026-03-25T00:14:31.306+09:00
13241634619,서류 정리함 파일 책 수납 트레이 (세트 아님) 오거나이저 책상 서류철 멀티오 바인더,19580,SALE,생활/건강>문구/사무용품>데스크용품>문서보관함/서류함,20,2026-03-25T00:14:27.982+09:00
13241634222,후크 S형걸이 8개입 세트 공간 활용 소품 행거 다용도 가방 고리 매직 주방 행주,10430,SALE,생활/건강>수납/정리용품>옷걸이>일반옷걸이,2,2026-03-25T00:14:21.707+09:00
13241633958,와인 오픈너 세트 생활 용품 병따개 실리콘 오프너 만능 다용도 멀티 고무스 트랩 렌치,8180,SALE,생활/건강>주방용품>와인용품>와인오프너,3,2026-03-25T00:14:18.442+09:00
13241633680,보온도시락 세트 가방 1140ml 스텐 보온 도시락 직장인 도시락통,76470,SALE,생활/건강>주방용품>보관/밀폐용기>도시락통/찬합,9999,2026-03-25T00:14:15.187+09:00
13241633408,조각도 12P 세트 케이스포함 조각칼 목공 조각끌,67180,SALE,생활/건강>공구>절삭공구>다용도조각기,9999,2026-03-25T00:14:11.999+09:00
13241633107,부부 수저세트 신혼부부 한식 신혼 스텐 숟가락 젓가락 세트,47560,SALE,생활/건강>주방용품>식기>수저,9999,2026-03-25T00:14:08.804+09:00
13241632783,뿌리가 숨쉬는 대형 블루베리 그로우백 부직포 화분 5호,30190,SALE,생활/건강>정원/원예용품>화분,26,2026-03-25T00:14:05.223+09:00
13241632501,집들이 선물 귀여운 엔젤 하트 티스푼 포크 세트 10P,35760,SALE,생활/건강>주방용품>식기>양식기,9948,2026-03-25T00:14:02.011+09:00
13241632254,30L 캠핑 폴딩박스 블랙 차량용 트렁크 정리함 다용도 수납함,47960,SALE,생활/건강>자동차용품>수납용품>트렁크정리함,999,2026-03-25T00:13:58.844+09:00
13241632048,5구 LED 미니 후레쉬 세트 캠핑용 소형 손전등 작업등,16260,SALE,스포츠/레저>캠핑>랜턴>손전등,999,2026-03-25T00:13:55.480+09:00
13241631833,304 스테인리스 캠핑 코펠 세트 1-2인용 등산 낚시 휴대용 냄비,70230,SALE,스포츠/레저>캠핑>취사용품>코펠,999,2026-03-25T00:13:52.184+09:00
13241631609,백패킹 휴대용 캠핑 주전자 컵 세트 경량 미니 스토브 조리 도구,114790,SALE,디지털/가전>계절가전>히터>가스히터,999,2026-03-25T00:13:48.987+09:00
13241631402,캠핑 주전자 티포트 휴대용 컵 스토브 조리 도구 세트 야외용,110680,SALE,디지털/가전>계절가전>히터>가스히터,999,2026-03-25T00:13:45.747+09:00
13241631178,대용량 캠핑 주전자 우드 스토브 세트 야외용 티포트 캠핑용품,90120,SALE,디지털/가전>계절가전>히터>가스히터,999,2026-03-25T00:13:42.314+09:00
13241630932,아웃도어 휴대용 캠핑 주전자 1L 미니 화로대 세트 낚시 차박,85880,SALE,디지털/가전>계절가전>히터>가스히터,999,2026-03-25T00:13:39.074+09:00
13241630686,강철 단조팩 40cm 세트 타프 텐트 고정 스틸 팩 장비,21830,SALE,스포츠/레저>낚시>낚시의류/잡화>낚시장화,999,2026-03-25T00:13:35.842+09:00
13241630428,솔로 캠핑 휴대용 화목난로 1-2인용 304 스테인리스 코펠 세트,105110,SALE,스포츠/레저>캠핑>취사용품>코펠,999,2026-03-25T00:13:31.955+09:00
13241630211,스텐 캠핑 수저 포크 3종 세트 휴대용 커트러리 야외용 식기세트,13350,SALE,스포츠/레저>캠핑>취사용품>기타취사용품,999,2026-03-25T00:13:28.715+09:00
13241630024,휴대용 캠핑 커틀러리 접이식 수저 포크 나이프 다용도 4종 세트,16260,SALE,스포츠/레저>캠핑>취사용품>기타취사용품,999,2026-03-25T00:13:25.486+09:00
13241629756,스테인리스 접이식 캠핑 식기 6종 세트 휴대용 조리 도구 그릇,37880,SALE,스포츠/레저>캠핑>취사용품>기타취사용품,999,2026-03-25T00:13:21.954+09:00
13241629546,스테인리스 접이식 캠핑 식기 8종 세트 야외 휴대용 조리 도구,34960,SALE,스포츠/레저>캠핑>취사용품>기타취사용품,999,2026-03-25T00:13:18.829+09:00
13241629222,화분 화분정리 스텐드 거실화분정리대 60x14x20,63070,SALE,생활/건강>정원/원예용품>화분받침,999,2026-03-25T00:13:13.792+09:00
13241628984,당근친구들 깎이샤프 세트 (랜덤발송),4860,SALE,생활/건강>문구/사무용품>문구용품>수정용품,17,2026-03-25T00:13:10.235+09:00
13241628785,KSHW2N 스트로+패킹세트,8440,SALE,생활/건강>주방용품>보관/밀폐용기>물병,50,2026-03-25T00:13:07.015+09:00
13241628593,이리눕개 수정테이프 (랜덤발송),4330,SALE,출산/육아>완구/인형>미술놀이>색연필,655,2026-03-25T00:13:04.043+09:00
13241628384,3000 잘 펴지는 노트 심플 (랜덤발송),6590,SALE,생활/건강>문구/사무용품>노트/수첩>노트,4,2026-03-25T00:13:00.944+09:00
13241628178,거실화분정리대 미니 화분진열대 스텐 스텐드 화분,18390,SALE,생활/건강>정원/원예용품>화분받침,999,2026-03-25T00:12:57.553+09:00
13241627961,4000 오목눈이 PP노트 (랜덤발송),7650,SALE,생활/건강>문구/사무용품>노트/수첩>노트,50,2026-03-25T00:12:54.210+09:00
13241627738,원목화분받침대 화분 화분정리대 250mm 받침대,68640,SALE,생활/건강>정원/원예용품>화분받침,999,2026-03-25T00:12:51.005+09:00
13241627509,토분받침대 받침대 화분 화분정리대 대형,78320,SALE,생활/건강>정원/원예용품>화분받침,999,2026-03-25T00:12:47.737+09:00
13241627290,스텐드 원형화분받침대 화분 화분정리대 11cm,14540,SALE,생활/건강>정원/원예용품>화분받침,999,2026-03-25T00:12:44.471+09:00
13241627102,비밀 암호북 (랜덤발송),6850,SALE,생활/건강>문구/사무용품>노트/수첩>메모지,800,2026-03-25T00:12:41.279+09:00
13241626786,미니 화분정리 화분거치대 스텐 스텐드 화분,16400,SALE,생활/건강>정원/원예용품>화분받침,999,2026-03-25T00:12:37.768+09:00
13241626506,차량용 인조가죽 콘솔 주머니 멀티 정리 수납함 자동차 멀티 가방 포켓보관 PU중앙 다용도,39740,SALE,가구/인테리어>수납가구>소품수납함,999,2026-03-25T00:12:34.537+09:00
13241626229,PP 넓게쓰는 3칸 정리 노트 (랜덤발송),6590,SALE,생활/건강>문구/사무용품>노트/수첩>노트,189,2026-03-25T00:12:31.246+09:00
13241625952,오목눈이 전동 지우개 (낱개),6590,SALE,출산/육아>완구/인형>미술놀이>색연필,558,2026-03-25T00:12:28.103+09:00
13241625670,이리눕개 전동 지우개 NEW (낱개),6590,SUSPENSION,출산/육아>완구/인형>미술놀이>색연필,2,2026-03-25T00:12:24.989+09:00
13241625412,도라에몽 더블링 캠퍼스 노트 (랜덤발송),7510,SALE,생활/건강>문구/사무용품>노트/수첩>노트,400,2026-03-25T00:12:21.867+09:00
13241625133,오목눈이 아이보리 노트,5390,SALE,생활/건강>문구/사무용품>노트/수첩>노트,189,2026-03-25T00:12:18.460+09:00
13241624939,이리눕개 A5 하드커버 밴드노트,8310,SALE,생활/건강>문구/사무용품>노트/수첩>노트,323,2026-03-25T00:12:15.351+09:00
13241624730,명품 삼겹살 쌈채소 세트 (랜덤발송),6320,SALE,생활/건강>문구/사무용품>노트/수첩>메모지,3711,2026-03-25T00:12:12.072+09:00
13241624521,연습장 (랜덤발송),5260,SALE,생활/건강>문구/사무용품>노트/수첩>노트,393,2026-03-25T00:12:08.860+09:00
13241624309,먼작귀 12색 미니 원목 색연필 (랜덤발송),5790,SALE,생활/건강>문구/사무용품>필기도구>사인펜,248,2026-03-25T00:12:05.675+09:00
13241624111,트레이 데스크 나무 원목 우드 정리함 펜트 필기구,38670,SALE,생활/건강>문구/사무용품>필기도구>필통,999,2026-03-25T00:12:02.326+09:00
13241623918,롯데 ABC초콜릿 ABC 초코 829g x 2개,49580,SALE,식품>과자/베이커리>초콜릿,9999,2026-03-25T00:11:59.153+09:00
13241623708,롯데 ABC초콜릿 ABC 초코 829g,26490,SALE,식품>과자/베이커리>초콜릿,9999,2026-03-25T00:11:55.929+09:00
13241623495,자석 강의실 칠판 다용도 정리함 마카 필기구 사무실,80840,SALE,생활/건강>문구/사무용품>필기도구>필통,999,2026-03-25T00:11:52.465+09:00
13241623225,아로아 고급 스노쿨링 세트(그레이) 잠수경세트 0323,67670,SALE,스포츠/레저>수영>수영용품>스노클/마스크,999,2026-03-25T00:11:48.331+09:00
13241622878,듀얼팁 브러쉬펜 붓 마커펜 48색 세트 DD-13167,20080,SALE,생활/건강>문구/사무용품>필기도구>보드마카,999,2026-03-25T00:11:43.173+09:00
13241622654,듀얼 형광펜 하이라이터 암기펜 25색 세트 DD-13166,18090,SALE,생활/건강>문구/사무용품>필기도구>형광펜,999,2026-03-25T00:11:39.661+09:00
13241622436,듀얼 형광펜 하이라이터 암기펜 5색 세트 DD-13165,6170,SALE,생활/건강>문구/사무용품>필기도구>형광펜,999,2026-03-25T00:11:36.288+09:00
13241621872,골프 볼펜 세트 선물 기념품 골프채 펜 DD-12970,15120,SUSPENSION,생활/건강>문구/사무용품>필기도구>볼펜,999,2026-03-25T00:11:28.849+09:00
13241621665,식물 집게 원예 화분 고정 지지 핀 소형 10P DD-12935,4190,SALE,생활/건강>정원/원예용품>원예부자재,999,2026-03-25T00:11:25.463+09:00
13241621366,화분 식물 줄기 고정기 지지대 4개입 DD-12882,4190,SALE,생활/건강>정원/원예용품>원예부자재,999,2026-03-25T00:11:21.188+09:00
13241621126,조소 공방 도자기 DIY 도예 도구 8종 세트 DD-12863,10150,SALE,생활/건강>화방용품>조소/판화용품>조소용품,999,2026-03-25T00:11:17.794+09:00
13241620595,디지털 두께 측정기 건전지 케이스 세트 DD-12455,38970,SALE,생활/건강>공구>측정공구>기타측정기,999,2026-03-25T00:11:10.214+09:00
13241620264,페인팅 나이프 유화 도구 5종 세트 DD-12056,8160,SALE,생활/건강>화방용품>붓>유화붓,999,2026-03-25T00:11:05.548+09:00
13241620062,화분커버 소 흙날림 흙장난방지 화분 덮개 DD-12165,7170,SALE,생활/건강>정원/원예용품>화분,999,2026-03-25T00:11:02.279+09:00
13241619866,화분커버 중 흙날림 흙장난방지 화분 덮개 DD-12166,8160,SALE,생활/건강>정원/원예용품>화분,999,2026-03-25T00:10:59.306+09:00
13241619568,화분커버 대 흙날림 흙장난방지 화분 덮개 DD-12167,13140,SALE,생활/건강>정원/원예용품>화분,999,2026-03-25T00:10:56.188+09:00
13241619280,토양 수분측정기 화분 물주기 수분측정계 DD-12193,20080,SALE,생활/건강>공구>측정공구>기타측정기,999,2026-03-25T00:10:52.867+09:00
13241618974,미술붓 세트 유화붓 그림 수채화 붓 12P DD-12226,10150,SALE,생활/건강>화방용품>미술보조용품>팔레트,999,2026-03-25T00:10:49.546+09:00
13241618357,나사 세트 철피스 볼트 십자나사 250개 DD-12278,13140,SALE,생활/건강>공구>체결용품>나사,999,2026-03-25T00:10:42.178+09:00
13241618038,배드민턴 셔틀콕 혼합 컬러 공 12개 세트 DD-12368,8160,SALE,스포츠/레저>배드민턴>셔틀콕,999,2026-03-25T00:10:38.281+09:00
13241617811,흙 날림방지 화분 덮개 코코넛 커버 대 10P DD-12420,34990,SALE,생활/건강>정원/원예용품>화분,999,2026-03-25T00:10:34.976+09:00
13241617579,흙 날림방지 화분 덮개 코코넛 커버 소 10P DD-12418,17130,SALE,생활/건강>정원/원예용품>원예부자재,999,2026-03-25T00:10:31.514+09:00
13241617393,쓰리쎄븐 발톱깎이 손톱깎이 세트 골드 9pcs TS-800G,36700,SALE,화장품/미용>네일케어>네일케어도구,999,2026-03-25T00:10:28.287+09:00
13241617179,쓰리쎄븐 발톱깎이 손톱깎이 세트 실버 9pcs TS-800C,28310,SALE,화장품/미용>네일케어>네일케어도구,999,2026-03-25T00:10:24.995+09:00
13241616973,쓰리쎄븐 손톱깎이 세트 골드 8pcs TS-090G,33380,SALE,화장품/미용>네일케어>네일케어도구,999,2026-03-25T00:10:21.793+09:00
13241616754,쓰리쎄븐 손톱깎이 세트 실버 8pcs TS-090C,26140,SALE,화장품/미용>네일케어>네일케어도구,999,2026-03-25T00:10:18.456+09:00
13241616555,쓰리쎄븐 손톱깎이 세트 골드 4pcs TS-79G,14780,SALE,화장품/미용>네일케어>네일케어도구,999,2026-03-25T00:10:15.300+09:00
13241616373,쓰리쎄븐 손톱깎이 세트 실버 4pcs TS-79C,11320,SALE,화장품/미용>네일케어>네일케어도구,999,2026-03-25T00:10:12.111+09:00
13241616190,네일 아트 반짝이 글리터 파우더 48종 세트 DD-11796,9360,SALE,화장품/미용>네일케어>네일아트,999,2026-03-25T00:10:08.894+09:00
13241615938,발 뒤꿈치 각질 굳은살 제거 콘커터 세트 DD-11898,8670,SALE,생활/건강>발건강용품>발각질제거기,999,2026-03-25T00:10:05.282+09:00
13241615671,원예 화분 물뿌리개 물 조리개 물주기 2L DD-11929,9460,SALE,생활/건강>정원/원예용품>물조리개,999,2026-03-25T00:10:01.035+09:00
13241615423,카지노 포커 트럼프 게임 숫자 칩 100P 세트 DD-11945,16420,SALE,생활/건강>수집품>이색수집품,999,2026-03-25T00:09:57.018+09:00
13241615221,스마트 쓰레받기 세트 자루 180도 회전,33770,SALE,생활/건강>청소용품>빗자루/쓰레받기,2952,2026-03-25T00:09:53.586+09:00
13241615016,PVC재질 뚜껑자동 스탠드 쓰레받기 세트,35890,SALE,생활/건강>청소용품>빗자루/쓰레받기,2952,2026-03-25T00:09:50.191+09:00
13241614800,귀여운 담곰이 자수 양말 세트 3종 1P 배색 데일리 삭스 캐릭터 패션,26870,SALE,패션잡화>양말>남성양말>스포츠양말,9999,2026-03-25T00:09:46.991+09:00
13241614595,서예 세필붓 한글 캘리 붓펜 대용 11종 세트,31220,SUSPENSION,생활/건강>화방용품>붓>구성붓/세필붓,9999,2026-03-25T00:09:43.418+09:00
13241614387,싱크대 신발장 가죽 손잡이 6개입 세트,21670,SUSPENSION,가구/인테리어>DIY자재/용품>접착제/보수용품,9999,2026-03-25T00:09:40.197+09:00
13241614136,육각포스트 롱 드릴탭 세트 나사산 가공 비트,24460,SUSPENSION,생활/건강>공구>전동공구>비트세트,9999,2026-03-25T00:09:36.883+09:00
13241613918,정밀 자성 십자 드라이버 비트 세트 6P 공구함,15970,SUSPENSION,생활/건강>공구>전동공구>비트세트,9999,2026-03-25T00:09:33.588+09:00
13241613693,루터빗트 세트 24pcs 가정용공구세트 전동드릴비트,151120,SALE,생활/건강>공구>전동공구>비트세트,999,2026-03-25T00:09:30.290+09:00
13241613450,미용실 뿌리 볼륨 핀 3엽6엽 세트 정수리 볼륨업,15970,SUSPENSION,패션잡화>헤어액세서리>헤어핀,9999,2026-03-25T00:09:26.965+09:00
13241613230,싱크대 경첩 보수 프리스톱 상부장 스테이 세트,24460,SUSPENSION,가구/인테리어>DIY자재/용품>가구부속품>경첩/꺽쇠/자석철물류,9999,2026-03-25T00:09:23.716+09:00
13241612968,올인원 욕실 샤워기 헤드 호스 필터 교체 세트,18750,SUSPENSION,디지털/가전>생활가전>연수기,9999,2026-03-25T00:09:20.338+09:00
13241612641,만능 소켓 렌치 세트 46P 라쳇 핸들 정비 공구함,22600,SUSPENSION,생활/건강>공구>수작업공구>복스,9999,2026-03-25T00:09:17.019+09:00
13241612267,반려동물 급수기 급식기 세트,26440,SUSPENSION,생활/건강>반려동물>식기/급수기>식기/식탁,9999,2026-03-25T00:09:13.277+09:00
13241611441,조지아 오리지날 240ml 캔커피 30캔 세트 사무실 간식 음료,37800,SALE,식품>음료>커피>커피믹스/인스턴트커피,9999,2026-03-25T00:09:03.732+09:00
13241611160,넘버락 번호키 자물쇠 4자리 3개 세트 창고 사물함,26440,SUSPENSION,생활/건강>생활용품>보안용품>자물쇠/열쇠,9999,2026-03-25T00:09:00.411+09:00
13241610907,삼정 양변기 일반 부속세트 양변기부품 수리부품,21170,SALE,생활/건강>욕실용품>욕실장/선반>욕실선반,999,2026-03-25T00:08:56.599+09:00
13241610699,정밀 블레이드 조각도 세트 공예용 미끄럼방지,34930,SUSPENSION,생활/건강>공구>절삭공구>다용도조각기,9999,2026-03-25T00:08:53.281+09:00
13241610467,문방구시리즈 독수리오형제 G 메카 세트,32180,SALE,생활/건강>수집품>모형/프라모델/피규어>피규어,22,2026-03-25T00:08:49.758+09:00
13241610203,임팩용 드릴척 세트 원터치 키레스 드릴 어댑터,18750,SUSPENSION,생활/건강>공구>전동공구>전동공구액세서리,9999,2026-03-25T00:08:46.551+09:00
13241609972,공구 드라이버 세트 17 in 1 십자 일자 별 비트 정밀 드라이버 스마트폰 수리,34960,SALE,생활/건강>공구>수작업공구>드라이버,999,2026-03-25T00:08:43.145+09:00
13241609759,잔솔 시계줄 줄이기 공구 세트 건전지 교체 수리 손목,18650,SALE,패션잡화>시계>시계소품>시계줄,999,2026-03-25T00:08:39.914+09:00
13241609527,정밀 드라이버 세트 6P 정밀공구 수리도구,13080,SALE,생활/건강>공구>수작업공구>드라이버,999,2026-03-25T00:08:36.372+09:00
13241609314,화분 받침 바퀴 4개 바퀴수리 이동식화분,15870,SALE,생활/건강>정원/원예용품>화분받침,999,2026-03-25T00:08:33.125+09:00
13241609100,15 in 1 스크류 드라이버 세트 십자 일자 별 교환식 간편 수리 공구 키트 전자 제품 분해 조립 등,29130,SALE,생활/건강>공구>수작업공구>드라이버,999,2026-03-25T00:08:29.928+09:00
13241608883,스마트폰 분해/수리 키트 세트 LCD 화면 오픈 플라이어 듀얼헤드 오프너,33370,SALE,생활/건강>공구>수작업공구>드라이버,999,2026-03-25T00:08:26.688+09:00
13241608657,창문 모기장 교체 수리 쫄대 방충망 세트 1.07Mx2.5M,69040,SALE,생활/건강>생활용품>생활잡화>모기장,999,2026-03-25T00:08:23.514+09:00
13241608422,미니 원예도구 3종 세트 화분 정원 삽 손갈퀴 가드닝도구,4330,SALE,생활/건강>공구>원예공구>기타원예공구,9999,2026-03-25T00:08:19.828+09:00
13241608188,성인용 쉬운 컬러링북 힐링 컬러링 엽서,8970,SALE,생활/건강>화방용품>전문지류/미술지류>스케치북/크로키북,9999,2026-03-25T00:08:16.551+09:00
13241607986,수축튜브 세트 지름 10mm X 길이 150mm 15개입 Blue T1955,7510,SALE,생활/건강>공구>전동공구>기타전동공구,9999,2026-03-25T00:08:13.261+09:00
13241607768,곤충 수집통 세트 잠자리채집통 채집함 달팽이사육통,11890,SUSPENSION,생활/건강>반려동물>강아지 배변용품>기저귀/팬티,999,2026-03-25T00:08:10.044+09:00
13241607553,로즈골드 서류클립 100개 세트 페이퍼 종이클립 사무용품 세트 다용도 문서 집게 예쁜 사무실 소품 정리 도,12820,SALE,생활/건강>문구/사무용품>문구용품>클립/핀,4,2026-03-25T00:08:06.641+09:00
13241607337,무타공 칫솔꽂이 칫솔홀더 스탠드 걸이 세트 벽걸이 칫솔 거치대 욕실 수납 정리 정돈 소품 위생적인 칫솔,10430,SALE,생활/건강>욕실용품>욕실용기/홀더>칫솔통/걸이,9,2026-03-25T00:08:03.369+09:00
13241607116,자동차 휠크리너 세차 용품 타이어 브러쉬 세트 차량용 휠 청소 도구 디테일링 세차 브러시 휠 세척 관리,9900,SALE,생활/건강>자동차용품>세차용품>실내세정제,5,2026-03-25T00:08:00.111+09:00
13241606906,다용도 81 드라이버 세트 가정용 공구 필수 아이템 정밀 드라이버 세트 집수리 도구 멀티 공구함 수리 공구,10700,SALE,생활/건강>공구>수작업공구>드라이버,7,2026-03-25T00:07:56.898+09:00
13241606701,하이온 방수 그라운드 시트 초경량 캠핑 텐트매트 0323,29260,SALE,스포츠/레저>캠핑>텐트/타프용품>기타텐트/타프용품,999,2026-03-25T00:07:53.669+09:00
13241606482,아로아 고급 스노쿨링 세트(다크블루) 잠수경세트 0323,67060,SALE,스포츠/레저>수영>수영용품>스노클/마스크,999,2026-03-25T00:07:50.425+09:00
13241606284,아로아 고급형 잠수경 스노클링 세트(옐로우)잠수경 0323,67060,SALE,스포츠/레저>수영>수영용품>스노클/마스크,999,2026-03-25T00:07:47.218+09:00
13241606042,디어캠핑 그라운드 시트 돗자리겸용 텐트방수포 200cm 0323,23760,SALE,스포츠/레저>캠핑>텐트/타프용품>기타텐트/타프용품,999,2026-03-25T00:07:43.688+09:00
13241602876,꽃치자나무모종1+1 향기반하고 자태 고급스런향기,26210,SALE,생활/건강>정원/원예용품>화분,99975,2026-03-25T00:07:01.535+09:00
13241602616,화분 식물 넝쿨 격자 지지대 2P,7910,SALE,생활/건강>원예/식물>플라워소품만들기,999,2026-03-25T00:06:57.589+09:00
13236062696,EAS 16000 핑거 페인트 물감 100ml 8색 세트,21700,SUSPENSION,출산/육아>완구/인형>미술놀이>물감,9999,2026-03-24T00:28:46.391+09:00
13236062490,EAS 16000 핑거 페인트 물감 튜브타입 200ml 6색 세트,21700,SUSPENSION,출산/육아>완구/인형>미술놀이>물감,9999,2026-03-24T00:28:43.217+09:00
13236062324,EAS 14400 12색 페인트 마카 세트,19850,SUSPENSION,생활/건강>문구/사무용품>필기도구>보드마카,9999,2026-03-24T00:28:40.089+09:00
13236062119,EAS 8400 12색 칼라 보드마카 세트,12820,SUSPENSION,생활/건강>문구/사무용품>필기도구>보드마카,9999,2026-03-24T00:28:36.926+09:00
13236061707,여행용 소분 용기 세트 튜브형 단지형 화장품 공병 세트,28330,SALE,가구/인테리어>침실가구>화장대>화장품정리함,9999,2026-03-24T00:28:30.295+09:00
13236061491,여행용 소분 용기 세트 튜브형 단지형 화장품 공병 구성,18390,SALE,가구/인테리어>침실가구>화장대>화장품정리함,9999,2026-03-24T00:28:27.184+09:00
13236061250,극세사 무릎 담요 70x100 소형 퀼팅 양면 차렵 이불 거실 블랭킷,10700,SALE,가구/인테리어>침구단품>홑이불,59,2026-03-24T00:28:23.190+09:00
13236061059,침대 매트리스 커버 고정핀 패드 고정 집게 밀림 방지 세트,12020,SALE,가구/인테리어>침구단품>기타침구단품,9999,2026-03-24T00:28:20.042+09:00
13236060665,휴대용 바느질 키트 여행용 수선 세트 14종 옷 수선 도구 모음,6590,SALE,패션의류>여성의류>정장세트,400,2026-03-24T00:28:13.775+09:00
13236060463,포켓볼공 16구 세트 국제규격 당구장 당구공 게임 볼,73420,SALE,스포츠/레저>기타스포츠용품,9999,2026-03-24T00:28:10.473+09:00
13236060277,일회용 부직포 이불 베개 여행용 침구 세트,19310,SALE,가구/인테리어>침구세트>이불베개세트>슈퍼싱글이불베개세트,9999,2026-03-24T00:28:07.311+09:00
13236060091,옻칠 장미목 수저 23.5cm 로즈 색상 항균 나무젓가락 세트,4070,SALE,생활/건강>주방용품>식기>수저,999,2026-03-24T00:28:04.176+09:00
13236059875,야간 빛반사 캠핑 스트링 스토퍼 세트 2m 블랙 2p 구성,5220,SALE,스포츠/레저>캠핑>텐트/타프용품>기타텐트/타프용품,999,2026-03-24T00:28:00.818+09:00
13236059688,캠핑 텐트 타프 고정용 가벼운 강화 플라스틱 단조팩 23cm 4p 세트,7220,SALE,스포츠/레저>캠핑>텐트/타프용품>기타텐트/타프용품,999,2026-03-24T00:27:57.606+09:00
13236059468,장미목 옻칠 수저세트 로즈 컬러 고급 원목 숟가락 젓가락 세트,6470,SALE,생활/건강>주방용품>식기>수저,999,2026-03-24T00:27:54.291+09:00
13236059256,텐트 타프 고정용 집게 10p 세트 바람막이 설치 결속 클립 도구,9140,SALE,스포츠/레저>캠핑>텐트/타프용품>기타텐트/타프용품,999,2026-03-24T00:27:50.845+09:00
13236059061,실버 휴대용 수저세트 캠핑용 커트러리 도시락 젓가락 숟가락 세트,8570,SALE,생활/건강>주방용품>식기>수저,999,2026-03-24T00:27:47.555+09:00
13236058865,솔로 듀오 캠핑용 우드스토브 미니 코펠 냄비 조리도구 세트 1-2인용,96710,SALE,스포츠/레저>캠핑>취사용품>코펠,999,2026-03-24T00:27:44.293+09:00
13236058644,스테인리스 접이식 캠핑 식기 8종 세트 야외 휴대용 조리 도구 모음,27280,SALE,스포츠/레저>캠핑>취사용품>기타취사용품,999,2026-03-24T00:27:40.856+09:00
13236058450,스테인리스 접이식 캠핑 식기 6종 세트 휴대용 조리 도구 그릇 구성,29590,SALE,스포츠/레저>캠핑>취사용품>기타취사용품,999,2026-03-24T00:27:37.758+09:00
13236058250,대형 사각 헥사 타프 자외선 차단 그늘막 캠핑 텐트 가림막 렉타 세트,35680,SALE,스포츠/레저>캠핑>텐트/타프용품>기타텐트/타프용품,999,2026-03-24T00:27:34.602+09:00
13236058044,초경량 캠핑 방수매트 200x210cm 5인용 돗자리 습기차단 그라운드시트,26540,SALE,스포츠/레저>캠핑>텐트/타프용품>기타텐트/타프용품,999,2026-03-24T00:27:31.442+09:00
13236057854,스테인리스 접이식 수저 포크 세트 휴대용 캠핑 커틀러리 4종,12050,SALE,스포츠/레저>캠핑>취사용품>기타취사용품,999,2026-03-24T00:27:28.241+09:00
13236057632,휴대용 캠핑 커틀러리 접이식 수저 포크 나이프 다용도 세트,13120,SALE,스포츠/레저>캠핑>취사용품>기타취사용품,999,2026-03-24T00:27:25.032+09:00
13236057451,스텐 캠핑 수저 포크 3종 세트 휴대용 커트러리 식기 구성,10850,SALE,스포츠/레저>캠핑>취사용품>기타취사용품,999,2026-03-24T00:27:21.969+09:00
13236057232,미니 빗자루 세트 새학기 신학기 초등학생 쓰레받기,3800,SALE,생활/건강>청소용품>빗자루/쓰레받기,999,2026-03-24T00:27:18.800+09:00
13236057037,야광 스테인리스 단조팩 4p 25cm 캠핑 텐트 고정용 강철 팩 세트,15720,SALE,스포츠/레저>캠핑>텐트/타프용품>기타텐트/타프용품,999,2026-03-24T00:27:15.661+09:00
13236056797,초경량 알루미늄 단조팩 4p 세트 18cm 타프 텐트 고정용 펙,10720,SALE,스포츠/레저>캠핑>텐트/타프용품>기타텐트/타프용품,999,2026-03-24T00:27:12.562+09:00
13236056592,초슬림 조립식 장작 난로 3cm 캠핑버너 휴대용 화로대 세트,43250,SALE,스포츠/레저>캠핑>취사용품>기타취사용품,999,2026-03-24T00:27:09.333+09:00
13236056401,캠핑 방수포 피크닉매트 바닥 습기 차단 그라운드시트 200cm,21610,SALE,스포츠/레저>캠핑>텐트/타프용품>기타텐트/타프용품,999,2026-03-24T00:27:06.222+09:00
13236056209,휴대용 초경량 캠핑 그물침대 카키 야외 나일론 침대 세트,33790,SALE,스포츠/레저>캠핑>캠핑가구>해먹,999,2026-03-24T00:27:03.116+09:00
13236056020,강철 단조팩 19.5cm 4p 세트 타프 텐트 고정용 강성 팩,13900,SALE,스포츠/레저>캠핑>텐트/타프용품>기타텐트/타프용품,999,2026-03-24T00:26:59.919+09:00
13236055831,강철 단조팩 30cm 4p 세트 타프 텐트 고정용 스틸 팩 야영 장비,15770,SALE,스포츠/레저>캠핑>텐트/타프용품>기타텐트/타프용품,999,2026-03-24T00:26:56.790+09:00
13236055646,B 3종 멕 (샤프 입학 신학기 리필심 지우개) 라인플러스 선물세트 샤프 세트 제도샤프,8310,SALE,생활/건강>문구/사무용품>제도용품>제도용필기구,999,2026-03-24T00:26:53.716+09:00
13236055444,(샤프 라인플러스 제도샤프 샤프 리필심 신학기 지우개) 3종 2B 세트 멕 선물세트 입학,8310,SALE,생활/건강>문구/사무용품>제도용품>제도용필기구,999,2026-03-24T00:26:50.408+09:00
13236055235,세트 HB 제도샤프 신학기 (랜덤1개) (샤프 샤프 지우개) 선물세트 라인플러스 입학 3종 리필심 멕,8310,SALE,생활/건강>문구/사무용품>제도용품>제도용필기구,999,2026-03-24T00:26:47.313+09:00
13236055034,304 스테인리스 캠핑 수저세트 위생적인 도시락 커트러리 젓가락 수저통 세트,15960,SUSPENSION,생활/건강>주방용품>식기>수저,999,2026-03-24T00:26:44.029+09:00
13236054811,캠핑용 스테인리스 커트러리 6종 세트 휴대용 수저 포크 버블티 빨대 포함,14780,SALE,생활/건강>주방용품>식기>수저,999,2026-03-24T00:26:40.867+09:00
13236054577,고급 우드손잡이 스테이크 나이프 3p 세트 양식용 커트러리 칼,13330,SUSPENSION,생활/건강>주방용품>식기>양식기,999,2026-03-24T00:26:37.689+09:00
13236054390,고급 스테인리스 우드손잡이 양식포크 3p 세트 홈카페 커틀러리,13040,SUSPENSION,생활/건강>주방용품>식기>양식기,999,2026-03-24T00:26:34.454+09:00
13236054174,캠핑용 초슬림 접이식 미니 화로대 1-2인용 석쇠 그릴 세트,34440,SALE,스포츠/레저>캠핑>취사용품>기타취사용품,999,2026-03-24T00:26:30.918+09:00
13236053987,업소용 스테인 레스 빗자루 쓰레받기 세트,31780,SALE,생활/건강>청소용품>빗자루/쓰레받기,9999,2026-03-24T00:26:27.825+09:00
13236053760,티타늄 이쑤시게 세트 치실 열쇠고리 이쑤시개,24750,SALE,생활/건강>생활용품>생활선물세트,9999,2026-03-24T00:26:24.742+09:00
13236053551,캠핑용 스테인리스 마시멜로 꼬치 10p 세트 길이조절 안테나형 구이용 스틱,30550,SALE,스포츠/레저>캠핑>취사용품>기타취사용품,999,2026-03-24T00:26:21.523+09:00
13236053348,캠핑 바베큐 꼬치 12p 세트 스텐 플랫 꼬챙이 31cm,18480,SALE,스포츠/레저>캠핑>취사용품>기타취사용품,999,2026-03-24T00:26:18.420+09:00
13236053138,형 배드민턴 그립 5컬러 세트 그라데이션 오버 테이프 라켓 손잡이 밴드,32710,SALE,스포츠/레저>배드민턴>그립,9999,2026-03-24T00:26:15.229+09:00
13236052911,스테인리스 플랫 바베큐 꼬치 35cm 5p 세트 슬라이드형 캠핑 조리도구,15280,SALE,스포츠/레저>캠핑>취사용품>기타취사용품,999,2026-03-24T00:26:12.129+09:00
13236052686,스테인리스 캠핑 조리도구 20P 세트 바베큐 주방용품 키친툴 모음,40270,SALE,스포츠/레저>캠핑>취사용품>기타취사용품,999,2026-03-24T00:26:08.807+09:00
13236052413,캠핑 바베큐 조리기구 9종 세트 스테인리스 야외 주방용품 키친툴,35570,SALE,스포츠/레저>캠핑>취사용품>기타취사용품,999,2026-03-24T00:26:04.564+09:00
13236052192,캠핑용 고체연료 알코올 버너 2개입 세트 휴대용 미니 스토브,14540,SALE,스포츠/레저>캠핑>취사용품>기타취사용품,999,2026-03-24T00:26:01.337+09:00
13236051992,키더스 라인 테이프(large 세트),24220,SALE,디지털/가전>노트북액세서리>노트북받침대/쿨러,9999,2026-03-24T00:25:58.243+09:00
13236051790,스텐 뚜껑 믹싱볼 세트 눈금 스텐볼 베이킹볼,73550,SALE,디지털/가전>휴대폰액세서리>휴대폰거치대,9999,2026-03-24T00:25:55.164+09:00
13236051579,휴대용 캠핑 커트러리 4인 세트 스텐 식기 키트 사각 수납함 포함,61150,SALE,스포츠/레저>캠핑>취사용품>기타취사용품,999,2026-03-24T00:25:52.133+09:00
13236051353,스테인리스 바베큐 꼬챙이 10p 40cm 캠핑용 구이 꼬치 세트 일자형,36920,SALE,스포츠/레저>캠핑>취사용품>기타취사용품,999,2026-03-24T00:25:48.756+09:00
13236051163,텐트 고정 단조팩 5종 세트 타프 스트링 망치 구성,19280,SALE,스포츠/레저>캠핑>텐트/타프용품>기타텐트/타프용품,999,2026-03-24T00:25:45.742+09:00
13236050958,초강력 7001 알루미늄 단조팩 6종 세트 실버 타프 텐트 고정용 팩,28280,SALE,스포츠/레저>캠핑>텐트/타프용품>기타텐트/타프용품,999,2026-03-24T00:25:42.657+09:00
13236050728,캠핑 텐트 타프 고정용 단조팩 4종 세트 실버,20280,SALE,스포츠/레저>캠핑>텐트/타프용품>기타텐트/타프용품,999,2026-03-24T00:25:39.259+09:00
13236050548,강철 단조팩 망치 세트 옐로우 텐트 고정용품,20280,SALE,스포츠/레저>캠핑>텐트/타프용품>기타텐트/타프용품,999,2026-03-24T00:25:36.210+09:00
13236050334,캠핑용 캔버스 그네 해먹 2인용 200x150cm 휴대용 로프 세트,34440,SALE,스포츠/레저>캠핑>캠핑가구>해먹,999,2026-03-24T00:25:32.972+09:00
13236050145,로즈 핑크 옻칠 장미목 수저 세트 고급 나무 숟가락 젓가락 식기,9770,SALE,생활/건강>주방용품>식기>수저,999,2026-03-24T00:25:29.857+09:00
13236049946,로즈우드 옻칠 수저세트 로즈 블랙 2인용 원목 젓가락 숟가락 세트 식기,9770,SALE,생활/건강>주방용품>식기>수저,999,2026-03-24T00:25:26.809+09:00
13236049732,초경량 캠핑 그물침대 270x140cm 야외 차박용 2인용 해먹 세트,40310,SALE,스포츠/레저>캠핑>캠핑가구>해먹,999,2026-03-24T00:25:23.630+09:00
13236049544,캠핑 2인용 롤테이블 접이식 의자 세트 피크닉 야외 테이블,183670,SALE,스포츠/레저>캠핑>캠핑가구>캠핑테이블,999,2026-03-24T00:25:20.525+09:00
13236049268,캠핑 스테인리스 그리들 30cm 구이팬 전용 가방 포함 세트,50130,SALE,스포츠/레저>캠핑>취사용품>기타취사용품,999,2026-03-24T00:25:16.319+09:00
13236049072,스테인리스 40cm 캠핑 그리들 구이판 불판 전용 가방 포함 세트,63300,SALE,스포츠/레저>캠핑>취사용품>기타취사용품,999,2026-03-24T00:25:12.945+09:00
13236048893,캠핑용 스테인리스 그리들 33cm 대용량 고기 불판 가방 포함 세트,58350,SALE,스포츠/레저>캠핑>취사용품>기타취사용품,999,2026-03-24T00:25:09.684+09:00
13236048707,스테인리스 커틀러리 세트 캠핑용 피크닉 수저통 숟가락 젓가락,10920,SALE,생활/건강>주방용품>식기>수저,999,2026-03-24T00:25:06.563+09:00
13236048512,스테인리스 캠핑 커트러리 세트 휴대용 수저통 포함,11490,SALE,생활/건강>주방용품>식기>수저,999,2026-03-24T00:25:03.424+09:00
13236048315,5구 LED 미니 후레쉬 5개입 세트 캠핑용 소형 손전등 고휘도 작업등,13060,SALE,스포츠/레저>캠핑>랜턴>손전등,999,2026-03-24T00:25:00.138+09:00
13236048109,터프빌트 TB-C700 접이식 현장 작업대 2EA 세트,404520,SALE,생활/건강>공구>수작업공구>작업대,999,2026-03-24T00:24:56.863+09:00
13236047791,아웃도어 휴대용 캠핑 주전자 1L 미니 화로대 세트 구성,66190,SALE,스포츠/레저>캠핑>취사용품>기타취사용품,999,2026-03-24T00:24:51.928+09:00
13236047584,계산기내장 지퍼 다이어리형 노트 유선 업무수첩 0323,23920,SALE,생활/건강>문구/사무용품>다이어리/플래너>다이어리,999,2026-03-24T00:24:48.687+09:00
13236047327,대용량 캠핑 주전자 우드 스토브 세트 야외용 티포트 구이바다,69340,SALE,스포츠/레저>캠핑>취사용품>기타취사용품,999,2026-03-24T00:24:45.503+09:00
13236047115,캠핑 주전자 티포트 휴대용 컵 스토브 조리 도구 세트 01H 020,85110,SALE,스포츠/레저>캠핑>취사용품>기타취사용품,999,2026-03-24T00:24:42.327+09:00
13236046881,백패킹 휴대용 캠핑 주전자 컵 세트 경량 미니 스토브 조리도구 모음,88240,SALE,스포츠/레저>캠핑>취사용품>기타취사용품,999,2026-03-24T00:24:39.271+09:00
13236046683,304 스테인리스 1-2인용 초경량 캠핑 코펠 세트 등산 낚시 휴대용 미니 냄비,54250,SALE,스포츠/레저>캠핑>취사용품>코펠,999,2026-03-24T00:24:36.175+09:00
13236046487,솔로 캠핑 등산용 휴대용 화목난로 1-2인용 304 스테인리스 코펠 세트,80870,SALE,스포츠/레저>캠핑>취사용품>코펠,999,2026-03-24T00:24:33.070+09:00
13236046286,강철 단조팩 40cm 4p 세트 타프 텐트 고정용 스틸 팩 견고한 캠핑 장비,17290,SALE,스포츠/레저>캠핑>텐트/타프용품>기타텐트/타프용품,999,2026-03-24T00:24:29.812+09:00
13236046053,강철 단조팩 30cm 4p 세트 타프 텐트 고정용 스틸 팩 4개입,15580,SALE,스포츠/레저>캠핑>텐트/타프용품>기타텐트/타프용품,999,2026-03-24T00:24:26.290+09:00
13236045891,메리온 이중 유리 찻잔 세트 미니 유리컵 0323,27460,SALE,생활/건강>주방용품>잔/컵>찻잔,999,2026-03-24T00:24:23.154+09:00
13236045686,깔끔 무지 남성 중목양말 10켤레 세트 여름 정장양말 0323,15060,SALE,패션잡화>양말>남성양말>중목/장목양말,999,2026-03-24T00:24:19.806+09:00
13236045472,초경량 접이식 간이의자 2p 세트 보관 파우치 포함 레드,21890,SALE,스포츠/레저>캠핑>캠핑가구>캠핑의자,999,2026-03-24T00:24:16.598+09:00
13236045270,정원용 대형 사각 파라솔 2500 야외 테라스 그늘막 받침대 세트,1003910,SALE,스포츠/레저>캠핑>캠핑가구>파라솔,999,2026-03-24T00:24:13.374+09:00
13236045069,대형 사각 파라솔 3000 야외 정원 테라스 그늘막 받침대 포함 세트,1045070,SALE,스포츠/레저>캠핑>캠핑가구>파라솔,999,2026-03-24T00:24:10.135+09:00
13236044856,스테인리스 커트러리 2세트 캠핑용 피크닉 수저통 보관함 세트,17590,SALE,생활/건강>주방용품>식기>수저,999,2026-03-24T00:24:06.901+09:00
13236044678,스테인리스 커트러리 휴대용 수저케이스 세트,13230,SALE,생활/건강>주방용품>식기>수저,999,2026-03-24T00:24:03.839+09:00
13236044483,3분세차 세차 타월 세차타올 세차드라잉타월 극세사 드라잉 타올 수건 물기제거 세차 자동차 세트 용품,14040,SALE,생활/건강>자동차용품>세차용품>세차타월,9999,2026-03-24T00:24:00.695+09:00
13236044288,극세사 세차타올 차량 청소타올 다용도 세차타월 소형 세차용 타올 걸레 타월 차량 세트 타올 용 세차,12040,SALE,생활/건강>자동차용품>세차용품>세차타월,9999,2026-03-24T00:23:57.561+09:00
13236044086,극세사 자동차 세차타올 소형 세차용 타올 세차 걸레 세트 세차 차량 타월 용 걸레 타올,12040,SALE,생활/건강>자동차용품>세차용품>세차타월,9999,2026-03-24T00:23:54.412+09:00
13236043898,오토바이세차세트 극세사세차도구 오토바이세차브러쉬 바이크 세트 도구 스펀지 걸레 오토바이 용품 세차,18120,SALE,스포츠/레저>오토바이/스쿠터>오토바이부품>기타오토바이부품,8787,2026-03-24T00:23:51.295+09:00
13236043689,세차타월극세사수건 자동차세차타월대형 다용도세차타월 타올 타월 드라잉 수건 세차 극세사 세트 자동차,14130,SALE,생활/건강>자동차용품>세차용품>세차타월,9999,2026-03-24T00:23:48.132+09:00
13236043500,웨시패드 미트 세차장갑 인조양모 손세차 관리 소품 세트 세차 워시미트 장갑 용품,5590,SALE,생활/건강>자동차용품>세차용품>실내세정제,9999,2026-03-24T00:23:44.964+09:00
13236043223,봄꽃화분 20x34cm 화분 타원형 이쁜화분,68640,SALE,생활/건강>정원/원예용품>화분,999,2026-03-24T00:23:41.796+09:00
13236042971,세차장갑 차량 손세차 도구 인조 청소 용품 용품 장갑 세트 세차 워시미트,5590,SALE,생활/건강>자동차용품>세차용품>실내세정제,9999,2026-03-24T00:23:38.569+09:00
13236042770,봄꽃화분 16x16x17cm 가을꽃화분 몰딩 화분,56180,SALE,생활/건강>정원/원예용품>화분,999,2026-03-24T00:23:35.372+09:00
13236042580,극세사 극세사세차도구 오토바이세차세트 세차용브러쉬 브러쉬 스펀지 도구 세차 세트 걸레 바이크 오토바,18120,SALE,스포츠/레저>오토바이/스쿠터>오토바이부품>기타오토바이부품,8787,2026-03-24T00:23:32.226+09:00
13236042366,스테들러 입학 예비 조카 준비물 학생 준비 졸업 신학기 개학 세트 유치원 미니 선물 문구 학교 초등 7살,35620,SALE,생활/건강>생활용품>생활선물세트,999,2026-03-24T00:23:28.949+09:00
13236042169,다용도세차타월 세차타월세트 세차타월대형 자동차세 대형 타월 물기제거 타올 드라잉 세트 세차 수건 자동,13940,SALE,생활/건강>자동차용품>세차용품>세차타월,9999,2026-03-24T00:23:25.775+09:00
13236041968,극세사 세차타월 세트 멀티타월 타올 세차타올 걸레 세차드라잉타올 버핑타월 세차인테리어타월 인테리어타,13310,SALE,생활/건강>자동차용품>세차용품>세차타월,9999,2026-03-24T00:23:22.611+09:00
13236041766,세차 드라잉 타월 세차 걸레 물기 제거 타올 180X60 세차드라잉타월 극세사세차타올 세트 실내 타올,21100,SALE,생활/건강>자동차용품>세차용품>세차타월,9999,2026-03-24T00:23:19.507+09:00
13236041578,(싸인펜) 12색 뽀로로 준비물) (신학기 사인펜,10830,SALE,생활/건강>문구/사무용품>필기도구>사인펜,999,2026-03-24T00:23:16.256+09:00
13236041375,(싸인펜) 16색 (신학기 뽀로로 준비물) 사인펜,13480,SALE,생활/건강>문구/사무용품>필기도구>사인펜,999,2026-03-24T00:23:13.066+09:00
13236041170,(싸인펜) (신학기 뽀로로 24색 사인펜 준비물),18650,SALE,생활/건강>문구/사무용품>필기도구>사인펜,999,2026-03-24T00:23:09.877+09:00
13236040966,신학기 원링노트 핑크풋 띵스 (8권세트),19450,SALE,생활/건강>문구/사무용품>노트/수첩>노트,999,2026-03-24T00:23:06.548+09:00
13236040572,세차 드라잉 타월 걸레 물기 제거 타올 2장 세트 세차타월 세차타올 워시미트 인테리어 타월 버핑 걸레,12020,SALE,생활/건강>자동차용품>세차용품>세차타월,9999,2026-03-24T00:22:59.819+09:00
13236040376,선물 학생 문구 고급 스테들러 수능 학용품 세트 신학기,101130,SALE,생활/건강>문구/사무용품>필기도구>연필,999,2026-03-24T00:22:56.581+09:00
13236040205,5종 핑크 세트 학용품 학생 선물 어린이 문구 신학기,42390,SALE,출산/육아>교구>학습교구>기타교구,999,2026-03-24T00:22:53.366+09:00
13236039974,초등학생 24색 핑크 준비물 샤프식 색연필 신학기 세트,16530,SALE,출산/육아>완구/인형>미술놀이>색연필,999,2026-03-24T00:22:50.342+09:00
13236039764,선물세트 신학기선물 필기구 필기세트,23430,SUSPENSION,생활/건강>문구/사무용품>제도용품>제도용필기구,999,2026-03-24T00:22:47.118+09:00
13236039564,노트 (10개세트) 러블리 신학기 스프링 200 202D] 카카오 1500,19980,SALE,출산/육아>교구>학습교구>기타교구,1045,2026-03-24T00:22:43.844+09:00
13236039356,1500 세이치즈 (12개세트) 카카오 노트 신학기 634D] 스프링,23430,SALE,출산/육아>교구>학습교구>기타교구,953,2026-03-24T00:22:40.683+09:00
13236039173,노트 라인 줄공책 카카오프렌즈 (10권) 신학기 스프링 비비드,34560,SALE,생활/건강>문구/사무용품>노트/수첩>노트,999,2026-03-24T00:22:37.601+09:00
13236038986,카카오프렌즈 줄공책 노트 라인 제본 (10권) 신학기 비비드,28730,SALE,생활/건강>문구/사무용품>노트/수첩>노트,999,2026-03-24T00:22:34.362+09:00
13236038795,신학기 프루티 206 207C] (12개세트) 노트 제본 1300 리틀카카오프렌즈,20770,SALE,출산/육아>교구>학습교구>기타교구,365,2026-03-24T00:22:31.117+09:00
13236038578,세차 드라잉 타월 대형 세차 걸레 양면 타올 900x700 타월 세트 셀프 드라잉 타올 세차 극세사,30840,SALE,생활/건강>자동차용품>세차용품>세차타월,9999,2026-03-24T00:22:27.704+09:00
13236038385,클린브로 세차타월 세차타올 먼지 브러쉬 세트 자동차 월 드라잉타올 워시미트 세차 차량용 걸레,28930,SALE,생활/건강>자동차용품>세차용품>세차타월,9999,2026-03-24T00:22:24.595+09:00
13236038200,차량세차타올 세차 수건 세트 세차타올 사이트 세 먼지 걸레 청소 유리 얼룩제거 차량용품 극세사,11660,SALE,생활/건강>자동차용품>세차용품>세차타월,9999,2026-03-24T00:22:21.435+09:00
13236038028,세차 타올 리뷰 다용도 세차수건 세트 세차타올 구매 세차 다용도 타올 월 수건,10380,SALE,생활/건강>자동차용품>세차용품>세차타월,9999,2026-03-24T00:22:18.324+09:00
13236037830,세차 드라잉 타월 차량 고급 세차타올 세트 워시미트 세무타월 유리타월 수건 드라잉타월 광택타월 장갑,12780,SALE,생활/건강>자동차용품>세차용품>세차타월,9999,2026-03-24T00:22:15.177+09:00
13236037386,차량용 디테일링 세차 브러쉬 5종 자동차 용품 브러쉬 용 휠 세트 세차 셀프 솔,9460,SALE,생활/건강>자동차용품>세차용품>실내세정제,555,2026-03-24T00:22:08.900+09:00
13236037190,자전거세차 셀프세차 10종 세트 자전거 세차용품 용품 자전거 버킷 체인 세차 셀프 악세사리 타월 청소,27020,SALE,스포츠/레저>자전거>자전거부품>기타자전거부품,9999,2026-03-24T00:22:05.739+09:00
13236036987,세차 드라잉 타월 대형 세차 걸레 양면 타올 700x480 세차 실내 걸레 타월 용품 차량 세트 극세사,17600,SALE,생활/건강>자동차용품>세차용품>세차타월,9999,2026-03-24T00:22:02.560+09:00
13236036806,교체형 칼날 세트 시트 랩핑 프라모델 커터칼 14종,24750,SALE,생활/건강>공구>수작업공구>기타수작업공구,9999,2026-03-24T00:21:59.401+09:00
13236036620,그립감편한 잘드는 에치모토 칼 세트 셰프 나이프 과일 깎기,46500,SALE,생활/건강>주방용품>칼/커팅기구>칼,9999,2026-03-24T00:21:56.277+09:00
13236036426,스타빌로 우디 3IN1 듀오 색연필 10색 세트,54590,SALE,출산/육아>완구/인형>미술놀이>색연필,19851,2026-03-24T00:21:53.168+09:00
13236036049,사쿠라 중성펜 젤리롤펜 겔리롤펜 파인 XPGB 0.8mm (화이트) (3본입),6320,SALE,생활/건강>문구/사무용품>필기도구>펜,19851,2026-03-24T00:21:46.966+09:00
13236035634,모닝글로리 PP SP 수학노트 4칸 (16절) (랜덤1개),6720,SALE,생활/건강>문구/사무용품>노트/수첩>노트,19851,2026-03-24T00:21:39.991+09:00
13236035427,비더프리 코지드림 모빌 흑백도형 세트 (화이트) (387315) (거치대 별도구매),110250,SALE,출산/육아>완구/인형>신생아/영유아완구>모빌,19851,2026-03-24T00:21:36.757+09:00
13236035220,라인플러스 원 네임펜 X (가는 글씨용) (12개입) 1다스 (파랑색),10300,SALE,생활/건강>문구/사무용품>필기도구>사인펜,19851,2026-03-24T00:21:33.577+09:00
13236035028,라인플러스 마일드핏 트윈 형광펜 (12개입) 1다스 (그린),7650,SALE,생활/건강>문구/사무용품>필기도구>형광펜,19851,2026-03-24T00:21:30.451+09:00
13236034824,모닝글로리 종합장 2000 줄없는종합장 (A) (랜덤1개) 무선종합장 초등종합장,4860,SALE,생활/건강>문구/사무용품>노트/수첩>노트,19851,2026-03-24T00:21:27.275+09:00
13236034642,모닝글로리 두꺼운 빅PP SP노트 (16절) (랜덤1개),14940,SALE,생활/건강>문구/사무용품>노트/수첩>노트,19851,2026-03-24T00:21:24.191+09:00
13236034421,모닝글로리 레자양장노트 (16절) (랜덤1개),10300,SALE,생활/건강>문구/사무용품>노트/수첩>노트,19851,2026-03-24T00:21:20.621+09:00
13236034239,모닝글로리 400자 원고지,6190,SALE,생활/건강>문구/사무용품>노트/수첩>노트,19851,2026-03-24T00:21:17.522+09:00
13236034043,모닝글로리 아카데미 원링노트 16절 (랜덤1개),5260,SALE,생활/건강>문구/사무용품>노트/수첩>노트,19851,2026-03-24T00:21:14.207+09:00
13236033713,아이코닉스 타요 스페셜 꼬마버스 친구들 세트 6종 (722893),44740,SALE,출산/육아>완구/인형>작동완구>자동차,19851,2026-03-24T00:21:09.089+09:00
13236033514,단아미 고급 수채화붓 670 세트 (4본조),10300,SALE,생활/건강>화방용품>붓>수채화붓,19851,2026-03-24T00:21:05.942+09:00
13236033322,동아연필 수성펜 헥사플러스 파인라이너 (핑크) (12개입) (1다스) 필기구,3270,SALE,생활/건강>문구/사무용품>필기도구>펜,81,2026-03-24T00:21:02.640+09:00
13236033130,바니랜드 국가대표 부메랑 링 세트,12150,SALE,출산/육아>완구/인형>작동완구>팽이,4,2026-03-24T00:20:59.471+09:00
13236032901,크리오 휴대용 칫솔 치약 세트 양치 케이스 여행용 선물용 6개,28070,SALE,생활/건강>욕실용품>욕실잡화>여행용세트,999,2026-03-24T00:20:55.619+09:00
13236032693,넘버스 여행 캐리어 파우치 정리백 세트,29660,SALE,패션잡화>여행용가방/소품>여행소품케이스,999,2026-03-24T00:20:52.430+09:00
13236032494,블랙 미니빗 거울 세트 x10개 여행용거울빗 손거울,32180,SALE,가구/인테리어>침실가구>거울>탁상거울,999,2026-03-24T00:20:49.233+09:00
13236032299,42x50cm 여행용 압축팩 2매 x3개,27270,SALE,생활/건강>수납/정리용품>압축팩,999,2026-03-24T00:20:45.944+09:00
13236032116,42x50cm 여행용 압축팩 2매 x4개,30590,SALE,생활/건강>수납/정리용품>압축팩,999,2026-03-24T00:20:42.902+09:00
13236031707,실리콘 고리 공병 고리형 수영장 샴푸 통 세트 휴대용 용기 수영 여행용 핸드크림 소분 튜브형 화장품 린스,17590,SALE,화장품/미용>뷰티소품>화장품케이스,999,2026-03-24T00:20:36.293+09:00
13236031495,뷰레이터닷컴 말랑 밤톨 파우치 키홀더 세트 미니 선물용파우치 소품 수납 정리케이스,9370,SALE,패션잡화>여성가방>파우치,7608,2026-03-24T00:20:32.843+09:00
13236031306,테니스 리턴볼 셀프 테니스 연습기 세트 DD-11692,10150,SUSPENSION,스포츠/레저>테니스>기타테니스용품,999,2026-03-24T00:20:29.626+09:00
13236031084,휴대용 실 바늘 수선 반짇고리 바느질 세트 DD-11664,4190,SUSPENSION,생활/건강>정원/원예용품>원예부자재,999,2026-03-24T00:20:26.254+09:00
13236030884,셀프 헤어 앞머리 커트 자르기 미용 숱 가위 세트 DD-11679,6690,SUSPENSION,화장품/미용>뷰티소품>헤어소품>미용가위,999,2026-03-24T00:20:22.786+09:00
13236030687,DIY 컬러 종이 포토 액자 가랜드 10P 세트 DD-11613,6690,SUSPENSION,가구/인테리어>인테리어소품>액자>벽걸이액자,999,2026-03-24T00:20:19.671+09:00
13236030474,도자기 세라믹 오리 수저 숟가락 젓가락 받침대 세트 DD-11605,21100,SUSPENSION,생활/건강>주방용품>식기>수저받침,999,2026-03-24T00:20:16.544+09:00
13236030288,나무 원목 손 발 마사지 지압봉 3종 세트 DD-11641,6170,SUSPENSION,생활/건강>안마용품>기타안마용품,999,2026-03-24T00:20:13.385+09:00
13236030088,휴대용 미니 바느질 반짇고리 9종 세트 DD-11639,6170,SUSPENSION,생활/건강>정원/원예용품>원예부자재,999,2026-03-24T00:20:10.318+09:00
13236029902,탁구 라켓 쉐이크 핸드 탁구공 탁구채 세트 DD-11578,9940,SUSPENSION,스포츠/레저>탁구>탁구라켓,999,2026-03-24T00:20:07.151+09:00
13236029714,컬러 방울 헤어 고무줄 밴드 머리 끈 20P 파우치 세트 DD-11454,5210,SUSPENSION,패션잡화>헤어액세서리>헤어끈,999,2026-03-24T00:20:04.032+09:00
13236029533,메탈 손목 시계 줄 교체 수리 공구 10종 세트 DD-11577,12270,SUSPENSION,패션잡화>시계>시계수리용품,999,2026-03-24T00:20:00.849+09:00
13236029339,샤워 목욕 타올 3종 세트 장갑 타월 볼 DD-11406,6110,SUSPENSION,생활/건강>욕실용품>샤워/목욕용품>때타월/때장갑,999,2026-03-24T00:19:57.526+09:00
13236029117,컬러 캔디 통통 머리끈 50P 파우치 세트 DD-11405,4370,SUSPENSION,패션잡화>헤어액세서리>헤어끈,999,2026-03-24T00:19:54.202+09:00
13236028913,스포츠 배드민턴 라켓 배드민턴채 가방 세트 DD-11447,20520,SUSPENSION,스포츠/레저>배드민턴>배드민턴라켓,999,2026-03-24T00:19:51.048+09:00
13236028677,반려동물 애견 배변봉투 케이스 똥봉투 세트 DD-11422,3990,SUSPENSION,생활/건강>반려동물>강아지 배변용품>배변봉투/집게,999,2026-03-24T00:19:47.650+09:00
13236028443,화분 자동급수기 식물 꽃 화분물주기 2P DD-11429,5270,SUSPENSION,생활/건강>정원/원예용품>물조리개,999,2026-03-24T00:19:44.439+09:00
13236028006,원예 식물 화분 급수기 원예용 자동급수기 DD-10184,4940,SUSPENSION,생활/건강>정원/원예용품>물조리개,999,2026-03-24T00:19:37.934+09:00
13236027801,빨대 세척솔 설거지 세척브러쉬 10p 세트 DD-09962,5840,SUSPENSION,생활/건강>주방용품>주방잡화>수세미,999,2026-03-24T00:19:34.687+09:00
13236027622,수동식 의류 압축팩 진공압축팩 40x60xm DD-10142,5050,SUSPENSION,생활/건강>수납/정리용품>압축팩,999,2026-03-24T00:19:31.543+09:00
13236027445,수동식 의류 압축팩 진공압축팩 50x70cm DD-10143,5340,SUSPENSION,생활/건강>수납/정리용품>압축팩,999,2026-03-24T00:19:28.712+09:00
13236027249,원예용 텃밭 화분 모종삽 원예도구 3종 세트 DD-10408,5540,SUSPENSION,생활/건강>공구>원예공구>기타원예공구,999,2026-03-24T00:19:25.596+09:00
13236027052,반짇고리 세트 실바늘세트 바늘 바느질세트 DD-10404,7830,SUSPENSION,생활/건강>정원/원예용품>원예부자재,999,2026-03-24T00:19:22.423+09:00
13236026851,공구 조립 미니 드라이버 파우치 세트 DD-10300,6370,SUSPENSION,생활/건강>공구>수작업공구>드라이버,999,2026-03-24T00:19:19.266+09:00
13236026654,컬러 고무줄 머리끈 파우치 세트 DD-10441,3960,SUSPENSION,패션잡화>헤어액세서리>헤어끈,999,2026-03-24T00:19:16.089+09:00
13236026435,조각칼 목공예 아트 칼 세트 13PC DD-10664,6530,SUSPENSION,생활/건강>공구>수작업공구>기타수작업공구,999,2026-03-24T00:19:12.900+09:00
13236026250,원예용 화분 분갈이 방수 매트 DD-10683,7390,SUSPENSION,생활/건강>정원/원예용품>원예부자재,999,2026-03-24T00:19:09.516+09:00
13236026040,화분 바닥 구멍 원형 깔망 배수망 小 10P DD-10616,3510,SUSPENSION,생활/건강>정원/원예용품>원예부자재,999,2026-03-24T00:19:06.415+09:00
13236025845,화분 바닥 구멍 원형 깔망 배수망 中 10P DD-10616,3680,SUSPENSION,생활/건강>정원/원예용품>원예부자재,999,2026-03-24T00:19:03.388+09:00
13236025646,차량용 접이식 퀼팅 인조가죽 트렁크 정리함 DD-10717,15460,SUSPENSION,생활/건강>자동차용품>수납용품>트렁크정리함,999,2026-03-24T00:19:00.329+09:00
13236025433,원예 화분 가꾸기 미니 모종삽 3종 세트 DD-10754,3990,SUSPENSION,생활/건강>공구>원예공구>기타원예공구,999,2026-03-24T00:18:57.099+09:00
13236025227,모양자 삼각자 각도기 제도자 4종 세트 DD-10769,5830,SUSPENSION,생활/건강>문구/사무용품>제도용품>제도용자,999,2026-03-24T00:18:53.912+09:00
13236025016,전자 부품 프라모델 정밀 핀셋 6종 세트 DD-10784,6530,SUSPENSION,생활/건강>공구>수작업공구>핀셋,999,2026-03-24T00:18:50.690+09:00
13236024788,KC인증 자연 체험 곤충 수집통 채집통 세트 DD-10809,6820,SUSPENSION,생활/건강>반려동물>기타반려동물용품,999,2026-03-24T00:18:47.539+09:00
13236024593,헤어 커트 가정용 전문가용 미용가위 세트 DD-10811,21580,SUSPENSION,화장품/미용>뷰티소품>헤어소품>미용가위,999,2026-03-24T00:18:44.270+09:00
13236024411,의류 정리 보관 옷걸이 압축팩 대형 DD-10827,8720,SUSPENSION,생활/건강>수납/정리용품>압축팩,999,2026-03-24T00:18:41.156+09:00
13236024200,의류 정리 보관 옷걸이 압축팩 67x90cm DD-10826,8270,SUSPENSION,생활/건강>수납/정리용품>압축팩,999,2026-03-24T00:18:37.968+09:00
13236023978,나홀로 셀프 탁구 놀이 연습 세트 DD-10899,8810,SUSPENSION,스포츠/레저>탁구>기타탁구용품,999,2026-03-24T00:18:34.667+09:00
13236023760,화분 자동 급수 장치 10개입 DD-10920,7670,SUSPENSION,생활/건강>정원/원예용품>물조리개,999,2026-03-24T00:18:31.547+09:00
13236023540,휴대용 스텐 귀이개 6종 세트 DD-10913,4690,SUSPENSION,식품>다이어트식품>단백질보충제>기타단백질보충제,999,2026-03-24T00:18:27.863+09:00
13236023343,똑딱이 티 단추 15컬러 150세트 기구 세트 DD-11828,26050,SUSPENSION,생활/건강>정원/원예용품>원예부자재,999,2026-03-24T00:18:24.743+09:00
13236023144,패디나이프 세트 굳은살 제거 패디플래닝 DD-11759,14620,SUSPENSION,생활/건강>발건강용품>발각질제거기,999,2026-03-24T00:18:21.591+09:00
13236022921,손톱관리세트 네일케어 손톱깎이 세트 18종 DD-11108,14290,SUSPENSION,화장품/미용>네일케어>네일케어세트,999,2026-03-24T00:18:18.211+09:00
13236022648,복스알 비트 소켓 렌치 공구 세트 DD-11217,14120,SUSPENSION,생활/건강>공구>수작업공구>렌치,999,2026-03-24T00:18:14.699+09:00
13236022439,고압 분사기 물호스 세트 물청소 호스 5m DD-11221,26080,SUSPENSION,생활/건강>자동차용품>세차용품>호스,999,2026-03-24T00:18:11.481+09:00
13236022234,나무 공예 조각도 목공용 조각칼 6종 세트 DD-11210,5840,SUSPENSION,생활/건강>화방용품>조소/판화용품>조소용품,999,2026-03-24T00:18:08.361+09:00
13236022030,나무 공예 조각도 목공용 조각칼 12종 세트 DD-11211,8480,SUSPENSION,생활/건강>화방용품>조소/판화용품>조소용품,999,2026-03-24T00:18:05.232+09:00
13236021787,31P 휴대용 멀티 드라이버 공구 세트 DD-11131,6020,SUSPENSION,생활/건강>공구>수작업공구>드라이버,999,2026-03-24T00:18:01.376+09:00
13236021583,휴대용 멀티 미니 드라이버 공구 16 세트 DD-11132,5170,SUSPENSION,생활/건강>공구>수작업공구>드라이버,999,2026-03-24T00:17:58.182+09:00
13236021382,작업용 정밀 미니 드라이버 공구 115 세트 DD-11133,22920,SUSPENSION,생활/건강>공구>수작업공구>드라이버,999,2026-03-24T00:17:54.988+09:00
13236021169,가정용 산업용 만능 실속 공구 세트 16ps DD-11134,19420,SUSPENSION,생활/건강>공구>수작업공구>공구세트,999,2026-03-24T00:17:51.673+09:00
13236020975,플유 볼펜 꾸미기 세트 한박스 12개입 볼꾸 동대문 펜꾸 꾸미기 재료 비즈볼,36420,SALE,생활/건강>문구/사무용품>필기도구>볼펜,300,2026-03-24T00:17:48.451+09:00
13236020771,손톱깎이 세트 18종 뷰티케어 얼굴 네일 손발톱 손톱깍기 BD820,21170,SALE,생활/건강>생활용품>생활선물세트,9999,2026-03-24T00:17:45.168+09:00
13236020557,Prokit(PK-2810B) 1000V 전기작업용 툴 킷 세트 PK503,391790,SALE,생활/건강>공구>수작업공구>공구세트,9999,2026-03-24T00:17:42.029+09:00
13236020325,티본 토끼손 무스비틀 누름이 세트 밥틀 주먹밥틀,19450,SALE,생활/건강>주방용품>조리기구>기타조리기구,9999,2026-03-24T00:17:38.543+09:00
13236020123,Prokit(PK-612NB) 다용도 전기작업용 공구 세트 PT530,158150,SALE,생활/건강>공구>수작업공구>공구세트,9999,2026-03-24T00:17:35.335+09:00
13236019907,Prokit(PK-2002B) 기술자용 공구 세트 전기작업용 키트 PK522,280540,SALE,생활/건강>공구>수작업공구>공구세트,9999,2026-03-24T00:17:32.077+09:00
13236019697,Prokit(PK-1900NB) 전문 전기작업용 공구 세트 PK528,549850,SALE,생활/건강>공구>수작업공구>공구세트,9999,2026-03-24T00:17:28.884+09:00
13236019465,오프너 세트 10개입 스마트폰 분해 조립 수리 툴 BD848,9100,SUSPENSION,생활/건강>공구>수작업공구>기타수작업공구,9999,2026-03-24T00:17:25.690+09:00
13236019265,PD 전원 변환 젠더 세트 6pcs C타입 to DC 2핀 2pin 면도기 충전 C type TB791,12150,SALE,디지털/가전>노트북액세서리>노트북받침대/쿨러,9999,2026-03-24T00:17:22.463+09:00
13236018966,연마 비트 세트 광택 절단 컷팅 사포 그라인딩 JA289,33240,SALE,생활/건강>공구>전동공구>비트세트,9999,2026-03-24T00:17:18.008+09:00
13236018782,물방울 핑거퍼프 2개입 미니 메이크업 스펀지 잡티 커버 도구 세트,3350,SALE,화장품/미용>색조메이크업>색조메이크업세트,9999,2026-03-24T00:17:14.885+09:00
13236018563,간절기 긴팔 상하의 세트 파자마 잠옷 봄 귀여운 학생,22100,SALE,패션의류>여성언더웨어/잠옷>잠옷/홈웨어,160,2026-03-24T00:17:11.727+09:00
13236018332,코털정리기 3P 안전한 빗살형 헤드 휴대용 케이스 세트,3680,SALE,화장품/미용>색조메이크업>색조메이크업세트,9999,2026-03-24T00:17:08.637+09:00
13236018157,스테인리스 귀지제거기 6종 세트 휴대용 귀청소 도구 키트 보관함 포함,3970,SALE,화장품/미용>색조메이크업>색조메이크업세트,9999,2026-03-24T00:17:05.403+09:00
13236017947,위생적인 칫솔보관 커버 4P 세트 여행용 휴대용 칫솔케이스 캡,4070,SALE,생활/건강>욕실용품>욕실용기/홀더>칫솔통/걸이,9999,2026-03-24T00:17:02.156+09:00
13236017737,다용도 3종 미니 와이어브러시 세트 스틸 구리 나일론 녹제거 솔,3970,SALE,생활/건강>공구>수작업공구>기타수작업공구,9999,2026-03-24T00:16:58.924+09:00
13236017541,캔따개 6개입 손톱보호 지렛대 원리 캠핑용 음료 뚜껑 오프너 세트,4440,SALE,생활/건강>주방용품>조리기구>기타조리기구,9999,2026-03-24T00:16:55.788+09:00
13236017349,전동드릴 톱 어댑터 변환 키트 목공용 절단기 날 세트 원터치 체결,4640,SALE,생활/건강>공구>절삭공구>다용도조각기,9999,2026-03-24T00:16:52.602+09:00
13236017132,이불고정집게 20P 밀림방지 클립 두꺼운 차렵이불 고정핀 커튼 집게,4930,SALE,가구/인테리어>침구단품>기타침구단품,9999,2026-03-24T00:16:49.404+09:00
13236016892,인테리어 가드닝 물뿌리개 1L 화분 물주기 원예용 물통,5100,SALE,생활/건강>정원/원예용품>물조리개,9999,2026-03-24T00:16:45.682+09:00
13236016561,독서대 책고정 집게 북홀더 3종 세트 두꺼운 전공책 문진 고정핀,5480,SALE,생활/건강>문구/사무용품>문구용품>집게,9999,2026-03-24T00:16:40.259+09:00
13236016351,벽지 손상 없는 꼭꼬핀 액자 소품 걸이 벽걸이 후크 4P 세트,5960,SALE,생활/건강>수납/정리용품>소품걸이,9999,2026-03-24T00:16:37.177+09:00
13236016137,자석 십자 일자 드라이버 세트 다용도 수공구 나사 조립 공구 2종,5860,SALE,생활/건강>공구>수작업공구>드라이버,9999,2026-03-24T00:16:34.116+09:00
13236015898,식물 관수용 새 모양 자동 물주기 화분 급수 장치 인테리어 소품,5290,SALE,생활/건강>정원/원예용품>화분,9999,2026-03-24T00:16:30.990+09:00
13236015683,벚꽃 노트북 핸드폰 꾸미기 다꾸 플라워 조각스티커 세트 27P,5130,SALE,생활/건강>문구/사무용품>스티커>다꾸스티커,60,2026-03-24T00:16:27.784+09:00
13236015474,주방 봉지 밀봉집게 10개입 음식물 과자 신선 보관용 클립 세트,5390,SALE,생활/건강>주방용품>조리기구>기타조리기구,9999,2026-03-24T00:16:24.598+09:00
13236015248,벚꽃 노트북 핸드폰 꾸미기 다꾸 플라워 조각스티커 세트 30P,5130,SALE,생활/건강>문구/사무용품>스티커>다꾸스티커,80,2026-03-24T00:16:21.253+09:00
13236015059,메모지 12종 점착 360매 고양이 점착메모지 세트,10560,SALE,생활/건강>문구/사무용품>노트/수첩>메모지,9999,2026-03-24T00:16:18.121+09:00
13236014832,손상된 나사 제거기 뭉개진 볼트 풀이 6P 세트 망가진 피스 추출기 툴,6720,SALE,생활/건강>공구>수작업공구>기타수작업공구,233,2026-03-24T00:16:14.804+09:00
13236014629,자유자재 꺾이는 연장 비트 홀더 좁은 틈새 드릴 연장대 세트 30cm,7000,SALE,생활/건강>공구>전동공구>비트세트,9999,2026-03-24T00:16:11.557+09:00
13236014431,니트 어깨자국 방지 옷걸이 논슬립 라운드형 공간절약 5P 세트,7770,SALE,생활/건강>수납/정리용품>옷걸이>일반옷걸이,9999,2026-03-24T00:16:08.354+09:00
13236014237,전동 드릴 자석 십자 비트 세트 6p 강력 고정 탄소강 임팩트 롱 6종 구성,6700,SALE,생활/건강>공구>전동공구>비트세트,9999,2026-03-24T00:16:04.909+09:00
13231088268,슬림 집게형 바지걸이 4개 옷장 정리용 회전식 논슬립 옷걸이 세트,12510,SALE,생활/건강>수납/정리용품>옷걸이>바지걸이,9999,2026-03-23T00:15:19.078+09:00
13231088073,여행용 소분 용기 튜브형 단지형 화장품 공병 세트 12종 구성,22030,SALE,화장품/미용>뷰티소품>화장품케이스,9999,2026-03-23T00:15:15.823+09:00
13231087906,여행용 소분용기 세트 6종 튜브형 단지형 화장품 공병 구성,14610,SALE,화장품/미용>뷰티소품>화장품케이스,9999,2026-03-23T00:15:12.565+09:00
13231087669,침대 매트리스 커버 고정핀 4P 흐트러짐 방지 패드 고정집게 세트,9770,SALE,가구/인테리어>침구단품>기타침구단품,9999,2026-03-23T00:15:09.407+09:00
13231087424,마호가니 17키 엄지피아노 초보자 입문용 악기 세트 파우치 포함,16240,SALE,생활/건강>악기>기타악기>기타교육용악기,43,2026-03-23T00:15:06.091+09:00
13231087201,정비용 소켓 라쳇 렌치 세트 합금강 공구함 다용도 수리 키트 툴박스,15950,SALE,생활/건강>공구>수작업공구>복스,9999,2026-03-23T00:15:02.888+09:00
13231086966,분실방지 자석 골프티꽂이 5P 비거리 향상 회전식 티걸이 세트,10520,SALE,스포츠/레저>골프>골프필드용품>거리측정기,9999,2026-03-23T00:14:59.649+09:00
13231086641,가구 이동용 지렛대 레버 무거운 냉장고 옮기기 도구 58cm 롱바 이동판 세트,23560,SALE,생활/건강>공구>운반용품>핸드카트/운반기,99,2026-03-23T00:14:56.381+09:00
13231086337,좁은 공간 다목적 라쳇 드라이버 세트 자동차 정비 비트 소켓 공구함,11760,SALE,생활/건강>공구>수작업공구>드라이버,103,2026-03-23T00:14:53.030+09:00
13231086106,무릎보호대 작업용 쿠션형 보호대 바닥 무릎꿇기 패드 2개 세트,19650,SALE,스포츠/레저>보호용품>무릎보호대,30,2026-03-23T00:14:49.766+09:00
13231085942,PA 수평에기 세트 주꾸미 갑오징어 채비 수평 드롭퍼 바다낚시,22400,SALE,스포츠/레저>낚시>낚싯대>민물루어낚싯대,9999,2026-03-23T00:14:46.521+09:00
13231085778,여성 니트 셋업 나시 반바지 여름 투피스 세트 핑크,53920,SALE,패션의류>여성의류>정장세트,9999,2026-03-23T00:14:43.326+09:00
13231085616,펜칼 볼펜칼 다꾸칼 정밀 커팅 6개 세트 DD-13158,6050,SALE,생활/건강>문구/사무용품>문구용품>사무용칼,9999,2026-03-23T00:14:40.052+09:00
13231085475,수축 튜브 세트 12mm 길이 150mm 12ea yellow T1959,7510,SALE,생활/건강>공구>전동공구>기타전동공구,9999,2026-03-23T00:14:36.945+09:00
13231085326,공구 납땜 보조툴 키트 세트 PCB 공구 장비 용품 수리 4개입 BD857,6720,SALE,생활/건강>생활용품>생활선물세트,9999,2026-03-23T00:14:33.803+09:00
13231085169,형광펜 5색 세트 파스텔 필기구 암기펜 DD-13165,6590,SALE,생활/건강>문구/사무용품>필기도구>형광펜,9999,2026-03-23T00:14:30.598+09:00
13231085024,정밀 핀셋 세트 6PCS 정전기방지 네일 비즈공예 수리 쪽집게 BD876,7120,SALE,생활/건강>공구>수작업공구>기타수작업공구,9999,2026-03-23T00:14:27.475+09:00
13231084859,수축 튜브 세트 7mm 길이 150mm 15ea yellow T1949,7120,SALE,생활/건강>공구>전동공구>기타전동공구,9999,2026-03-23T00:14:24.361+09:00
13231084715,수축 튜브 세트 2mm 길이 150mm 30ea white T1927,7120,SALE,생활/건강>공구>전동공구>기타전동공구,9999,2026-03-23T00:14:21.266+09:00
13231084567,수축 튜브 세트 15mm 길이 150mm 10ea yellow T1964,7510,SALE,생활/건강>공구>전동공구>기타전동공구,9999,2026-03-23T00:14:18.023+09:00
13231084413,틈새 세척 세척솔 미세솔 3종 세트,4330,SALE,생활/건강>청소용품>솔,9999,2026-03-23T00:14:14.926+09:00
13231084269,수축 튜브 세트 12mm 길이 150mm 12ea blue T1960,7510,SALE,생활/건강>공구>전동공구>기타전동공구,9999,2026-03-23T00:14:11.592+09:00
13231084119,수축 튜브 세트 10mm 길이 150mm 15ea yellow T1954,7510,SALE,생활/건강>공구>전동공구>기타전동공구,9999,2026-03-23T00:14:08.580+09:00
13231083964,분갈이 매트 원예용 화분 다용도 매트 (중형),4730,SUSPENSION,생활/건강>정원/원예용품>자갈/모래/흙,9999,2026-03-23T00:14:05.394+09:00
13231083821,수축 튜브 세트 7mm 길이 150mm 15ea blue T1950,7120,SALE,생활/건강>공구>전동공구>기타전동공구,9999,2026-03-23T00:14:02.171+09:00
13231083678,수축 튜브 세트 5mm 길이 150mm 20ea blue T1945,7120,SALE,생활/건강>공구>전동공구>기타전동공구,9999,2026-03-23T00:13:58.898+09:00
13231083519,수축 튜브 세트 5mm 길이 150mm 20ea yellow T1944,7120,SALE,생활/건강>공구>전동공구>기타전동공구,9999,2026-03-23T00:13:55.779+09:00
13231083362,수축 튜브 세트 4mm 길이 150mm 25ea blue T1940,7120,SALE,생활/건강>공구>전동공구>기타전동공구,9999,2026-03-23T00:13:52.538+09:00
13231083182,수축 튜브 세트 4mm 길이 150mm 25ea yellow T1939,7120,SALE,생활/건강>공구>전동공구>기타전동공구,9999,2026-03-23T00:13:49.197+09:00
13231083038,수축 튜브 세트 4mm 길이 150mm 25ea red T1938,7120,SALE,생활/건강>공구>전동공구>기타전동공구,9999,2026-03-23T00:13:45.991+09:00
13231082878,수축 튜브 세트 3mm 길이 150mm 30ea blue T1935,7120,SALE,생활/건강>공구>전동공구>기타전동공구,9999,2026-03-23T00:13:42.774+09:00
13231082733,수축 튜브 세트 3mm 길이 150mm 30ea yellow T1934,7120,SALE,생활/건강>공구>전동공구>기타전동공구,9999,2026-03-23T00:13:39.616+09:00
13231082585,수축 튜브 세트 2mm 길이 150mm 30ea blue T1930,7120,SALE,생활/건강>공구>전동공구>기타전동공구,9999,2026-03-23T00:13:36.332+09:00
13231082399,수축 튜브 세트 2mm 길이 150mm 30ea yellow T1929,7120,SALE,생활/건강>공구>전동공구>기타전동공구,9999,2026-03-23T00:13:33.122+09:00
13231082169,조리 3종 도구 국자 주걱 원목 다용도 느티나무 세트,23640,SALE,생활/건강>문구/사무용품>다이어리/플래너>스케줄러/플래너,9999,2026-03-23T00:13:29.942+09:00
13231081806,KK 차렵이불 무소음 핑크봄 K호환 모달,182470,SUSPENSION,가구/인테리어>침구단품>토퍼,9999,2026-03-23T00:13:25.381+09:00
13231081573,그레이 식물 화분 재배 부직포 베란다 중형,10640,SALE,생활/건강>정원/원예용품>화분,9999,2026-03-23T00:13:22.034+09:00
13231081327,세제 밀봉 마개 리필 뚜껑 세트 3개,24880,SALE,생활/건강>욕실용품>욕실청소용품>욕실청소도구,9999,2026-03-23T00:13:18.922+09:00
13231081014,금색 은색 도형자 스크래치 노트 (12개),25280,SALE,출산/육아>완구/인형>미술놀이>기타미술놀이,999,2026-03-23T00:13:14.476+09:00
13227183682,쿠키런킹덤 PP 인덱스 스프링 노트 쉐도우밀크쿠키,10960,SALE,생활/건강>문구/사무용품>노트/수첩>노트,999,2026-03-22T00:12:45.302+09:00
13227183492,쿠키런킹덤 PP 인덱스 스프링 노트 이터널슈가쿠키,10960,SALE,생활/건강>문구/사무용품>노트/수첩>노트,999,2026-03-22T00:12:42.351+09:00
13227183242,Prokit(PK-1938M) 통신네트워크 작업 공구 세트 전문가용 PK538,561250,SALE,생활/건강>공구>수작업공구>공구세트,9999,2026-03-22T00:12:38.934+09:00
13227183010,Prokit(SD-9815) 드라이버 세트(6PCS) 정밀 십자 일자 T0779,12150,SALE,생활/건강>공구>전동공구>기타전동공구,9999,2026-03-22T00:12:35.831+09:00
13227182778,Prokit(PK-1990B) 전기전자 공구 수리 세트 그라인더 인두기 PK524,631930,SALE,생활/건강>공구>수작업공구>공구세트,9999,2026-03-22T00:12:32.670+09:00
13227182546,Prokit(PK-813B) 일반 전기작업용 공구 세트 PK513,187320,SALE,생활/건강>공구>수작업공구>공구세트,9999,2026-03-22T00:12:29.580+09:00
13227182311,정밀 핀셋 세트 9PCS 정전기방지 네일 비즈공예 수리 쪽집게 BD852,19180,SALE,생활/건강>공구>수작업공구>기타수작업공구,9999,2026-03-22T00:12:26.479+09:00
13227182078,고양이 점착메모지 12종 360매 세트 DD-13155,10560,SALE,생활/건강>문구/사무용품>노트/수첩>메모지,9999,2026-03-22T00:12:23.428+09:00
13227181913,형광펜 25색 세트 파스텔 필기구 암기펜 DD-13166,19710,SALE,생활/건강>문구/사무용품>필기도구>형광펜,9999,2026-03-22T00:12:20.168+09:00
13227181752,드라이버 세트 비트 수납형 십자 일자 정밀 회전 헤드 멀티 공구 BF228,27140,SALE,생활/건강>공구>전동공구>기타전동공구,9999,2026-03-22T00:12:16.845+09:00
13227181581,가구 보수 마카 스크래치 복원 10색 세트 DD-13171,10960,SALE,가구/인테리어>DIY자재/용품>가구부속품>경첩/꺽쇠/자석철물류,9999,2026-03-22T00:12:13.858+09:00
13227181432,태양광 MC4 제작용 커넥터 젠더 세트 2개입 TB653,11090,SALE,디지털/가전>휴대폰액세서리>휴대폰케이블,9999,2026-03-22T00:12:10.754+09:00
13227181261,다용도 정밀 커터칼 세트 보조 칼날 교체 공예 나이프 BD873,14140,SALE,생활/건강>문구/사무용품>문구용품>사무용가위,9999,2026-03-22T00:12:07.258+09:00
13227181079,스마트폰 분해 수리 오프너 헤라 세트 칼날 BD850,15070,SALE,생활/건강>생활용품>생활선물세트,9999,2026-03-22T00:12:03.776+09:00
13227180917,Prokit(SD-9826) 전기작업용 스크류 드라이버 세트 PK298,22230,SALE,생활/건강>공구>전동공구>기타전동공구,9999,2026-03-22T00:12:00.311+09:00
13227180746,방울토마토 씨앗심기 씨드볼 미니화분 흙 패키지,11700,SALE,생활/건강>원예/식물>미니화분,9999,2026-03-22T00:11:56.827+09:00
13227180570,모닝글로리 듀얼 네임펜 1타 (12개입) (블랙),19510,SALE,생활/건강>문구/사무용품>필기도구>네임펜,9999,2026-03-22T00:11:53.438+09:00
13227180409,올인원 빗자루 세트,22520,SALE,생활/건강>청소용품>빗자루/쓰레받기,9999,2026-03-22T00:11:50.124+09:00
13227180256,축구 코너킥 깃발 세트 축구 코너깃발 4P DD-12361,68760,SALE,스포츠/레저>축구>기타축구용품,9999,2026-03-22T00:11:46.772+09:00
13227180083,깊은서랍 투명 책상정리함 4단 서랍칸막이 세트,95290,SALE,생활/건강>문구/사무용품>데스크용품>데스크정리함,9999,2026-03-22T00:11:43.508+09:00
13227179890,예쁜 필기 중성 컬러 볼펜 12색 세트 0.5mm DD-12210,12940,SALE,생활/건강>문구/사무용품>필기도구>볼펜,9999,2026-03-22T00:11:39.909+09:00
13227179740,비에스 아이스 트레이 3p+큐브 컨테이너+스쿱 세트,23160,SALE,생활/건강>주방용품>보관/밀폐용기>기타보관용기,9999,2026-03-22T00:11:36.897+09:00
13227179518,욕실청소용 분사기 세트 줄1.5M T밸브,27240,SALE,생활/건강>욕실용품>욕실화,9999,2026-03-22T00:11:32.619+09:00
13227179291,비상용 세트 백패킹 파이어 스타터 부싯돌 휘슬 서바이벌,11040,SALE,스포츠/레저>캠핑>텐트/타프용품>기타텐트/타프용품,9999,2026-03-22T00:11:27.952+09:00
13227179122,세트 반짇고리 가정용 바느질함 반짓고리,9240,SALE,생활/건강>욕실용품>욕실잡화>세숫대야,9999,2026-03-22T00:11:24.422+09:00
13227178945,소분 파우치 화장품 여행용 공병 세트 용기,15200,SALE,스포츠/레저>캠핑>침낭,9999,2026-03-22T00:11:21.144+09:00
13227178792,비트 드릴 스텝 3종 세트,14140,SALE,생활/건강>공구>전동공구>비트세트,9999,2026-03-22T00:11:17.846+09:00
13227178630,식물영양제 화분 원예 뿌리활력제 1박스(20개) -PP205,37610,SALE,패션의류>여성의류>원피스,9999,2026-03-22T00:11:14.556+09:00
13227176810,야광 올챙이 웜 소프트 스윔베이트 지그헤드 세트 24p 구성,18210,SALE,스포츠/레저>낚시>낚싯대>민물루어낚싯대,999,2026-03-22T00:10:46.965+09:00
13227176574,8단  싱킹 미노우 3p 세트 바다 선상 낚시 가짜 미끼 채비,36150,SALE,스포츠/레저>낚시>낚싯대>민물루어낚싯대,999,2026-03-22T00:10:43.326+09:00
13227176407,초경량 펜형 미니 낚시대 휴대용 입문자용 낚시 세트 93cm,27510,SALE,스포츠/레저>낚시>낚싯대>민물루어낚싯대,999,2026-03-22T00:10:39.967+09:00
13227176220,바다 민물 만능 루어낚시 미끼 모음 하드베이트 메탈스푼 세트 120종,37440,SALE,스포츠/레저>낚시>낚싯대>민물루어낚싯대,999,2026-03-22T00:10:36.569+09:00
13227176017,바다 민물 루어낚시 채비 모음 가성비 하드 소프트 베이트 세트,10390,SALE,스포츠/레저>낚시>낚싯대>민물루어낚싯대,999,2026-03-22T00:10:32.559+09:00
13227175837,바다 민물 루어낚시 채비 모음 가성비 인조미끼 세트,26410,SALE,스포츠/레저>낚시>낚싯대>민물루어낚싯대,999,2026-03-22T00:10:29.169+09:00
13227175637,원투낚시대 3.3m 갯바위 민물 바다낚시용 입문자용 카본 릴대 세트,30020,SALE,스포츠/레저>낚시>낚싯대>민물루어낚싯대,999,2026-03-22T00:10:25.455+09:00
13227175260,참돔 낚시 채비 유동형 타이라바 헤드 러버지그 세트 40g 1호,6550,SALE,스포츠/레저>낚시>낚싯대>민물루어낚싯대,999,2026-03-22T00:10:18.710+09:00
13227175080,휴대용 카본 루어대 1.5m 민물 접이식 낚시대 스피닝 로드 세트,28700,SALE,스포츠/레저>낚시>낚싯대>민물루어낚싯대,999,2026-03-22T00:10:15.443+09:00
13227174906,원투낚시 손가락 보호대 핑거글러브 2p 세트 캐스팅 장갑 장비,11030,SALE,스포츠/레저>낚시>낚시의류/잡화>낚시장갑,999,2026-03-22T00:10:12.046+09:00
13227174704,낚시 루어 양면 태클박스 12칸 2개 세트 에기 미노우 보관함 정리함,13390,SALE,스포츠/레저>낚시>낚시용품>태클박스,999,2026-03-22T00:10:08.592+09:00
13227174525,바다 루어 낚시용 메탈 바이브 18g 3종 세트 싱킹 가짜미끼,15100,SALE,스포츠/레저>낚시>낚싯대>민물루어낚싯대,999,2026-03-22T00:10:05.085+09:00
13227174345,싱킹 메탈 바이브 3개 세트 18g 바다 민물 루어낚시 미끼 채비,11980,SALE,스포츠/레저>낚시>낚싯대>민물루어낚싯대,999,2026-03-22T00:10:01.780+09:00
13227174162,배스 낚시 스피너베이트 20g 3개 세트 싱킹 루어 채비 훅 포함,13000,SALE,스포츠/레저>낚시>낚싯대>민물루어낚싯대,999,2026-03-22T00:09:58.380+09:00
13227173983,원거리 캐스팅 플로팅 미노우 18cm 23g 루어 3종 세트 삼치 농어용,13760,SALE,스포츠/레저>낚시>낚싯대>민물루어낚싯대,999,2026-03-22T00:09:54.850+09:00
13227173820,생동감 넘치는 새우형 루어낚시 웜 20개입 세트 호그타입 소프트베이트,10850,SALE,스포츠/레저>낚시>낚싯대>민물루어낚싯대,999,2026-03-22T00:09:51.520+09:00
13227173637,야광 쉐드웜 30p 세트 지그헤드 구성 바다 민물 루어 낚시채비 10g 13cm,11740,SALE,스포츠/레저>낚시>낚싯대>민물루어낚싯대,999,2026-03-22T00:09:47.824+09:00
13227173459,야광 올챙이 웜 48p 세트 배스 루어낚시 미끼 소프트 스윔베이트,23980,SALE,스포츠/레저>낚시>낚싯대>민물루어낚싯대,999,2026-03-22T00:09:44.365+09:00
13227173271,입문용 루어낚시대 릴 세트 2m 탄성 좋은 민물 바다 낚시 용품,115220,SALE,스포츠/레저>낚시>낚싯대>민물낚싯대,999,2026-03-22T00:09:40.578+09:00
13227173046,입문용 배스 낚시 입문 세트 스피닝 로드 릴 채비 포함 1.2m 구성,115220,SALE,스포츠/레저>낚시>낚싯대>민물낚싯대,999,2026-03-22T00:09:36.905+09:00
13227172873,싱킹 미노우 5cm 3개입 배스 낚시용 하드베이트 세트,10270,SALE,스포츠/레저>낚시>낚싯대>민물루어낚싯대,999,2026-03-22T00:09:33.615+09:00
13227172528,쏘가리 낚시 스피너베이트 3종 세트 20g 싱킹 루어채비 3P 구성,13000,SALE,스포츠/레저>낚시>낚싯대>민물루어낚싯대,999,2026-03-22T00:09:27.100+09:00
13227172355,낚시 루어 양면 태클박스 12칸 2개 세트 미노우 에기 보관 케이스 통,11450,SALE,스포츠/레저>낚시>낚시용품>태클박스,999,2026-03-22T00:09:23.707+09:00
13227172181,리얼 액션 쉐드웜 7cm 10p 세트 광어 갈치 선상 바다 루어 낚시 채비,18030,SALE,스포츠/레저>낚시>낚싯대>민물루어낚싯대,999,2026-03-22T00:09:20.340+09:00
13227171918,초보자용 2.4m 원투낚시대 바다 민물 겸용 휴대용 릴낚시로드 세트,22910,SALE,스포츠/레저>낚시>낚싯대>민물루어낚싯대,999,2026-03-22T00:09:16.954+09:00
13227171646,싱킹 펜슬베이트 3종 세트 바다 루어 미끼 10cm 18g,14210,SALE,스포츠/레저>낚시>낚싯대>민물루어낚싯대,999,2026-03-22T00:09:13.318+09:00
13227171404,바이브레이션 메탈지그 3개입 20g 갈치 루어 낚시 미끼 세트,11580,SALE,스포츠/레저>낚시>낚싯대>민물루어낚싯대,999,2026-03-22T00:09:09.989+09:00
13227171114,빙어 붕어 겨울 얼음낚시 찌 15종 세트 민물 낚시용품 채비 모음,10790,SALE,스포츠/레저>낚시>민물낚시>찌,999,2026-03-22T00:09:06.437+09:00
13227170850,민물 붕어낚시 고감도 발사 막대찌 3종 세트 하우스 낚시찌 모음,10580,SALE,스포츠/레저>낚시>민물낚시>찌,999,2026-03-22T00:09:02.906+09:00
13227170619,민물 붕어 잉어 낚시용 고감도 발사 막대찌 3개입 세트 40.5cm,9240,SALE,스포츠/레저>낚시>민물낚시>찌,999,2026-03-22T00:08:59.495+09:00
13227170439,비거리 18cm 플로팅 미노우 루어 3P 세트 삼치용,13470,SALE,스포츠/레저>낚시>낚싯대>민물루어낚싯대,999,2026-03-22T00:08:55.835+09:00
13227170267,민물 붕어낚시 고감도 발사 막대찌 3종 세트 하우스 낚시용 채비,10740,SALE,스포츠/레저>낚시>민물낚시>찌,999,2026-03-22T00:08:52.243+09:00
13227170100,초보용 민물 낚시대 2.4m 원투 루어대 휴대용 접이식 낚싯대 세트,22800,SALE,스포츠/레저>낚시>낚싯대>민물루어낚싯대,999,2026-03-22T00:08:48.777+09:00
13227169921,초보용 민물 원투 루어 낚시대 2.7m 휴대용 낚시로드 세트 가이드캡 포함,25100,SALE,스포츠/레저>낚시>낚싯대>민물루어낚싯대,999,2026-03-22T00:08:45.293+09:00
13227169739,초보용 바다 민물 원투 낚시대 3m 휴대용 루어 낚시로드 세트,27200,SALE,스포츠/레저>낚시>낚싯대>민물루어낚싯대,999,2026-03-22T00:08:41.557+09:00
13227169570,입문용 베이트릴 루어대 세트 멀티컬러 라인 1.6m,85120,SALE,스포츠/레저>낚시>바다낚시>바다낚시세트,999,2026-03-22T00:08:38.101+09:00
13227169391,입문용 베이트릴 루어 낚시대 세트 오색합사라인 1.6m 구성,85120,SALE,스포츠/레저>낚시>바다낚시>바다낚시세트,999,2026-03-22T00:08:34.535+09:00
13227169212,민물 루어낚시 입문용 베이트릴 낚싯대 세트 2.1m 풀구성,93860,SALE,스포츠/레저>낚시>바다낚시>바다낚시세트,999,2026-03-22T00:08:30.992+09:00
13227169027,입문용 루어낚시대 베이트릴 세트 멀티컬러 합사라인 풀패키지,75870,SALE,스포츠/레저>낚시>낚싯대>민물루어낚싯대,999,2026-03-22T00:08:27.485+09:00
13227168846,입문용 루어낚싯대 세트 베이트릴 채비 포함 풀패키지 구성,81680,SALE,스포츠/레저>낚시>바다낚시>바다낚시세트,999,2026-03-22T00:08:23.949+09:00
13227168658,초보용 루어낚시대 베이트릴 입문 풀패키지 2.1m 세트,77120,SALE,스포츠/레저>낚시>낚싯대>민물루어낚싯대,999,2026-03-22T00:08:20.364+09:00
13227168469,초보용 바다 민물 루어대 원투 낚싯대 3m 휴대용 낚시대 세트,27050,SALE,스포츠/레저>낚시>낚싯대>민물루어낚싯대,999,2026-03-22T00:08:16.680+09:00
13227168251,입문용 베이트릴 루어낚시대 세트 2.1m 민물 바다 낚시 장비 모음,93600,SALE,스포츠/레저>낚시>바다낚시>바다낚시세트,999,2026-03-22T00:08:12.505+09:00
13227168068,입문용 베이트 루어낚시 풀패키지 민물 바다 낚싯대 릴 채비 세트,75870,SALE,스포츠/레저>낚시>바다낚시>바다낚시세트,999,2026-03-22T00:08:08.683+09:00
13227167839,자동 소멸 잉크펜 2개 리필심 50개 세트 사라지는 공부용 볼펜,7740,SALE,생활/건강>문구/사무용품>필기도구>볼펜,999,2026-03-22T00:08:04.463+09:00
13223036708,발렌타인 무지개 우산 1단 우산 장우산 성인용우산 3단 접이 양산 1단 장 우산,24340,SALE,패션잡화>패션소품>우산>수동우산,9999,2026-03-21T00:19:33.505+09:00
13223036560,강아지 소고기 스테이크 100g 6P 세트 미디움웰던 애견 습식 간식,24750,SALE,생활/건강>반려동물>강아지 간식>수제간식,9999,2026-03-21T00:19:30.325+09:00
13223036320,강아지 연어 스테이크 100g 6P 세트 미디움웰던 애견 습식 간식,24750,SALE,생활/건강>반려동물>강아지 간식>수제간식,9999,2026-03-21T00:19:26.748+09:00
13223036158,PP-5202 미니어처 화분 장식 테라리움 재료 토끼 12종세트 꾸미기 식물 데코,38140,SALE,가구/인테리어>인테리어소품>기타장식용품,9999,2026-03-21T00:19:23.647+09:00
13223035992,커팅 돌돌이 사선 청소 세트 먼지 16cm 광폭 리필,10830,SALE,생활/건강>청소용품>테이프클리너,9999,2026-03-21T00:19:20.430+09:00
13223035777,최대 실속형 크리너 핸들형 커팅 스탠드 세트 돌돌이,40930,SALE,생활/건강>청소용품>테이프클리너,9999,2026-03-21T00:19:17.119+09:00
13223035609,커팅 테이프 세트 사선 본체1+리필2개 25cm 크리너 특대,28860,SALE,생활/건강>청소용품>테이프클리너,9999,2026-03-21T00:19:13.956+09:00
13223035414,100 샤워기 세트 욕실 수전 헤드 블랙 해바라기,38280,SALE,생활/건강>욕실용품>샤워기>일반샤워기,9999,2026-03-21T00:19:10.674+09:00
13223035153,원형 욕실 실버 수전 헤드 샤워 세트 해바라기,31910,SALE,생활/건강>욕실용품>샤워기>일반샤워기,9999,2026-03-21T00:19:05.904+09:00
13223034880,리모델링 원형 레드 헤드 샤워기 세트 해바라기 수전,30190,SALE,생활/건강>욕실용품>샤워기>일반샤워기,9999,2026-03-21T00:19:01.087+09:00
13223034644,샤워기 욕실 부품 해바라기 헤드 원형 세트 블랙 부속,30190,SALE,생활/건강>욕실용품>샤워기>일반샤워기,9999,2026-03-21T00:18:56.432+09:00
13223034350,국내 세트 생산 크리너 리필 + 롱핸들 2매 밀대형,38140,SALE,생활/건강>청소용품>테이프클리너,9999,2026-03-21T00:18:51.330+09:00
13223034193,크리너 소 세트 먼지제 거기 테이프 10cm 청소 국내,18520,SALE,생활/건강>청소용품>테이프클리너,9999,2026-03-21T00:18:48.189+09:00
13223034014,국산 고점착 본품+교체용 2매 머리카락청소 세트 테이프,18920,SALE,생활/건강>청소용품>테이프클리너,9999,2026-03-21T00:18:44.998+09:00
13223033809,교체 세트 절수 해바라기 200 헤드 화이트 샤워기,31130,SALE,생활/건강>욕실용품>샤워기>일반샤워기,9999,2026-03-21T00:18:41.723+09:00
13223033535,선반 브라켓 창틀 수납 화분 다용도 멀티 베란다 받침대,17600,SALE,생활/건강>수납/정리용품>선반/진열대>스탠드선반/진열대,9999,2026-03-21T00:18:36.923+09:00
13223033369,화분 다용도 수납 선반 브라켓 창틀 베란다 멀티 1+1,31130,SALE,생활/건강>수납/정리용품>선반/진열대>스탠드선반/진열대,9999,2026-03-21T00:18:33.815+09:00
13223033155,화분부직포 5P 4호 H30cm D40cm,20150,SALE,생활/건강>정원/원예용품>화분,22,2026-03-21T00:18:30.584+09:00
13223032989,휴대용 고급형 귀이개 6종 세트 옐로우,4150,SALE,화장품/미용>헤어케어>헤어케어세트,99992,2026-03-21T00:18:27.347+09:00
13223032816,홀마크 생일 축하 감사 미니카드 15종 세트,9970,SALE,생활/건강>문구/사무용품>카드/엽서/봉투>카드,99999,2026-03-21T00:18:24.059+09:00
13223032588,지워지는 프린세스 볼펜-36EA,31150,SALE,생활/건강>문구/사무용품>필기도구>볼펜,999,2026-03-21T00:18:20.880+09:00
13223032251,여성 캐주얼 와이드 팬츠 크롭 집업 라인 트레이닝 세트,53390,SALE,패션의류>여성의류>트레이닝복,9999,2026-03-21T00:18:14.711+09:00
13223032023,고급형 수압 강력 마사지 샤워기 헤드 필터 5개입 세트,12550,SUSPENSION,생활/건강>욕실용품>샤워기>일반샤워기,99557,2026-03-21T00:18:11.304+09:00
13223031249,(BE) 메카 라인 뮤직 노트 A4 80 매 검정,31910,SALE,패션잡화>여행용가방/소품>여행소품케이스,9999,2026-03-21T00:17:57.003+09:00
13223031046,프린세스 캐릭터 학생 케이스 학용품 문구 세트 랜덤3개,38410,SALE,출산/육아>유아동잡화>가방>백팩,9999,2026-03-21T00:17:53.760+09:00
13223030856,(BE) 메카 라인 뮤직 노트 B4 20 매 검정,27540,SALE,생활/건강>문구/사무용품>노트/수첩>노트,9999,2026-03-21T00:17:50.553+09:00
13223030685,프린세스 캐릭터 학생 노트 공책 연습장 종합장 6개,23290,SALE,생활/건강>문구/사무용품>노트/수첩>노트,9999,2026-03-21T00:17:47.372+09:00
13223030467,200x150 블루 접이식 휴대용 야외 방수 돗자리 매트 손잡이 깔개 피크닉 돛자리 공원 잔디,22630,SALE,스포츠/레저>캠핑>캠핑매트,9999,2026-03-21T00:17:44.058+09:00
13223030311,2m 블루 접이식 휴대용 야외 방수 돗자리 매트 손잡이 깔개 피크닉 돛자리 공원 잔디,27620,SALE,스포츠/레저>캠핑>캠핑매트,9998,2026-03-21T00:17:40.884+09:00
13223030139,2m 노랑 접이식 휴대용 야외 방수 돗자리 매트 손잡이 깔개 피크닉 돛자리 공원 잔디,27620,SALE,스포츠/레저>캠핑>캠핑매트,9999,2026-03-21T00:17:37.700+09:00
13223029937,2m 초코 접이식 휴대용 야외 방수 돗자리 매트 손잡이 깔개 피크닉 돛자리 공원 잔디,27620,SALE,스포츠/레저>캠핑>캠핑매트,9999,2026-03-21T00:17:34.557+09:00
13223029746,200x150 초코 접이식 휴대용 야외 방수 돗자리 매트 손잡이 깔개 피크닉 돛자리 공원 잔디,22630,SALE,스포츠/레저>캠핑>캠핑매트,9999,2026-03-21T00:17:31.307+09:00
13223029564,냉감 쇼파 소파 매트 깔개 여름 패드 85x200 블루,77260,SALE,가구/인테리어>홈데코>커버류>소파커버/패드,999,2026-03-21T00:17:28.102+09:00
13223029355,우등생 코넬 원링 스프링노트 (4권),10430,SALE,생활/건강>문구/사무용품>노트/수첩>노트,99999,2026-03-21T00:17:24.927+09:00
13223029187,화분 선인장화분 사각 다육이 소형화분 작은화분,4200,SUSPENSION,생활/건강>정원/원예용품>화분,999,2026-03-21T00:17:21.757+09:00
13223029001,등산고리 (8cm) 세트 카라비너 캠핑고리 등산용 카라비나,8710,SALE,스포츠/레저>등산>기타등산장비,999,2026-03-21T00:17:18.593+09:00
13223028777,컬러매트(특대형)200x240cm 캔디 국산 캠핑 돗자리,61610,SALE,생활/건강>생활용품>생활선물세트,999,2026-03-21T00:17:15.075+09:00
13223028611,포함 젓가락 캠핑 티타늄 가벼운 전용가방 수저 세트,34700,SALE,스포츠/레저>캠핑>취사용품>기타취사용품,999,2026-03-21T00:17:12.009+09:00
13223028434,핸드 캠핑 팥빙수 세트 빙수기 슬러시 만들기 가정용,31910,SALE,디지털/가전>주방가전>빙수기,999,2026-03-21T00:17:08.900+09:00
13223028205,YM-PLS3 충전식 랜턴 세트 조명스탠드 무선LED라이트 휴대용 캠핑용등 SMJ,52730,SALE,스포츠/레저>캠핑>랜턴>실내/실외등,999,2026-03-21T00:17:05.614+09:00
13223027992,매트 아기상어 140 x 핑크퐁 캠핑 200,79120,SALE,스포츠/레저>캠핑>캠핑매트,999,2026-03-21T00:17:02.273+09:00
13223027835,나뭇잎 냉장고 자석 4개 세트 9P 현관문 마그넷,23130,SUSPENSION,가구/인테리어>인테리어소품>기타장식용품,9999,2026-03-21T00:16:59.088+09:00
13223027634,캠핑컵 4종 캠핑마운틴 포함 주전자 세트 케틀 백패킹 스토브 (1.5L),139980,SALE,생활/건강>주방용품>주전자/티포트>주전자,999,2026-03-21T00:16:55.899+09:00
13223027290,액자고리 나사 세트,3180,SUSPENSION,가구/인테리어>인테리어소품>액자>퍼즐/그림/사진액자,999,2026-03-21T00:16:49.455+09:00
13223027076,원형 식물 화분 지지대,5560,SUSPENSION,생활/건강>정원/원예용품>원예부자재,999,2026-03-21T00:16:46.387+09:00
13223026906,원예용 방수 화분 분갈이 매트 100x100cm,7080,SUSPENSION,생활/건강>정원/원예용품>원예부자재,999,2026-03-21T00:16:43.180+09:00
13223026686,비트홀더 보관 걸이 5종 세트,13630,SUSPENSION,생활/건강>공구>전동공구>비트세트,999,2026-03-21T00:16:39.715+09:00
13223026499,찰흙 지점토 점토 클레이 도구 10종 세트,5410,SUSPENSION,출산/육아>완구/인형>미술놀이>클레이,999,2026-03-21T00:16:36.524+09:00
13223026289,컬러 사진 페이퍼 종이액자 프레임 세트,6070,SUSPENSION,가구/인테리어>인테리어소품>액자>탁상용액자,999,2026-03-21T00:16:32.662+09:00
13223026109,노끈 벽 사진걸이 꾸미기 사진집게 세트,5140,SUSPENSION,가구/인테리어>인테리어소품>액자>포토보드/집게,999,2026-03-21T00:16:29.487+09:00
13223025859,노끈 사진 걸이 가랜드 세트,5510,SUSPENSION,생활/건강>문구/사무용품>이벤트/파티용품>가랜드,999,2026-03-21T00:16:25.205+09:00
13223025684,봄꽃화분 18x18x18cm 화분 도기 선인장화분,45040,SALE,생활/건강>정원/원예용품>화분,999,2026-03-21T00:16:22.031+09:00
13223025521,30x35 화분 수지 선인장화분 작은꽃화분 원통,64530,SALE,생활/건강>정원/원예용품>화분,999,2026-03-21T00:16:18.869+09:00
13223025352,화분 선인장화분 사무실화분 33x26cm 포트,35360,SALE,생활/건강>정원/원예용품>화분,999,2026-03-21T00:16:15.631+09:00
13223025156,화산석 화분 선인장화분 20x12cm 튼튼한화분,58960,SALE,생활/건강>정원/원예용품>화분,999,2026-03-21T00:16:12.017+09:00
13223024968,선인장화분 사무실화분 화분 23x23x32 수지,72750,SALE,생활/건강>정원/원예용품>화분,999,2026-03-21T00:16:08.440+09:00
13223024798,스텐드 도자기꽃화분 2구 화분 선인장화분 우드,56180,SALE,생활/건강>정원/원예용품>화분,999,2026-03-21T00:16:05.138+09:00
13223024629,베란다화분 화분 선인장화분 29x50cm 롱팟,46370,SALE,생활/건강>정원/원예용품>화분,999,2026-03-21T00:16:01.938+09:00
13223024456,화이트 그래니트 화분 분재 다육이화분 선인장화분,50610,SALE,생활/건강>정원/원예용품>화분,999,2026-03-21T00:15:58.709+09:00
13223024297,23x23 화분 수지 오각 선인장화분 긴화분,50610,SALE,생활/건강>정원/원예용품>화분,999,2026-03-21T00:15:55.689+09:00
13223024103,화분 선인장화분 스텐드 도자기꽃화분 우드 3구,72750,SALE,생활/건강>정원/원예용품>화분,999,2026-03-21T00:15:52.422+09:00
13223023923,캠핑컵 주전자 캠핑마운틴 스토브 백패킹 케틀 (1.5L) 4종 포함 세트,139980,SALE,생활/건강>주방용품>주전자/티포트>주전자,999,2026-03-21T00:15:49.055+09:00
13223023749,각인 공예펜 캠핑 나무 우드굽기펜 DIY,28200,SALE,가구/인테리어>인테리어소품>전통공예소품,9999,2026-03-21T00:15:45.670+09:00
13223023489,휴대용 네일케어 손톱깎이 세트,6590,SALE,화장품/미용>네일케어>네일아트,999,2026-03-21T00:15:41.352+09:00
13223023234,원예 모종 이식 미니 분갈이 도구 2P,4860,SALE,생활/건강>원예/식물>플라워소품만들기,999,2026-03-21T00:15:36.358+09:00
13223023062,발렌타인 장우산 이중방풍무지 검정 75cmx8k 박스(40개입),797540,SALE,생활/건강>문구/사무용품>문구용품>문구세트,9999,2026-03-21T00:15:33.267+09:00
13223022882,발렌타인 양우산 3단 수동 봄맞이꽃 50cmx6k 박스(60개입),1035430,SALE,생활/건강>문구/사무용품>문구용품>문구세트,9999,2026-03-21T00:15:29.769+09:00
13223022688,발렌타인 장우산 폰지 검정 자동 80cmx8k 박스(40개입),754980,SALE,생활/건강>문구/사무용품>문구용품>문구세트,9999,2026-03-21T00:15:26.572+09:00
13223022517,발렌타인 장우산 폰지 검정 자동 80cmx8k (1개),21830,SALE,생활/건강>문구/사무용품>문구용품>문구세트,9999,2026-03-21T00:15:23.405+09:00
13223022334,발렌타인 장우산 수동 우드곡자 65cmx12k 박스(40개입),617610,SALE,생활/건강>문구/사무용품>문구용품>문구세트,9999,2026-03-21T00:15:20.273+09:00
13223022180,72종 여성 잠옷 원피스 투피스 세트 홈웨어 봄 여름 가을 수면잠옷,13880,SALE,패션의류>남성언더웨어/잠옷>잠옷/홈웨어,52065,2026-03-21T00:15:17.130+09:00
13223021992,돈 물고있는 재물운 돈거북 케이스 세트,9480,SALE,가구/인테리어>인테리어소품>장식미니어처,20,2026-03-21T00:15:13.878+09:00
13223021778,전동드릴용 철브러쉬 5p 세트 녹제거 드릴 브러쉬,11760,SALE,생활/건강>청소용품>솔,9999,2026-03-21T00:15:10.776+09:00
13223021518,고급 연꽃 쥬얼리 포장 상자 쇼핑백 세트,5920,SALE,패션잡화>주얼리>주얼리소품>보관함/케이스,9999,2026-03-21T00:15:07.489+09:00
13223021324,자동급수 저면관수 화분 자동물주기 13x14cm,5660,SALE,생활/건강>정원/원예용품>화분,9999,2026-03-21T00:15:04.265+09:00
13223021168,자동급수 저면관수 화분 자동물주기 11x12cm,4860,SALE,생활/건강>정원/원예용품>화분,9999,2026-03-21T00:15:01.282+09:00
13223021007,화분 식물고정클립 식물 고정 지지대 (50P),4330,SALE,생활/건강>정원/원예용품>자갈/모래/흙,9999,2026-03-21T00:14:58.231+09:00
13223020843,정전기 방지 네일아트 프라모델 핀셋 세트,5390,SALE,생활/건강>공구>수작업공구>기타수작업공구,9999,2026-03-21T00:14:55.060+09:00
13223020663,자동급수 저면관수 화분 자동물주기 16.6x17cm,7380,SALE,생활/건강>정원/원예용품>화분,9999,2026-03-21T00:14:51.938+09:00
13223020494,인덕션 스크래퍼 칼날 세트 전자레인지 청소,8180,SALE,생활/건강>청소용품>기타청소용품,9999,2026-03-21T00:14:48.867+09:00
13223020313,잔솔 안경 코받침 세트 실리콘 패드 교체 콧대 받침대,10170,SALE,패션잡화>선글라스/안경테>선글라스 케이스/소품,9999,2026-03-21T00:14:45.732+09:00
13223020153,마더보드 청소용 브러쉬 세트 불순물 제거 PCB IK027,17190,SUSPENSION,디지털/가전>PC액세서리>클리너,9999,2026-03-21T00:14:42.533+09:00
13223019978,핀셋 세트(8pcs) 정밀 핀셋 정전기 방지 네일아트 비즈공예 쪽집게 ID670,25150,SUSPENSION,생활/건강>공구>수작업공구>기타수작업공구,9999,2026-03-21T00:14:39.327+09:00
13223019790,정전기 방지 플라스틱 핀셋 집게 7종 세트(7pcs) ID751,11760,SUSPENSION,생활/건강>공구>수작업공구>기타수작업공구,9999,2026-03-21T00:14:36.065+09:00
13223019594,다기능 정밀 펜 타입 조각칼 교체형 헤드 칼날 메인보드 수리용 세트 BF639,33240,SUSPENSION,생활/건강>공구>수작업공구>기타수작업공구,9999,2026-03-21T00:14:32.374+09:00
13223019445,테이프 마스킹 다꾸 파스텔 단색 세트,18250,SALE,생활/건강>문구/사무용품>테이프>일반테이프,9999,2026-03-21T00:14:29.312+09:00
13223019172,세안 헤어밴드 귀여운 극세사 리본 세트,6450,SALE,패션잡화>헤어액세서리>헤어밴드,9999,2026-03-21T00:14:24.480+09:00
13223018981,업소용 스테인레스 빗자루 쓰레받기 세트,26080,SALE,생활/건강>청소용품>빗자루/쓰레받기,9999,2026-03-21T00:14:21.256+09:00
13223018829,플로깅 환경 교구 키트 세트 환경보호 지구의날 행사,16800,SALE,출산/육아>완구/인형>언어/학습완구>기타언어/학습완구,99953,2026-03-21T00:14:18.065+09:00
13223018646,식물이름표 수목명찰 나무팻말 하트 라벨 네임택 꽃 화분,4320,SALE,생활/건강>정원/원예용품>원예부자재,99842,2026-03-21T00:14:14.665+09:00
13223018455,FEJKA 페이카 인조 다육 식물 다육이 화분 인테리어 6cm 3개 소품 미니,10970,SALE,생활/건강>수납/정리용품>선반/진열대>코너선반/진열대,9999,2026-03-21T00:14:11.324+09:00
13223018272,거치대 미니멀 칫솔통 칫솔 홀더 양치컵 케이스 걸이 욕실용품 세트,8910,SALE,생활/건강>욕실용품>욕실용기/홀더>칫솔통/걸이,9999,2026-03-21T00:14:08.048+09:00
13223018106,칫솔꽂이 세트 욕실 칫솔걸이 흡착 양치 홀더 거치대 수납 정리 인테리어,13760,SALE,생활/건강>욕실용품>욕실용기/홀더>칫솔통/걸이,9999,2026-03-21T00:14:04.948+09:00
13223017944,양치컵 세트 칫솔 치솔 거치대 욕실컵걸이 양치 인테리어 욕실 수납 정리,8420,SALE,생활/건강>욕실용품>욕실용기/홀더>칫솔통/걸이,9999,2026-03-21T00:14:01.914+09:00
13223017759,원형화분 DAIDAI 다이다이 화분 원예 미니화분 황동색 9cm 거실화분 인테리어,7450,SALE,생활/건강>수납/정리용품>선반/진열대>코너선반/진열대,9999,2026-03-21T00:13:58.665+09:00
13223017586,일자형 묘목 식물 지지대 45cm 10개 작물 화분 화초 지주대 텃밭 식물지지대 원예,6940,SALE,생활/건강>정원/원예용품>화분받침,9999,2026-03-21T00:13:55.399+09:00
13223017431,원형 울타리 식물 지지대 45X35 꽃 넝쿨 화분 화초 지주대 원예 작물 텃밭,6200,SALE,생활/건강>정원/원예용품>화분받침,9999,2026-03-21T00:13:52.260+09:00
13223017259,원형 울타리 식물 지지대 텃밭 45X18 넝쿨 화분 화초 꽃 지주대 원예 작물,5780,SALE,생활/건강>정원/원예용품>화분받침,9999,2026-03-21T00:13:49.112+09:00
13223017070,원형 울타리 넝쿨 식물 지지대 30X28 화분 화초 꽃 지주대 원예 작물 텃밭,4660,SALE,생활/건강>정원/원예용품>화분받침,9999,2026-03-21T00:13:45.846+09:00
13223016860,식물 꽃 줄기 고정 지지대 37cm 5개 화분 화초 넝쿨 지주대 텃밭 작물 묘목 식물지지대 원예,5630,SALE,생활/건강>정원/원예용품>화분받침,9999,2026-03-21T00:13:42.720+09:00
13223016591,식물 꽃 줄기 고정 작물 지주대 지지대 27cm 5개 화분 텃밭 화초 넝쿨 묘목 식물지지대 원예,5470,SALE,생활/건강>정원/원예용품>화분받침,9999,2026-03-21T00:13:39.536+09:00
13223016347,수세미 스카치브라이트 변기용 청소솔 브러쉬 세트 변기청소 바닥청소 화장실 브러시 청소용품 청소,11930,SALE,스포츠/레저>자전거>자전거용품>세척제,9999,2026-03-21T00:13:36.402+09:00
13223016091,T형 화분 식물 나무 이름표 네임텍중형10개 다육식물 36cm 라벨 모종이름 화단 정원 농장,9160,SALE,생활/건강>문구/사무용품>문구용품>기타문구용품,9999,2026-03-21T00:13:33.385+09:00
13223015849,집모양 꽂이형 화분 이름표 네임텍 10개 라벨 모종이름 다육식물 화단 정원 농장,5250,SALE,생활/건강>문구/사무용품>문구용품>기타문구용품,9999,2026-03-21T00:13:30.164+09:00
13223015591,미니 하트 꽂이형 화분 이름표 네임텍 20개 라벨 화단 모종이름 다육식물 정원 농장,4150,SALE,생활/건강>문구/사무용품>문구용품>기타문구용품,9999,2026-03-21T00:13:27.011+09:00
13223015362,꽃 미니 칼라 화분 받침대 모종 화분컵 사각 20칸 다육이 세트 다육이화분 관찰화분 미니화분 식물,9500,SALE,생활/건강>수납/정리용품>선반/진열대>코너선반/진열대,9999,2026-03-21T00:13:23.651+09:00
13223015199,미니 관찰화분 칼라 화분 받침대 화분컵 사각 12칸 세트 모종 다육이 꽃 미니화분 식물,7580,SALE,생활/건강>수납/정리용품>선반/진열대>코너선반/진열대,9999,2026-03-21T00:13:20.426+09:00
13223015018,칼라 꽂이형 화분 이름표 식물 네임택 정원 20개 라벨 모종이름 다육식물 화단 농장,4580,SALE,생활/건강>문구/사무용품>문구용품>기타문구용품,9999,2026-03-21T00:13:17.294+09:00
13223014850,사무용 필기용 캠퍼스 아이러브코리아 볼펜 사무용품 5개 세트 학습용 학용품,5590,SALE,생활/건강>문구/사무용품>필기도구>볼펜,9999,2026-03-21T00:13:14.006+09:00
13223014611,미니 관리 원예 도구 3P 세트 화분 정원 다육이 텃밭,3710,SALE,생활/건강>정원/원예용품>정원데코,9999,2026-03-21T00:13:10.727+09:00
13223014460,침대 밀림방지 커버 고정 밴드 클립 4P 세트 시트 패드 침실 침대고정,4480,SALE,가구/인테리어>인테리어소품>액자>탁상용액자,9999,2026-03-21T00:13:07.574+09:00
13223014286,휴지통 봉지 고정 클립 2P 세트 고정핀 쓰레기통 집게 밀몽 봉투,3360,SALE,가구/인테리어>인테리어소품>액자>탁상용액자,9999,2026-03-21T00:13:04.251+09:00
13223014055,자석 드라이버 15종 세트 공구 수리 소형 미니 가정,5060,SUSPENSION,생활/건강>공구>수작업공구>드라이버,9999,2026-03-21T00:13:00.811+09:00
13223013891,조리도구 청소솔 3P 틈새솔 세트 미니솔 설거지 세척솔,4540,SALE,생활/건강>세탁용품>빨래판,9999,2026-03-21T00:12:57.555+09:00
13223013719,발뒤꿈치 쿠션 패드 2P 세트 투명 구두 새신발 보호 굳은살,3600,SALE,스포츠/레저>보호용품>어깨보호대,9999,2026-03-21T00:12:54.362+09:00
13223013522,스크류 구르프 머리 2P 세트 헤어 스타일 셋팅 소품,4860,SALE,패션잡화>헤어액세서리>헤어밴드,9999,2026-03-21T00:12:51.281+09:00
13223013334,도자기 라떼 카푸치노 커피잔 받침 세트 화이트 카페 200ml 티타임 찻잔 집들이,13330,SALE,생활/건강>주방용품>잔/컵>찻잔,9999,2026-03-21T00:12:48.019+09:00
13223013126,헤어 스타일링 도구 소품 미용 4P 세트 똥머리 빗,3870,SALE,패션잡화>헤어액세서리>헤어밴드,9999,2026-03-21T00:12:44.666+09:00
13223012926,침대 시트 고정 클립 12P 세트 커버 침실 패드 밀림방지 침대고정,4680,SALE,가구/인테리어>인테리어소품>액자>탁상용액자,9999,2026-03-21T00:12:41.536+09:00
13223012733,부착식 손잡이 4P 세트 창문 문 베란다 유리문 미닫이,4580,SALE,가구/인테리어>DIY자재/용품>손잡이,9999,2026-03-21T00:12:38.209+09:00
13223012540,텀블러 용기 청소솔 2P 브러쉬 미니솔 세트 세척 틈새솔 틈새청소 청소,4730,SALE,출산/육아>소독/살균용품>젖병솔,9999,2026-03-21T00:12:34.932+09:00
13223012294,원형 화분 원화분 15치 블루베리 텃밭 미니,30850,SALE,생활/건강>정원/원예용품>화분,99830,2026-03-21T00:12:31.393+09:00
13217763562,핸드드립 인용 핸드 드립커피 드립 홈카페 세트 커피 비스프리 드리퍼 102D,7920,SALE,생활/건강>주방용품>커피용품>커피추출기,9999,2026-03-20T00:17:38.167+09:00
13217763347,여성 노트북 가방 숄더백 토끼키링 증정 대학생 여자 서류 파우치 맥북 그램 갤럭시북,48620,SALE,패션잡화>여성가방>숄더백,9999,2026-03-20T00:17:35.003+09:00
13217763118,원예 미니 모종삽 3종 세트 분갈이 꽃삽 텃밭 도구 다육이심기 갈퀴 식물 꾸미기 미니삽,4200,SALE,생활/건강>공구>원예공구>농기구,9999,2026-03-20T00:17:31.644+09:00
13217762726,은은한 펄감 메탈릭 마커펜 12 색 세트 페인트 마카 보드 칠판 유리 윈도우 컬러,16130,SALE,생활/건강>문구/사무용품>필기도구>보드마카,9999,2026-03-20T00:17:24.842+09:00
13217762519,하트 벌룬 메세지 카드 10 매 세트 꽃집 기념일 발렌타인 화이트데이 어버이날 미니,8970,SALE,생활/건강>문구/사무용품>카드/엽서/봉투>카드,9999,2026-03-20T00:17:21.569+09:00
13217762312,인상 유화 페이퍼백 디자인 봉투 6장 세트 답례품 포장 선물 구디백 쿠키,8710,SALE,생활/건강>공구>포장용품>포장지,9999,2026-03-20T00:17:18.488+09:00
13217762096,빈티지 블루 체크 포장 재료 세트 선물 포장지 생일 축하 포장재 포장끈 스티커,13880,SALE,생활/건강>공구>포장용품>리본,9999,2026-03-20T00:17:15.100+09:00
13217761892,플라워 페이퍼백 디자인 봉투 6장 세트 답례품 포장 선물 구디백 쿠키,8710,SALE,생활/건강>공구>포장용품>포장지,9999,2026-03-20T00:17:11.879+09:00
13217761698,크리스마스 친구들 별상자 선물 캔디 초콜릿 성탄절,3540,SALE,생활/건강>공구>포장용품>선물박스,9999,2026-03-20T00:17:08.841+09:00
13217761503,선물주는 산타 별상자 캔디 초콜릿 크리스마스 성탄절,3540,SALE,생활/건강>공구>포장용품>선물박스,9999,2026-03-20T00:17:05.848+09:00
13217761325,메리 크리스마스 별상자 선물 캔디 초콜릿 성탄절,3540,SALE,생활/건강>공구>포장용품>선물박스,9999,2026-03-20T00:17:02.819+09:00
13217761136,화이트 크리스마스 별상자 선물 캔디 초콜릿 성탄절,3540,SALE,생활/건강>공구>포장용품>선물박스,9999,2026-03-20T00:16:59.836+09:00
13217760945,화분 분갈이 바닥 망사(3호) 배수판 물구멍 깔망 화분깔망 화분배,3140,SALE,생활/건강>정원/원예용품>원예부자재,9999,2026-03-20T00:16:56.605+09:00
13217760766,화분 분갈이 바닥 망사(5호) 배수판 물구멍 깔망 화분깔망 화분배,3400,SALE,생활/건강>정원/원예용품>원예부자재,9999,2026-03-20T00:16:53.696+09:00
13217760573,화분 분갈이 바닥 망사(1호) 배수판 물구멍 깔망 화분깔망 화분배,3140,SALE,생활/건강>정원/원예용품>원예부자재,9999,2026-03-20T00:16:50.553+09:00
13217760360,레이스 리본 상자 레몬 선물 포장 캔디 초콜릿 쿠키 종이 박스 파스텔,3670,SALE,생활/건강>공구>포장용품>선물박스,9999,2026-03-20T00:16:47.385+09:00
13217760118,레이스 리본 상자 크라프트 선물 포장 캔디 초콜릿 쿠키 종이 박스 파스텔,3670,SALE,생활/건강>공구>포장용품>선물박스,9999,2026-03-20T00:16:43.664+09:00
13217759933,레이스 리본 상자 민트 선물 포장 캔디 초콜릿 쿠키 종이 박스 파스텔,3670,SALE,생활/건강>공구>포장용품>선물박스,9999,2026-03-20T00:16:40.714+09:00
13217759718,레이스 리본 상자 핑크 선물 포장 캔디 초콜릿 쿠키 종이 박스 파스텔,3670,SALE,생활/건강>공구>포장용품>선물박스,9999,2026-03-20T00:16:37.493+09:00
13217759513,동물원 친구들 땡큐 감사 카드 6매 세트 엽서 축하 예쁜,4990,SALE,생활/건강>문구/사무용품>카드/엽서/봉투>카드,9999,2026-03-20T00:16:34.235+09:00
13217759322,야생화 땡큐 감사 카드 6매 세트 엽서 플라워 축하 예쁜,4990,SALE,생활/건강>문구/사무용품>카드/엽서/봉투>카드,9999,2026-03-20T00:16:31.076+09:00
13217758918,연꽃 쥬얼리 포장 상자 쇼핑백 세트 주얼리함 악세사리 보관함 케이스 귀걸이 박스 선물,5920,SALE,패션잡화>주얼리>주얼리소품>보관함/케이스,9999,2026-03-20T00:16:24.693+09:00
13217758716,땡큐 메세지 미니 카드 그린 30 매 세트 감사 선물 꽃다발 엽서 포장,4990,SALE,생활/건강>문구/사무용품>카드/엽서/봉투>카드,9999,2026-03-20T00:16:21.500+09:00
13217758532,땡큐 메세지 미니 카드 핑크 30 매 세트 감사 선물 꽃다발 엽서 포장,4990,SALE,생활/건강>문구/사무용품>카드/엽서/봉투>카드,9999,2026-03-20T00:16:18.263+09:00
13217758332,레토 컬러 보드 마카 8색 세트 마커 마커펜 마카펜 화이트보드펜,9630,SALE,생활/건강>문구/사무용품>필기도구>보드마카,9999,2026-03-20T00:16:14.997+09:00
13217758142,레토 컬러 보드 마카 12 색 세트 마커 마커펜 마카펜 화이트보드펜,9630,SALE,생활/건강>문구/사무용품>필기도구>보드마카,9999,2026-03-20T00:16:11.717+09:00
13217757915,펌프형 세제통+ 수세미 세트 주방세 설거지 펌프세 푸쉬세 펌핑세 용기,5920,SALE,생활/건강>주방용품>주방잡화>수세미,9999,2026-03-20T00:16:08.347+09:00
13217757629,밀폐 밀봉 집게 세트 소(5개) 봉투 클립 봉지집게,4070,SALE,생활/건강>수납/정리용품>선반/진열대>스탠드선반/진열대,9999,2026-03-20T00:16:03.528+09:00
13217757431,고무줄 헤어밴드 1봉지 젤리 컬러 머리 머리끈 세트 기본 고탄력,4200,SALE,패션잡화>헤어액세서리>헤어핀,9999,2026-03-20T00:16:00.126+09:00
13217757240,고무줄 헤어밴드 1봉지 반투명 컬러 머리 머리끈 세트 기본 고탄력,4200,SALE,패션잡화>헤어액세서리>헤어핀,9999,2026-03-20T00:15:56.885+09:00
13217757036,고무줄 헤어밴드 1봉지 펄글로스 머리 머리끈 세트 기본 고탄력,4200,SALE,패션잡화>헤어액세서리>헤어핀,9999,2026-03-20T00:15:53.645+09:00
13217756858,파스텔 리본 머리끈 세트(5개 묶음) 곱창 헤어 슈슈 밴드 똥머리 여성 스크런치,4600,SALE,패션잡화>헤어액세서리>헤어핀,9999,2026-03-20T00:15:50.452+09:00
13217756626,BAR 칵테일 쉐이커 700ml 바용품 와인용품 주방용품 세트,15080,SALE,생활/건강>주방용품>와인용품>스토퍼/세이버,9999,2026-03-20T00:15:46.838+09:00
13217756349,바리 드립 핸드드립 포트 0.7L 핸드 세트 주전자 핸드세트 커피 서버,22460,SALE,생활/건강>주방용품>커피용품>여과지,9999,2026-03-20T00:15:42.489+09:00
13217756126,커피 핸드 드립 드리퍼 받침대 커피용품 화이트 서버 드립서버 커피받침 세트 용품,3730,SALE,생활/건강>주방용품>커피용품>여과지,9999,2026-03-20T00:15:38.900+09:00
13217755930,유리핸드 유리 홈카페 커피 드리퍼 핸드세트 102D 인용 핸드 드립 세트,14100,SALE,생활/건강>주방용품>커피용품>커피추출기,9999,2026-03-20T00:15:35.697+09:00
13217755697,커피드립 도자기 커피 드리퍼 드립커피 화이트 인용 핸드 핸드세트 드립 세트,13330,SALE,생활/건강>주방용품>커피용품>커피추출기,9999,2026-03-20T00:15:32.244+09:00
13217755498,영진 102D 커피 드리퍼 핸드드립 인용 홈카페 핸드세트 핸드 드립 세트,6720,SALE,생활/건강>주방용품>커피용품>커피추출기,9999,2026-03-20T00:15:29.087+09:00
13217755307,영진 101D 커피 드리퍼 인용 커피세트 핸드 드립 홈카페 드립커피 세트,6150,SALE,생활/건강>주방용품>커피용품>커피추출기,9999,2026-03-20T00:15:25.934+09:00
13217755106,드립서버 드립 세트 102D 인용 주전자 포트 드리퍼 커피세트 커피 서버 용품,25570,SALE,생활/건강>주방용품>커피용품>여과지,9999,2026-03-20T00:15:22.836+09:00
13217754903,드립 세트 101D 인용 홈카페 포트 주전자 드리퍼 커피 서버 용품,21160,SALE,생활/건강>주방용품>커피용품>여과지,9999,2026-03-20T00:15:19.705+09:00
13217754706,드립 서버 드립포트 커피세트 800ml 커피 용품 메이커 직화용 세트 핸드 포트,19530,SALE,생활/건강>주방용품>커피용품>커피추출기,9999,2026-03-20T00:15:16.575+09:00
13217754501,드립 서버 500ml 커피 용품 직화유리주전자 직화용 세트 핸드 포트 메이커 드립포트 커피세트,17470,SALE,생활/건강>주방용품>커피용품>커피추출기,9999,2026-03-20T00:15:13.402+09:00
13217754293,드립포트 드립 서버 300ml 커피 유리주전자 용품 세트 메이커 핸드 포트,15400,SALE,생활/건강>주방용품>커피용품>커피추출기,9999,2026-03-20T00:15:10.202+09:00
13217754101,유선노트 노트 스프링 대형4000 유선 종합장 공책,5950,SUSPENSION,생활/건강>문구/사무용품>노트/수첩>노트,9999,2026-03-20T00:15:07.041+09:00
13217753897,스프링 노트중형2000 유선 종합장 공책 노트,4500,SALE,생활/건강>문구/사무용품>노트/수첩>노트,9999,2026-03-20T00:15:03.818+09:00
13217753702,노랑 대용량 2단 손잡이 필통 지퍼 패브릭 필통 필기구 파우치 천필통 학생,6620,SALE,생활/건강>문구/사무용품>필기도구>필통,9994,2026-03-20T00:15:00.507+09:00
13217753498,베이지 대용량 2단 손잡이 필통 지퍼 패브릭 필통 필기구 파우치 천필통 학생,6490,SALE,생활/건강>문구/사무용품>필기도구>필통,9992,2026-03-20T00:14:57.322+09:00
13217753276,네이비 대용량 2단 손잡이 필통 지퍼 패브릭 필통 필기구 파우치 천필통,6620,SALE,생활/건강>문구/사무용품>필기도구>필통,9977,2026-03-20T00:14:54.006+09:00
13217753048,무지 390ml 종이컵 개폐형 백색 뚜껑 200개 세트,49410,SALE,생활/건강>주방용품>주방잡화>종이컵,9999,2026-03-20T00:14:50.477+09:00
13217752878,분사기 연결구 멀티 말랑 원예 물 호스 세트 25M,47030,SALE,생활/건강>자동차용품>세차용품>호스,9999,2026-03-20T00:14:47.408+09:00
13217752669,미니 스프레이건 분사기 청소건 코일 호스 5M 세트,43850,SALE,생활/건강>자동차용품>세차용품>호스,9999,2026-03-20T00:14:43.791+09:00
13217752438,여성 러블리 라운드 모카무스 리본 홈웨어 파자마 세트,20380,SALE,패션의류>여성의류>티셔츠,9999,2026-03-20T00:14:40.572+09:00
13217752255,일체형 미용실 업소 빗자루 자동 쓰레받기 쓰레받이 세트,30720,SALE,생활/건강>청소용품>빗자루/쓰레받기,9999,2026-03-20T00:14:37.425+09:00
13217752053,3단 길이조절 봉 타입 리필 5롤 테이프 클리너 세트,45570,SALE,생활/건강>청소용품>테이프클리너,9999,2026-03-20T00:14:34.274+09:00
13217751856,허니문 로즈 링 수저 받침 5개입 세트,31910,SALE,생활/건강>욕실용품>세면대/수전용품>수도용품,9999,2026-03-20T00:14:30.930+09:00
13217751550,츄파춥스 미니 케익(블루) 발렌타인 화이트 데이 선물,33900,SALE,식품>과자/베이커리>사탕,9999,2026-03-20T00:14:26.320+09:00
13217751339,겨울 거실 쇼파 컬러 쿠션 덮개 사각 커버 4장 세트,30720,SALE,가구/인테리어>거실가구>소파>인조가죽소파,9999,2026-03-20T00:14:23.253+09:00
13217751151,DIY 어린이 종이 셀로판지 안경 만들기 12개 세트,10300,SALE,출산/육아>완구/인형>미술놀이>색칠공부,9999,2026-03-20T00:14:20.064+09:00
13217750947,크라운 멀티 올잉원 팩 필기구 선물세트 (민트),10960,SALE,생활/건강>문구/사무용품>필기도구>볼펜,99999,2026-03-20T00:14:16.890+09:00
13217750788,크라운 멀티 올잉원 팩 필기구 선물세트 (핑크),10960,SALE,생활/건강>문구/사무용품>필기도구>볼펜,99999,2026-03-20T00:14:13.870+09:00
13217750575,크라운 멀티 올잉원 팩 필기구 선물세트 (화이트),13610,SALE,생활/건강>문구/사무용품>필기도구>볼펜,99999,2026-03-20T00:14:10.796+09:00
13217750384,휴대용 빗거울 세트 1P 예쁜 손거울,25120,SALE,가구/인테리어>침실가구>거울>탁상거울,9999,2026-03-20T00:14:07.763+09:00
13217750202,소풍돗자리 텐트매트 140x200cm 캠핑매트 야외돗자리 계곡돗자리 중형,60020,SALE,생활/건강>생활용품>생활선물세트,999,2026-03-20T00:14:04.749+09:00
13217750024,12장 세트 방수 화살표 스티커 PVC 25cm12.5cm S11069,7510,SUSPENSION,생활/건강>문구/사무용품>스티커>다꾸스티커,300,2026-03-20T00:14:01.797+09:00
13217749795,랜덤1장 꽂는 벌레 끈끈이 날파리 벌레 트랩 화분 초파리 퇴치 접착 끈적이는 벌레 잡이,3400,SALE,생활/건강>생활용품>해충퇴치용품>모기채/파리채,8215,2026-03-20T00:13:58.546+09:00
13217749584,창틀 청소솔+쓰레받기 세트 미세 틈새 청소 브러쉬 구석 창문틀 솔 먼지 제거 미니,3400,SALE,생활/건강>청소용품>유리닦이용품,642,2026-03-20T00:13:55.309+09:00
13217749399,1개 핑크 빗자루 쓰레받이 세트 미니 소형 아동 유아 책상 데스크 초등학교 청소 도구,3990,SALE,생활/건강>청소용품>빗자루/쓰레받기,9978,2026-03-20T00:13:52.233+09:00
13217749204,캠핑 렉타타프 (3M) 세트 그늘막타프,147940,SALE,스포츠/레저>캠핑>텐트/타프용품>기타텐트/타프용품,999,2026-03-20T00:13:49.052+09:00
13217749009,백패킹 세트 캠핑마운틴 4종 (1.5L) 캠핑컵 포함 주전자 스토브 케틀,140380,SALE,생활/건강>주방용품>주전자/티포트>주전자,999,2026-03-20T00:13:46.024+09:00
13217748800,우드 대용량 세트 캠핑주전자 스토브 (1.5L) 캠핑마운틴 케틀,110010,SALE,생활/건강>주방용품>주전자/티포트>주전자,999,2026-03-20T00:13:42.917+09:00
13217748631,색랜덤 1개 벽면 접착식 소품 꽂이 보관함 수납대 리모컨 벽부착 소품함 필기구 거치대,5440,SALE,생활/건강>수납/정리용품>정리함>소품정리함,9881,2026-03-20T00:13:39.866+09:00
13217748404,플라스틱 사선 꽂이 연필 펜 필기구 꽂이함 브러시 정리함 보관함 탕비실 도구 수납 대,5250,SALE,생활/건강>문구/사무용품>필기도구>필통,9994,2026-03-20T00:13:36.477+09:00
13217748183,일회용 먼지털이 세트 정전기 가구 실내 자동차 먼지 제거 떨이 털기 털이개 미니,9330,SALE,생활/건강>청소용품>먼지떨이/먼지제거기,9663,2026-03-20T00:13:33.251+09:00
13217748003,세트 캠핑주전자 캠핑마운틴 우드 케틀 스토브 (1L),104970,SALE,생활/건강>주방용품>주전자/티포트>주전자,999,2026-03-20T00:13:30.135+09:00
13217747815,포크 숟가락 등산 티에라 2종 세트 캠핑 수저,15730,SALE,스포츠/레저>캠핑>취사용품>기타취사용품,999,2026-03-20T00:13:27.141+09:00
13217747622,x 캠핑매트 경량돗자리 200 140cm 돗자리매트,81640,SUSPENSION,스포츠/레저>캠핑>캠핑매트,999,2026-03-20T00:13:24.213+09:00
13217747436,줄눈 정리 제거기 실리콘 세트 헤라 타일,22360,SALE,생활/건강>공구>수작업공구>기타수작업공구,9999,2026-03-20T00:13:21.122+09:00
13217747254,국내산 봄 도다리 도다리탕 세트 도다리800g 쑥 40g,33690,SALE,식품>수산물>생선>기타생선,1000,2026-03-20T00:13:17.967+09:00
13217747037,잔솔 수리 줄이기 교체 세트 건전지 공구 손목 시계줄,18650,SALE,패션잡화>시계>시계소품>시계줄,999,2026-03-20T00:13:14.753+09:00
13217746847,3종 타일 드릴비트 기리 잔솔 목공 스텐 날 세트 전동,17720,SALE,생활/건강>공구>전동공구>기타전동공구,999,2026-03-20T00:13:11.573+09:00
13217746644,캠핑 피크닉 돗자리 150x150cm 야외용 방수 매트 나들이 깔개,10100,SALE,생활/건강>주방용품>제수용품>돗자리,999,2026-03-20T00:13:08.473+09:00
13217746421,나들이 돗자리 캠핑 방수 매트 170x180cm 거실 다용도 깔개,13960,SALE,생활/건강>주방용품>제수용품>돗자리,999,2026-03-20T00:13:05.064+09:00
13217746227,대형 캠핑매트 240x200 접이식 방습 돗자리 야외 피크닉 나들이 매트,45950,SALE,스포츠/레저>캠핑>캠핑매트,999,2026-03-20T00:13:01.934+09:00
13217746011,마운틴 피크닉매트 방수 돗자리 150x200,27620,SALE,스포츠/레저>캠핑>캠핑매트,999,2026-03-20T00:12:58.775+09:00
13217745819,세트 고결 3종 설려 여성,47820,SALE,화장품/미용>스킨케어>화장품세트,999,2026-03-20T00:12:55.533+09:00
13217745353,듀라빔 에어베드 퀸 사이즈 네이비 캠핑 자충 매트 손펌프 포함 세트,89100,SALE,스포츠/레저>캠핑>캠핑매트,999,2026-03-20T00:12:48.657+09:00
13217745111,듀라빔 에어베드 싱글 그린 캠핑 자충매트 발펌프 포함 세트,60130,SALE,스포츠/레저>캠핑>캠핑매트,999,2026-03-20T00:12:45.093+09:00
13217744932,듀라빔 캠핑 에어베드 발펌프 포함 세트 킹사이즈 네이비,108180,SALE,스포츠/레저>캠핑>캠핑매트,999,2026-03-20T00:12:41.980+09:00
13217744727,듀라빔 캠핑 에어베드 수퍼싱글 네이비 발펌프 포함 세트,74380,SALE,스포츠/레저>캠핑>캠핑매트,999,2026-03-20T00:12:38.717+09:00
13217744517,터프빌트 현장 작업대 세트 2EA TB-C700 접이식,441120,SALE,생활/건강>공구>수작업공구>작업대,999,2026-03-20T00:12:35.320+09:00
13217744319,체크 피크닉 매트 140x150cm 접이식 방수 돗자리 레드 휴대용 캠핑 깔개,20100,SALE,생활/건강>주방용품>제수용품>돗자리,999,2026-03-20T00:12:32.111+09:00
13217744100,체크 접이식 피크닉 매트 140x150cm 옐로 방수 돗자리 캠핑 나들이,20100,SALE,생활/건강>주방용품>제수용품>돗자리,999,2026-03-20T00:12:28.889+09:00
13217743896,체크 접이식 피크닉 매트 200x200cm 대형 방수 돗자리 옐로 휴대용 캠핑 나들이,38130,SALE,생활/건강>주방용품>제수용품>돗자리,999,2026-03-20T00:12:25.718+09:00
13217743701,비비드 체크 방수돗자리 150x200 접이식 피크닉매트 휴대용 캠핑 돗자리,25520,SALE,생활/건강>주방용품>제수용품>돗자리,999,2026-03-20T00:12:22.508+09:00
13217743511,대형 피크닉매트 180x200cm 접이식 방수 돗자리 야외 캠핑,18700,SALE,생활/건강>주방용품>제수용품>돗자리,999,2026-03-20T00:12:19.302+09:00
13217743291,체크 피크닉매트 150x200cm 방수 돗자리 야외 캠핑용품,37830,SALE,생활/건강>주방용품>제수용품>돗자리,999,2026-03-20T00:12:16.035+09:00
13217743070,꼬마 스푼포크 세트 핑크퐁,17330,SALE,출산/육아>이유식용품>연습용젓가락,47,2026-03-20T00:12:12.763+09:00
13217742862,세트 케이스 스푼포크 꼬마 핑크퐁,21570,SALE,출산/육아>이유식용품>연습용젓가락,42,2026-03-20T00:12:09.478+09:00
13217742661,캠핑 불꽃 착화기 파이어스틸 부싯돌 세트,14080,SALE,스포츠/레저>캠핑>취사용품>기타취사용품,999,2026-03-20T00:12:06.260+09:00
13217742433,교정젓가락 세트 큐티 입체 핑크퐁,27010,SALE,출산/육아>이유식용품>연습용젓가락,35,2026-03-20T00:12:02.660+09:00
13217742198,식판 도시락 스텐 핑크퐁 콤팩트 세트,31250,SALE,출산/육아>이유식용품>유아식기,32,2026-03-20T00:11:59.301+09:00
13217741991,핑크퐁 스푼포크 세트 입체 케이스,33110,SALE,출산/육아>이유식용품>연습용젓가락,40,2026-03-20T00:11:56.181+09:00
13217741808,재난 대비 비상용품 생존도구 세트 1024종 다목적 구급함 키트,73600,SALE,스포츠/레저>캠핑>텐트/타프용품>기타텐트/타프용품,999,2026-03-20T00:11:53.015+09:00
13217741613,재난 대비 비상용 생존 세트 1024종 구급 응급 구호 장비 모음,75420,SUSPENSION,스포츠/레저>캠핑>텐트/타프용품>기타텐트/타프용품,999,2026-03-20T00:11:49.828+09:00
13217741395,보들보들 플란넬 극세사 차렵이불 150x200cm,38450,SALE,가구/인테리어>침구단품>홑이불,999,2026-03-20T00:11:46.556+09:00
13217741185,보들보들 플란넬 극세사 차렵이불 캠핑 무릎담요 150x200cm,37180,SALE,가구/인테리어>침구단품>무릎담요,999,2026-03-20T00:11:43.281+09:00
13217740768,캠핑 인디언행어 가죽 고리 10P 세트 다용도 랜턴 냄비 걸이,16170,SALE,스포츠/레저>캠핑>텐트/타프용품>기타텐트/타프용품,999,2026-03-20T00:11:36.819+09:00
13217740571,바겐슈타이거 스텐 푸드 스크래퍼 믹싱 서빙 주걱 멀티 반죽 스크래퍼 세트,40560,SALE,생활/건강>주방용품>조리기구>집게,999,2026-03-20T00:11:33.576+09:00
13217740364,핑크풋 지우개 볼펜 필기 도구 학용품 지워지는 볼펜,5020,SALE,생활/건강>문구/사무용품>필기도구>볼펜,999,2026-03-20T00:11:30.340+09:00
13217740155,유리 머그컵 세트 머그잔 커피잔 유리컵 손잡이 2p,6070,SALE,생활/건강>주방용품>잔/컵>머그,999,2026-03-20T00:11:27.156+09:00
13217739932,스타 티볼 베이스 세트 티볼 베이스판 체육 교구,95770,SUSPENSION,스포츠/레저>야구>야구공,999,2026-03-20T00:11:23.720+09:00
13217739691,자동차 비상용품 세트,41340,SALE,생활/건강>공구>안전용품>비상/구난용품,999,2026-03-20T00:11:20.427+09:00
13217739466,다용도 파라코드 생존 키링 등산 캠핑 낙하산줄 비상 도구 세트,10970,SALE,스포츠/레저>캠핑>텐트/타프용품>기타텐트/타프용품,999,2026-03-20T00:11:16.803+09:00
13217739249,아웃도어 비상용 생존 장비 10종 키트 캠핑 등산 재난 대비 응급 도구 세트,54160,SALE,스포츠/레저>캠핑>텐트/타프용품>기타텐트/타프용품,999,2026-03-20T00:11:13.558+09:00
13217739035,방수 접이식 피크닉매트 캠핑 돗자리 140x150cm,21030,SALE,생활/건강>주방용품>제수용품>돗자리,999,2026-03-20T00:11:10.301+09:00
13217738817,밀리터리 다이캐스트 미니카 12종 세트 전투기 탱크 군용차 장난감 어린이 자동차 장난감,18350,SALE,생활/건강>수집품>모형/프라모델/피규어>밀리터리,999,2026-03-20T00:11:06.784+09:00
13217738606,퀸센스 인덕션 스텐 냄비세트 IH 편수 양수 전골 찜 냄비 3종 세트,110110,SALE,생활/건강>주방용품>냄비/솥>직화냄비,999,2026-03-20T00:11:03.462+09:00
13217738384,차량용 알루미늄 페달 커버 세트 자동차 튜닝 미끄럼방지 브레이크 페달,63660,SALE,생활/건강>자동차용품>인테리어용품>페달용품,999,2026-03-20T00:11:00.129+09:00
13217737997,핑크래빗 펫하우스 장난감 세트 미니 인형놀이 키즈 역할놀이 완구,25510,SALE,출산/육아>완구/인형>역할놀이/소꿉놀이>화장놀이,999,2026-03-20T00:10:53.675+09:00
13217737797,핑크래빗 스터디룸 인형놀이 세트 공부방 미니가구 역할놀이 어린이 완구 장난감 선물,21410,SALE,출산/육아>완구/인형>역할놀이/소꿉놀이>화장놀이,999,2026-03-20T00:10:50.506+09:00
13217737595,특수 미니카 세트 경찰차 소방차 구급차 탱크 헬기 자동차 장난감 어린이 완구 선물,27550,SALE,생활/건강>수집품>모형/프라모델/피규어>프라모델,999,2026-03-20T00:10:47.328+09:00
13217737400,로보카폴리 구조대 자동차 장난감 미니카 세트 어린이 완구 선물,44180,SALE,생활/건강>수집품>모형/프라모델/피규어>프라모델,999,2026-03-20T00:10:44.201+09:00
13217737216,토키즈 중장비 장난감 미니카 세트 다이캐스팅 건설차 포크레인 덤프트럭 자동차 완구,28570,SALE,생활/건강>수집품>모형/프라모델/피규어>프라모델,999,2026-03-20T00:10:41.058+09:00
13217737010,토키즈 군용 미니카 세트 다이캐스팅 탱크 헬리콥터 군대 자동차 장난감 어린이 선물,28570,SALE,생활/건강>수집품>모형/프라모델/피규어>프라모델,999,2026-03-20T00:10:37.872+09:00
13217736806,파워메탈 중장비 미니카 세트 건설차 포크레인 덤프트럭 자동차 장난감 어린이 완구 선물,27550,SALE,생활/건강>수집품>모형/프라모델/피규어>프라모델,999,2026-03-20T00:10:34.638+09:00
13217736602,밀리터리 카캐리어 미니카 세트 군용 자동차 어린이 장난감 완구 선물,28570,SALE,생활/건강>수집품>모형/프라모델/피규어>프라모델,999,2026-03-20T00:10:31.510+09:00
13217736381,군용 밀리터리 파워6 미니카 6종 세트 자동차 탱크 헬기 군용차 장난감 완구 선물,15280,SALE,생활/건강>수집품>모형/프라모델/피규어>프라모델,999,2026-03-20T00:10:28.224+09:00
13217736121,뽀로로 베이비볼 미니카 세트 자동차 장난감 루피 크롱 어린이 완구 선물,21410,SALE,생활/건강>수집품>모형/프라모델/피규어>프라모델,999,2026-03-20T00:10:25.037+09:00
13217735908,귀청 귀이개 LED 세트 귀파개 소기 7종,16260,SALE,생활/건강>건강관리용품>금연용품,199,2026-03-20T00:10:21.839+09:00
13217735676,야외 옥상 빨래줄집게 세트 여행용 베란다 빨랫줄,5130,SALE,생활/건강>세탁용품>빨랫줄,999,2026-03-20T00:10:18.266+09:00
13217735470,그린 양말 덧신 여성 예쁜 7개 세트 여름 페이스삭스,20770,SALE,패션잡화>양말>여성양말>중목/장목양말,999,2026-03-20T00:10:15.017+09:00
13217735250,세트 여름 4개 로퍼 예쁜 여성 구두 덧신 레이스,13880,SALE,패션잡화>양말>여성양말>중목/장목양말,999,2026-03-20T00:10:11.641+09:00
13217735031,양말 여성 세트 여름 꽃무늬 덧신 예쁜 여자 WL 메쉬 8개,28070,SALE,패션잡화>양말>여성양말>중목/장목양말,999,2026-03-20T00:10:08.299+09:00
13217734821,스타스포츠 축구훈련용품 접시콘 세트 (그린블루) (SA318S),59200,SALE,스포츠/레저>축구>축구연습용품,19851,2026-03-20T00:10:04.921+09:00
13217734615,스타스포츠 피클볼 패들 세트 (NXR710S),65690,SALE,스포츠/레저>탁구>탁구라켓,19851,2026-03-20T00:10:01.522+09:00
13217734398,민물 루어낚시 입문용 낚싯대 릴 세트 경량 스피닝로드 채비 포함,51190,SALE,스포츠/레저>낚시>낚싯대>민물루어낚싯대,999,2026-03-20T00:09:58.174+09:00
13217734221,민물 바다 겸용 경량 루어 낚싯대 스피닝릴 세트 BH200 풀구성,51190,SALE,스포츠/레저>낚시>바다낚시>바다낚시세트,999,2026-03-20T00:09:55.132+09:00
13217734000,스핀캐스트 낚싯대 세트 민물 루어 낚시 입문용 풀세트 채비 포함,73910,SALE,스포츠/레저>낚시>낚싯대>민물루어낚싯대,999,2026-03-20T00:09:51.646+09:00
13217733780,핑크풋 재미있는 탐험 낙서장 킬링타임 스트레스해소,5850,SALE,생활/건강>화방용품>전문지류/미술지류>스케치북/크로키북,999,2026-03-20T00:09:48.300+09:00
13217733523,핑크풋 와글와글 칸넓은 코넬 노트 공책 저학년 (8권세트),17760,SALE,생활/건강>문구/사무용품>노트/수첩>노트,999,2026-03-20T00:09:44.572+09:00
13217733325,공사용 구멍뚫기 나사선 비트 드릴탭 탭핑비트 세트,24490,SALE,가구/인테리어>인테리어소품>기타장식용품,9999,2026-03-20T00:09:41.185+09:00
13217733104,국내산 스포츠 중목 양말 5켤레 세트 크루 삭스 남성용 블랙,14860,SALE,패션잡화>양말>남성양말>스포츠양말,999,2026-03-20T00:09:37.863+09:00
13217732870,국내산 스포츠 중목 양말 5켤레 세트 크루 삭스 여성용 블랙,14860,SALE,패션잡화>양말>남성양말>스포츠양말,999,2026-03-20T00:09:34.055+09:00
13217732651,국내산 스포츠 중목 양말 5켤레 세트 크루 삭스 남성용 화이트,14860,SALE,패션잡화>양말>남성양말>스포츠양말,999,2026-03-20T00:09:30.916+09:00
13217732435,국내산 스포츠 중목 양말 5켤레 세트 크루 삭스 여성용 화이트,14860,SALE,패션잡화>양말>남성양말>스포츠양말,999,2026-03-20T00:09:27.589+09:00
13217732199,플유 동아 세라믹 사이드 샤프세트 0.5mm (샤프 1개+샤프심 1개+지우개1개)세트 필기구 팬시용품,6250,SALE,생활/건강>문구/사무용품>문구용품>문구세트,600,2026-03-20T00:09:23.971+09:00
13217731989,플유 1-2 일기장 제본노트 공책 색상랜덤 2개,4990,SALE,생활/건강>문구/사무용품>노트/수첩>노트,296,2026-03-20T00:09:20.717+09:00
13217731798,플유 1-2 일기장 제본노트 공책 색상랜덤 1개,4200,SALE,생활/건강>문구/사무용품>노트/수첩>노트,296,2026-03-20T00:09:17.494+09:00
13217731572,플유 3-6 일기장 제본노트 공책 색상랜덤 2개,4990,SALE,생활/건강>문구/사무용품>노트/수첩>노트,296,2026-03-20T00:09:14.268+09:00
13217731374,플유 3-6 일기장 제본노트 공책 색상랜덤 1개,4200,SALE,생활/건강>문구/사무용품>노트/수첩>노트,296,2026-03-20T00:09:10.920+09:00
13217731169,플유 몰랑이 무지 종합장 5탄 랜덤 낱개 1개 그림 그리기 학용품 줄없는 초등학생 노트 스프링 공책 준비물,4860,SALE,생활/건강>문구/사무용품>노트/수첩>노트,636,2026-03-20T00:09:07.588+09:00
13217730983,강력 세척 철칫솔 창틀 청소 화구 철솔 쇠솔 3종 세트 쇠 칫솔 튀김기 동 브러쉬 구리 불판 와이어 나일론,5260,SALE,생활/건강>청소용품>솔,9999,2026-03-20T00:09:04.292+09:00
13217730729,A5 크라프트 스프링노트 공책 유선 60매,4990,SALE,생활/건강>문구/사무용품>노트/수첩>노트,9999,2026-03-20T00:09:00.464+09:00
13217730525,전원(DC) 잭 세트 10종 BU556,10170,SALE,디지털/가전>PC부품>PC케이블>기타케이블,9999,2026-03-20T00:08:57.133+09:00
13217730319,남자 패션 발목양말 면 양말 10켤레 세트 예쁜 양말,12420,SALE,생활/건강>생활용품>생활선물세트,9999,2026-03-20T00:08:53.971+09:00
13217730121,공구-드라이버 세트 (24 in 1) 정밀 드라이버 휴대용 일자 십자 별 삼각 BT111,35230,SALE,생활/건강>공구>전동공구>기타전동공구,9999,2026-03-20T00:08:50.718+09:00
13217729906,다듬질용 줄세트 다듬줄 세트 5pcs 야스리 공구줄 쇠줄 140mm BT036,11090,SALE,생활/건강>공구>수작업공구>기타수작업공구,9999,2026-03-20T00:08:47.317+09:00
13217729676,발광 야광 스토퍼 캠핑 텐트 부자재 로프 고정 10개 세트 부속품 야간 안전 캐노피 스트랩 끈 줄 연결,8180,SALE,스포츠/레저>캠핑>텐트/타프용품>기타텐트/타프용품,9999,2026-03-20T00:08:43.626+09:00
13217729447,컬러 실핀 50개 틴케이스 세트,8040,SALE,패션잡화>헤어액세서리>헤어핀,9999,2026-03-20T00:08:39.988+09:00
13217729155,카엔 직사각 나무화로 특대형 세트 66128,138790,SALE,스포츠/레저>캠핑>기타캠핑용품,9999,2026-03-20T00:08:36.567+09:00
13217728962,드라이버 복스연결대 8종 세트 소켓 연장 아답터 공구,7250,SUSPENSION,생활/건강>공구>수작업공구>렌치,9999,2026-03-20T00:08:33.394+09:00
13217728737,주방 수세미 세트 하트 2개,10240,SALE,생활/건강>주방용품>주방잡화>수세미,9999,2026-03-20T00:08:30.104+09:00
13217728499,홈웨어 세트 반팔 체리 잠옷 여름 학생 파자마 여성,22560,SALE,패션의류>남성언더웨어/잠옷>잠옷/홈웨어,9999,2026-03-20T00:08:26.520+09:00
13217728223,앰플형 화분 식물 제 고급형 1각 36ml 10개 원예용품 재료 흙 석회 용토 용품 퇴비 원예,4890,SALE,생활/건강>정원/원예용품>화분영양제/비료,9999,2026-03-20T00:08:22.178+09:00
13217728009,브이픽스 UV 10ml LED 라이트 접착본드 조광기 세트 시아노 순간본드 접착 강력 순간 강력본드,44340,SALE,생활/건강>공구>접착용품>글루건,9999,2026-03-20T00:08:18.837+09:00
13217727793,식당 카운터 노트 식당장부 65매 매입장부 장부기장 기장 매출장부 회계 매 매출 장부 금전출납부,7450,SALE,생활/건강>문구/사무용품>파일/바인더>파일속지,9999,2026-03-20T00:08:15.494+09:00
13217727540,게 게살 대게 가위 포크 세트 업소용 킹크랩 가정용,9340,SALE,생활/건강>주방용품>칼/커팅기구>채칼/필러,9999,2026-03-20T00:08:11.452+09:00
13217727322,호두껍질 퀸스타 견과류 도구 세트 견과류가위 은행 까기 가위 호두 은행까기 망치 껍질,16620,SALE,생활/건강>주방용품>주방잡화>기타주방잡화,9999,2026-03-20T00:08:07.772+09:00
13217727138,넥타 캔 병따개 퀸스타 와인오프너 세트 와인 통조림 조리기구 스크류,10760,SALE,생활/건강>주방용품>와인용품>와인오프너,9999,2026-03-20T00:08:04.651+09:00
13217726923,배관 보수 리페어 테이프 세트 75mmX2.7M PRES 배관밀봉 파이프보수 터진 파이프,46270,SALE,생활/건강>자동차용품>DIY용품>접착제,9999,2026-03-20T00:08:01.264+09:00
13217726696,배관 보수 테이프 세트 50mmX1.8M 파이프 터진파 PRES 리페어 배관밀봉 터진,37440,SALE,생활/건강>자동차용품>DIY용품>접착제,9999,2026-03-20T00:07:57.842+09:00
13217726489,사무용품 프릭스 알파 문구 사인펜 검은색 12개 필기구 마킹용 싸인펜,6050,SALE,생활/건강>문구/사무용품>필기도구>형광펜,9999,2026-03-20T00:07:54.618+09:00
13217726256,수성사인펜 문구 검은색 12개 사무용품 싸인펜 필기구 마킹용,5780,SALE,생활/건강>문구/사무용품>필기도구>형광펜,9999,2026-03-20T00:07:50.816+09:00
13217726041,네임펜 3색 세트 문구 사무용품 필기구 학용품 유성펜,4770,SALE,생활/건강>문구/사무용품>필기도구>네임펜,9999,2026-03-20T00:07:47.498+09:00
13217725841,걸이형 양면 펄프 수세미 5p 세트 주방 설거지,6070,SALE,생활/건강>주방용품>주방잡화>수세미,19998,2026-03-20T00:07:44.316+09:00
13217725635,다용도 쿠션 무릎 보호패드 2p 세트 원예 작업,14170,SALE,스포츠/레저>보호용품>무릎보호대,19998,2026-03-20T00:07:40.853+09:00
13217725402,부활절 계란 꾸미기 다꾸 스티커 2종 세트,4860,SALE,생활/건강>문구/사무용품>스티커>다꾸스티커,1332,2026-03-20T00:07:37.268+09:00
13217725181,6P 파티컵 세트 파티컵세트 파티컵 컬러파티컵 플라스틱컵 캠핑용컵 다용도컵,9480,SALE,생활/건강>문구/사무용품>이벤트/파티용품>식기/테이블용품,1235,2026-03-20T00:07:33.616+09:00
13212412548,B5 80매 반투명 커버 스프링 무지 노트 연습장,7580,SALE,생활/건강>문구/사무용품>노트/수첩>노트,793,2026-03-19T00:13:09.850+09:00
13212412319,카네이션 용돈 봉투 조화 세트 어버이날 부모님 선물,7700,SALE,생활/건강>문구/사무용품>카드/엽서/봉투>편지봉투,9999,2026-03-19T00:13:06.266+09:00
13212412079,어버이날 스승의날 카네이션 꽃 용돈 봉투 세트 SET,7700,SALE,생활/건강>문구/사무용품>카드/엽서/봉투>편지봉투,9999,2026-03-19T00:13:02.761+09:00
13212411865,귀여운 구름 젤볼펜 4종 세트 LM-0865,6940,SALE,생활/건강>문구/사무용품>필기도구>볼펜,98788,2026-03-19T00:12:59.635+09:00
13212411632,모닝글로리 사각젖소 연필깎이,14940,SALE,생활/건강>문구/사무용품>필기도구>연필깎이,3000,2026-03-19T00:12:56.438+09:00
13212411452,별 스타 벌룬 어린이 비눗방울 버블 스틱 16개 세트,83760,SALE,생활/건강>문구/사무용품>이벤트/파티용품>풍선/풍선용품,9999,2026-03-19T00:12:53.227+09:00
13212411159,사무용 스프링 노트 4권 A5 격자,10110,SALE,생활/건강>문구/사무용품>노트/수첩>노트,9000,2026-03-19T00:12:48.524+09:00
13212410969,사무용 스프링 노트 4권 A6 가로줄,10110,SALE,생활/건강>문구/사무용품>노트/수첩>노트,9000,2026-03-19T00:12:45.466+09:00
13212410748,사무용 스프링 노트 4권 B5 무지,10110,SALE,생활/건강>문구/사무용품>노트/수첩>노트,9000,2026-03-19T00:12:42.332+09:00
13212410478,별 스타 클리어 어린이 비눗방울 버블 스틱 12개 세트,63600,SALE,화장품/미용>네일케어>네일케어세트,9999,2026-03-19T00:12:38.904+09:00
13212410253,컬러풀 꽃잎 밀봉 냉장고 자석 봉지 집게 5P 세트,12950,SALE,생활/건강>주방용품>주방수납용품>주방정리소품,999,2026-03-19T00:12:35.514+09:00
13212410043,10개 60cm 식물지지대 토마토 줄기 방울토마토 원예 꽃 지지대 지주대 식물고정,10320,SALE,생활/건강>정원/원예용품>원예부자재,997,2026-03-19T00:12:32.327+09:00
13212409848,10개 45cm 식물지지대 토마토 줄기 방울토마토 원예 꽃 지지대 지주대 식물고정,7630,SALE,생활/건강>정원/원예용품>원예부자재,993,2026-03-19T00:12:29.204+09:00
13212409625,간절기 잠옷 귀여운 파자마 긴팔 봄 상하의 세트 학생 긴팔 간절기 파자마 봄 상하의 잠옷,36180,SALE,패션의류>여성언더웨어/잠옷>시즌성내의>내복,9999,2026-03-19T00:12:26.058+09:00
13212409403,와글와글 칸넓은 코넬노트 (8개),17860,SALE,생활/건강>문구/사무용품>노트/수첩>노트,999,2026-03-19T00:12:22.714+09:00
13212409186,셀프 종이 시력 검사표 병원 안과 차안기 지시봉 세트,48750,SALE,생활/건강>건강관리용품>금연용품,9999,2026-03-19T00:12:19.595+09:00
13212408949,미용실 업소용 쓰레받이 스탠딩 빗자루 쓰레받기 세트,23430,SALE,생활/건강>청소용품>빗자루/쓰레받기,9999,2026-03-19T00:12:16.436+09:00
13212408724,봄 귀여운 학생 간절기 긴팔 상하의 세트 파자마 잠옷 긴팔 파자마 봄 상하의 잠옷 간절기,22620,SALE,패션의류>여성언더웨어/잠옷>시즌성내의>내복,9999,2026-03-19T00:12:13.189+09:00
13212408500,여성봄스카프 사계절 스카프 종 세트 머플러 여자 스카프 여름 매는법 머플러 여성 봄 목도리,17980,SUSPENSION,패션잡화>패션소품>스카프>쁘띠/미니,9999,2026-03-19T00:12:10.084+09:00
13212408247,패션조끼 루즈 세트 핏 패션 여자 셔츠 봄 여성 베스트 니트 오버 조끼 반팔조끼 베스트 쪼끼 간절기조끼,122890,SALE,스포츠/레저>골프>골프의류>조끼,9999,2026-03-19T00:12:06.760+09:00
13212407988,여성봄조끼 여자조끼 베스트 조끼 여성 오버 핏 셔츠 루즈 세트 봄여성조끼 빅사이즈조끼 여자조끼,114890,SALE,스포츠/레저>골프>골프의류>조끼,755,2026-03-19T00:12:03.435+09:00
13212407788,봄 놀이꾸러미 4종 세트 과제 방학 놀이 주머니 꾸미기세트 꾸러미,24800,SALE,생활/건강>문구/사무용품>문구용품>기타문구용품,9999,2026-03-19T00:12:00.118+09:00
13212407562,가을이불 봄가을 차렵 이불 베개커버 퀸 그레이 차렵 이불 간절기면 봄 침구 고급스런디자인 가을 세트,120980,SALE,가구/인테리어>침구단품>토퍼,545,2026-03-19T00:11:56.791+09:00
13212407354,가을이불 봄가을 차렵 이불 베개커버 퀸 네이비 간절기면 차렵 고급스런디자인 침구 이불 봄 세트 가을,120980,SALE,가구/인테리어>침구단품>토퍼,545,2026-03-19T00:11:53.535+09:00
13212407144,두꺼운 형광색 형광펜 필기도구 노랑형광펜,4820,SALE,생활/건강>문구/사무용품>필기도구>형광펜,1000000,2026-03-19T00:11:50.295+09:00
13212406933,부직포 화분 블랙 대형 상추화분 분갈이,13610,SALE,생활/건강>정원/원예용품>화분,1000000,2026-03-19T00:11:47.112+09:00
13212406721,대나무 젓가락 세트 5P 블러썸 전통식기 우드스틱,9300,SALE,생활/건강>주방용품>식기>수저,1000000,2026-03-19T00:11:43.855+09:00
13212406509,두꺼운 형광펜 필기도구 밑줄형광펜,6030,SALE,생활/건강>문구/사무용품>필기도구>형광펜,1000000,2026-03-19T00:11:40.681+09:00
13212406275,이색 포트 화분 플라스틱화분 가드닝화분,3540,SALE,생활/건강>정원/원예용품>화분,1000000,2026-03-19T00:11:37.398+09:00
13212406083,미니 스테이플러 세트 종이고정 종이스테플러,8270,SALE,생활/건강>문구/사무용품>문구용품>스테이플러/침,1000000,2026-03-19T00:11:34.241+09:00
13212405886,원목 수저 세트 나무요리스푼 나무재질숟가락,7750,SALE,생활/건강>주방용품>식기>수저,1000000,2026-03-19T00:11:30.881+09:00
13212405592,원목 주걱 3종 세트 주방도구 우드뒤집개,15850,SALE,생활/건강>주방용품>조리기구>주걱,1000000,2026-03-19T00:11:26.146+09:00
13212405375,부직포 화분 그레이 소형 뿌리화분 텃밭화분,4650,SALE,생활/건강>정원/원예용품>화분,1000000,2026-03-19T00:11:22.902+09:00
13212405159,플라스틱 다육이 화분 다육식물화분 포트화분,3440,SALE,생활/건강>정원/원예용품>화분,1000000,2026-03-19T00:11:19.667+09:00
13212404922,대나무 젓가락 세트 5P 2세트 블루 일식젓가락 중국집젓가락,14130,SALE,생활/건강>주방용품>식기>수저,1000000,2026-03-19T00:11:16.054+09:00
13212404709,공병 세트 소분용기 샴푸공병,10680,SALE,화장품/미용>뷰티소품>화장품케이스,1000000,2026-03-19T00:11:12.621+09:00
13212404492,대나무 젓가락 세트 5P 도트 고급나무젓가락 고급젓가락,9300,SALE,생활/건강>주방용품>식기>수저,1000000,2026-03-19T00:11:09.404+09:00
13212404267,화분 급수기 자동 식물자동급수기 화분자동급수기,4570,SALE,생활/건강>정원/원예용품>물조리개,1000000,2026-03-19T00:11:06.051+09:00
13212404067,중형 부직포 화분 블랙 묘목화분 자루화분,7920,SALE,생활/건강>정원/원예용품>화분,1000000,2026-03-19T00:11:02.753+09:00
13212403827,텃밭 만들기 화분 베이지 베란다텃밭 학교텃밭,8960,SALE,생활/건강>정원/원예용품>화분,1000000,2026-03-19T00:10:59.453+09:00
13212403628,일본 물받이 화분 화분케이스 탁상화분,7410,SALE,생활/건강>정원/원예용품>화분,1000000,2026-03-19T00:10:56.187+09:00
13212403424,다용도 멀티 무타공 커튼봉 브라켓 2p 세트 걸이 고정 홀더 주방 압축봉 설치 거실 안방 클램프 소품 용품,7510,SALE,가구/인테리어>커튼/블라인드>커튼>커튼링/봉,299993,2026-03-19T00:10:52.939+09:00
13212403202,부직포 화분 그레이 옥상화분 숨쉬는화분,13610,SALE,생활/건강>정원/원예용품>화분,1000000,2026-03-19T00:10:49.403+09:00
13212402994,노트북 케이스 그레이 노트북깔개 노트북가방33cm,14990,SALE,디지털/가전>노트북액세서리>노트북가방/케이스,1000000,2026-03-19T00:10:45.954+09:00
13212402763,대나무 젓가락 세트 5P 2세트 블러썸 초밥젓가락 나무젓가락세트,14130,SALE,생활/건강>주방용품>식기>수저,1000000,2026-03-19T00:10:42.446+09:00
13212402566,모닝글로리 젖소 연필깎이,14140,SALE,생활/건강>문구/사무용품>필기도구>연필깎이,3000,2026-03-19T00:10:39.306+09:00
13212402368,일본 밀폐 반찬통 3종 세트 나카야용기 일제반찬통,15850,SALE,생활/건강>주방용품>보관/밀폐용기>플라스틱용기단품,1000000,2026-03-19T00:10:35.945+09:00
13212402151,드라이버 세트 6P 십자드라이버 공구드라이버,6880,SALE,스포츠/레저>골프>골프클럽>드라이버,1000000,2026-03-19T00:10:32.535+09:00
13212401918,대나무 젓가락 세트 5P 2세트 잉어 초밥젓가락 식당젓가락,14130,SALE,생활/건강>주방용품>식기>수저,1000000,2026-03-19T00:10:29.210+09:00
13212401672,플라스틱 다육이 화분 프라스틱화분 꽃화분,3960,SALE,생활/건강>정원/원예용품>화분,1000000,2026-03-19T00:10:25.714+09:00
13212401411,우옹이 윈도우 미니 노트 (12개),25280,SALE,생활/건강>문구/사무용품>노트/수첩>노트,999,2026-03-19T00:10:22.295+09:00
13212401144,Prokit (SD-2320M) T형 래칫 세트 길이 연장 간편 수리 공구 키트 PK957,26610,SALE,생활/건강>공구>수작업공구>기타수작업공구,9999,2026-03-19T00:10:18.908+09:00
13212400875,설려 고결 여성 3종 세트,33500,SALE,화장품/미용>스킨케어>화장품세트,999,2026-03-19T00:10:15.181+09:00
13212400616,Prokit (PK-710KB) 일반 전기작업용 공구 세트 PK521,327080,SALE,생활/건강>공구>수작업공구>공구세트,9999,2026-03-19T00:10:11.759+09:00
13212400353,가로 15칸 (랜덤) 노트,6850,SALE,생활/건강>문구/사무용품>노트/수첩>노트,1000,2026-03-19T00:10:08.118+09:00
13212400056,조구만 스프링 좌철 (4개세트) 노트 207D] 3500,18920,SALE,출산/육아>교구>학습교구>기타교구,263,2026-03-19T00:10:03.764+09:00
13212399790,5000 플라워 (4개세트) 카카오프렌즈 형태 노트 206D] 스프링,25680,SALE,출산/육아>교구>학습교구>기타교구,21,2026-03-19T00:10:00.158+09:00
13212399555,스쿨 컬러 카카오프렌즈 (4개세트) 노트 5000 사이드 PUR 206D],25680,SALE,출산/육아>교구>학습교구>기타교구,38,2026-03-19T00:09:56.836+09:00
13212399265,세트 32000 트럭 202B] 캐리어 미니카 1개,44110,SALE,출산/육아>완구/인형>역할놀이/소꿉놀이>기타역할놀이/소꿉놀이,15,2026-03-19T00:09:53.219+09:00
13212399033,아기볼 키즈볼 세트 공놀이 말랑말랑,23430,SUSPENSION,출산/육아>완구/인형>스포츠완구>스키/눈썰매,999,2026-03-19T00:09:50.037+09:00
13212398783,숲 꾸미 세트 체험 펫 인형만들기 역할놀이,54720,SUSPENSION,출산/육아>완구/인형>역할놀이/소꿉놀이>주방놀이,999,2026-03-19T00:09:46.607+09:00
13212398522,(4개세트) 놀이 3000 세트 319A] 바다낚시,13880,SALE,출산/육아>완구/인형>역할놀이/소꿉놀이>기타역할놀이/소꿉놀이,180,2026-03-19T00:09:42.981+09:00
13212398305,미니 헤어집게핀 치이카와 2P 세트,14540,SALE,패션잡화>지갑>열쇠지갑,256,2026-03-19T00:09:39.654+09:00
13212398047,세트 2P 미니 헤어집게핀 가르마,14540,SALE,패션잡화>지갑>열쇠지갑,258,2026-03-19T00:09:36.267+09:00
13212397793,세트 헤어집게핀 토끼 2P 미니,14540,SALE,패션잡화>지갑>열쇠지갑,263,2026-03-19T00:09:33.039+09:00
13212397535,7본 세트 체인지 롤링펜,11490,SALE,생활/건강>문구/사무용품>필기도구>연필깎이,36,2026-03-19T00:09:29.617+09:00
13212397254,양궁다트 올림픽 키즈 슈팅게임 세트 양궁,67320,SUSPENSION,출산/육아>완구/인형>스포츠완구>스키/눈썰매,999,2026-03-19T00:09:26.184+09:00
13212397034,세트 미니카 선물 유치원자동차 아동장난감 10P,28730,SUSPENSION,출산/육아>완구/인형>작동완구>오토바이,999,2026-03-19T00:09:23.001+09:00
13212396812,건설 선물 종합 장난감굴삭기 공사장놀이 세트,64800,SUSPENSION,출산/육아>완구/인형>작동완구>오토바이,999,2026-03-19T00:09:19.995+09:00
13212396577,(10개세트) 노트 리틀카카오프렌즈 제본 신학기 626D] 러블리 1300,18250,SALE,출산/육아>교구>학습교구>기타교구,1050,2026-03-19T00:09:16.727+09:00
13212396320,노트 신학기 카카오프렌즈 제본 (10개세트) 해피모먼트 613E] 1200 무선,16660,SALE,출산/육아>교구>학습교구>기타교구,285,2026-03-19T00:09:13.161+09:00
13212396095,(10개세트) 프루티 1500 리틀카카오프렌즈 스프링 A] 신학기 노트,19980,SALE,출산/육아>교구>학습교구>기타교구,607,2026-03-19T00:09:09.941+09:00
13212395870,바다낚시 (4개세트) 3000 세트 놀이 319A],13880,SALE,출산/육아>완구/인형>역할놀이/소꿉놀이>기타역할놀이/소꿉놀이,180,2026-03-19T00:09:06.139+09:00
13212395653,세트 2P 미니 헤어집게핀 치이카와,14540,SALE,패션잡화>지갑>열쇠지갑,256,2026-03-19T00:09:02.742+09:00
13212395425,헤어집게핀 세트 가르마 2P 미니,14540,SALE,패션잡화>지갑>열쇠지갑,258,2026-03-19T00:08:59.232+09:00
13212395194,토끼 2P 미니 세트 헤어집게핀,14540,SALE,패션잡화>지갑>열쇠지갑,263,2026-03-19T00:08:55.780+09:00
13212394963,1300 626D] 러블리 리틀카카오프렌즈 제본 (10개세트) 신학기 노트,17720,SALE,출산/육아>교구>학습교구>기타교구,1050,2026-03-19T00:08:52.517+09:00
13212394215,1200 (10개세트) 신학기 노트 제본 해피모먼트 613E] 무선 카카오프렌즈,16660,SALE,출산/육아>교구>학습교구>기타교구,285,2026-03-19T00:08:41.193+09:00
13212393986,스프링 신학기 1500 (10개세트) 노트 리틀카카오프렌즈 프루티 A],19980,SALE,출산/육아>교구>학습교구>기타교구,607,2026-03-19T00:08:37.850+09:00
13212393740,렌즈 청소용 립스틱형 고무펌프와 청소솔 세트,30020,SALE,디지털/가전>카메라/캠코더용품>카메라/캠코더 관련용품>기타카메라/캠코더용품,9999,2026-03-19T00:08:33.841+09:00
13212393482,올림픽 세트 슈팅게임 양궁 키즈 양궁다트,67320,SUSPENSION,출산/육아>완구/인형>스포츠완구>스키/눈썰매,999,2026-03-19T00:08:30.045+09:00
13212393259,유치원자동차 선물 10P 미니카 아동장난감 세트,28730,SUSPENSION,출산/육아>완구/인형>작동완구>오토바이,999,2026-03-19T00:08:26.793+09:00
13212393000,종합 장난감굴삭기 선물 세트 건설 공사장놀이,64800,SUSPENSION,출산/육아>완구/인형>작동완구>오토바이,999,2026-03-19T00:08:23.163+09:00
13212392743,용돈이벤트 용돈봉투 부모님 명절 어버이날 가로형 감사 봉투 96매 세트,18980,SALE,생활/건강>문구/사무용품>카드/엽서/봉투>편지봉투,9999,2026-03-19T00:08:19.163+09:00
13212392527,투명 미니 스템플러 침 세트,6920,SALE,생활/건강>문구/사무용품>문구용품>스테이플러/침,833,2026-03-19T00:08:15.705+09:00
13212392326,스텐 정밀 핀셋 보관 케이스 세트 화이트,4450,SALE,생활/건강>공구>수작업공구>핀셋,2320,2026-03-19T00:08:12.405+09:00
13212392087,레터링 헬스 노트북 캐리어 방수 스티커 50장 세트,6980,SALE,패션잡화>여행용가방/소품>캐리어소품,9999,2026-03-19T00:08:08.798+09:00
13212391767,올뉴 쿡플러스 1호 세트 3종6P,7650,SALE,생활/건강>주방용품>보관/밀폐용기>플라스틱용기단품,9999,2026-03-19T00:08:04.076+09:00
13212391521,고강도 S2스틸 드라이버 비트 세트 6pcs HA101,15070,SALE,생활/건강>공구>전동공구>비트세트,9999,2026-03-19T00:08:00.390+09:00
13212391269,고급 분갈이 배양토 5L,8040,SALE,생활/건강>정원/원예용품>화분영양제/비료,9999,2026-03-19T00:07:56.520+09:00
13212391021,고강도 자석 파워비트 세트 10pcs HA104,25150,SALE,생활/건강>공구>전동공구>비트세트,9999,2026-03-19T00:07:52.876+09:00
13212390785,노트북 파우치 노트북 가방 슬림형 그레이 15.4형 ID349,23160,SALE,디지털/가전>노트북액세서리>노트북가방/케이스,9999,2026-03-19T00:07:49.746+09:00
13212390542,오일링 패킹 고무오링 18종 세트,10430,SALE,생활/건강>공구>수작업공구>기타수작업공구,9999,2026-03-19T00:07:46.368+09:00
13212390289,여성 당고 똥 헤어 진주 큐빅 곱창 머리 끈 2개 세트,13080,SALE,패션잡화>헤어액세서리>헤어끈,9999,2026-03-19T00:07:42.854+09:00
13212390047,별의커비 슬라이드 지퍼파우치 필기구 지폐보관,7250,SALE,패션잡화>여성가방>파우치,9999,2026-03-19T00:07:39.533+09:00
13212389785,노트 A5 그린 독서 업무 필사 필기 하드커버 밴드형 양장,8970,SALE,생활/건강>문구/사무용품>노트/수첩>노트,160,2026-03-19T00:07:35.916+09:00
13212389528,노트 A5 오렌지 독서 업무 필사 필기 하드커버 밴드형 양장,8970,SALE,생활/건강>문구/사무용품>노트/수첩>노트,160,2026-03-19T00:07:31.941+09:00
13212389204,노트 A5 네이비 독서 업무 필사 필기 하드커버 밴드형 양장,8970,SALE,생활/건강>문구/사무용품>노트/수첩>노트,160,2026-03-19T00:07:27.758+09:00
13212388907,노트 A5 블랙 독서 업무 필사 필기 하드커버 밴드형 양장,8970,SALE,생활/건강>문구/사무용품>노트/수첩>노트,160,2026-03-19T00:07:23.701+09:00
13212388565,T형 화분 이름표 20개 한세트,4320,SALE,생활/건강>정원/원예용품>원예부자재,2142,2026-03-19T00:07:19.289+09:00
13212387313,간절기 잠옷 귀여운 파자마 긴팔 봄 상하의 세트 학생,26480,SALE,패션의류>남성언더웨어/잠옷>잠옷/홈웨어,9999,2026-03-19T00:07:03.001+09:00
13212387066,NEW 롱 빗자루 쓰레받기 세트 미용실 빗자루세트,16800,SUSPENSION,생활/건강>청소용품>빗자루/쓰레받기,9997,2026-03-19T00:06:59.402+09:00
13212386803,롱 빗자루 쓰레받기 세트 학교 미용실 실내 실외,16800,SUSPENSION,생활/건강>청소용품>빗자루/쓰레받기,9995,2026-03-19T00:06:55.853+09:00
13207133116,비비드 인조가죽 다이어리 노트 볼펜꽂이 휴대용 기록장 15.5x21cm,10070,SALE,생활/건강>문구/사무용품>다이어리/플래너>다이어리,999,2026-03-18T00:15:25.723+09:00
13207132690,프렌치 스타일 레이스 식탁 러너 3p 세트 아이보리 테이블 매트,9010,SALE,가구/인테리어>홈데코>커버류>기타커버류,999,2026-03-18T00:15:18.724+09:00
13207132484,스테인리스 귀이개 5종 세트 귀지 제거 도구 전용 케이스 포함,5130,SALE,생활/건강>건강관리용품>금연용품,999,2026-03-18T00:15:15.434+09:00
13207132324,크라프트지 하드커버 유선 노트 볼펜 수첩 스프링 메모지 세트,6080,SALE,생활/건강>문구/사무용품>노트/수첩>수첩,999,2026-03-18T00:15:12.284+09:00
13207132118,지구화학 12색 수용성 노마르지 사인펜 미술용 드로잉 세트,8630,SALE,생활/건강>문구/사무용품>필기도구>사인펜,999,2026-03-18T00:15:09.003+09:00
13207131922,그랜드 시그니처 필기구 3종세트 병잉크 고급 만년필 선물세트,26180,SALE,생활/건강>문구/사무용품>필기도구>만년필,999,2026-03-18T00:15:05.818+09:00
13207131657,전동 충전 드릴용 PH2 양면 십자 드라이버 비트 65mm 10개입 세트,10470,SALE,생활/건강>공구>전동공구>비트세트,999,2026-03-18T00:15:01.609+09:00
13207131446,강아지 산책 배변봉투 케이스 세트 휴대용 풉백 리필 4롤 포함,11600,SALE,생활/건강>반려동물>강아지 배변용품>배변판,999,2026-03-18T00:14:58.298+09:00
13207131251,강력 분사 정원용 매직호스 30M 다기능 스프레이건 세트,25150,SALE,생활/건강>자동차용품>세차용품>호스,999,2026-03-18T00:14:55.251+09:00
13207131045,고양이 화장실 위생 비닐 3롤 세트 모래 교체 전용 배변 봉투,20570,SALE,생활/건강>반려동물>고양이 배변용품>탈취제/소독제,999,2026-03-18T00:14:51.962+09:00
13207130860,캠핑타임 스텐 바베큐 꼬챙이 10p 세트 야외 꼬치구이 조리도구,18190,SALE,스포츠/레저>캠핑>취사용품>기타취사용품,999,2026-03-18T00:14:48.816+09:00
13207130680,이지툴 육각 볼렌치 9종세트 17cm 다용도 L형 렌치 공구 세트,10210,SALE,생활/건강>공구>수작업공구>렌치,999,2026-03-18T00:14:45.557+09:00
13207130508,하이캠핑 휴대용 커틀러리 캠핑수저 포크 세트 304스텐,11290,SALE,스포츠/레저>캠핑>취사용품>기타취사용품,999,2026-03-18T00:14:42.328+09:00
13207130334,하이캠핑 휴대용 스테인리스 수저 포크 세트 핑크 캠핑용품,11290,SALE,스포츠/레저>캠핑>취사용품>기타취사용품,999,2026-03-18T00:14:39.175+09:00
13207130136,스테인리스 치아 이물질 제거기 7p 세트 휴대용 치실 요지 꽂이함,8140,SALE,생활/건강>주방용품>주방잡화>기타주방잡화,999,2026-03-18T00:14:36.013+09:00
13207129940,와인 공기압식 코르크 오프너 세트 간편한 병따개 와인색상,19470,SUSPENSION,생활/건강>주방용품>와인용품>와인액세서리세트,999,2026-03-18T00:14:32.710+09:00
13207129744,베러웰 3단계 수압상승 절수 샤워기헤드 정수 필터 5p 세트 구성,19350,SALE,생활/건강>욕실용품>샤워기>일반샤워기,999,2026-03-18T00:14:29.505+09:00
13207129481,플라워 패턴 PVC 선풍기 보관 커버 3P 세트 스탠드형 먼지방지망,7120,SALE,가구/인테리어>홈데코>커버류>기타커버류,999,2026-03-18T00:14:24.762+09:00
13207129268,브레인월드 두뇌개발 보드게임 접이식 마그네틱 체스 세트 30cm,17620,SALE,출산/육아>교구>학습보드게임,999,2026-03-18T00:14:21.522+09:00
13207129070,실버테이블 스테인리스 휴대용 수저 포크 세트 도시락 식기통,10870,SALE,생활/건강>주방용품>식기>수저,999,2026-03-18T00:14:18.355+09:00
13207128874,와르르 32구 원터치 얼음틀 분리형 아이스 메이커 보관함 세트,14530,SALE,생활/건강>주방용품>보관/밀폐용기>보온/보냉병,999,2026-03-18T00:14:15.264+09:00
13207128695,쑥쑥 식물 모종 보호 꼬깔 100p 세트 텃밭 화단 묘목 성장 가림막,17780,SALE,생활/건강>원예/식물>플라워소품만들기,999,2026-03-18T00:14:12.121+09:00
13207128467,그린드롭 2L 관수용 긴주둥이 물뿌리개 원예 화분 급수기,12500,SALE,생활/건강>정원/원예용품>물조리개,999,2026-03-18T00:14:08.931+09:00
13207128275,몬치치 에너겔 볼펜 0.5mm블록 캐릭터 볼펜 필기구 신학기 선물,13610,SALE,생활/건강>문구/사무용품>필기도구>볼펜,138,2026-03-18T00:14:05.685+09:00
13207128088,몬치치 에너겔 볼펜 0.5mm보더 캐릭터 볼펜 필기구 신학기 선물,13610,SALE,생활/건강>문구/사무용품>필기도구>볼펜,287,2026-03-18T00:14:02.558+09:00
13207127883,몬치치 에너겔 볼펜 0.5mm민트 체크 캐릭터 볼펜 필기구 신학기 선물,13610,SALE,생활/건강>문구/사무용품>필기도구>볼펜,288,2026-03-18T00:13:59.418+09:00
13207127679,꽃 신발 악세사리 장식 꾸미기 세트,16260,SALE,패션잡화>신발용품>기타신발용품,20,2026-03-18T00:13:56.292+09:00
13207127505,어린이곰돌이 방수돗자리 1-2인용 피크닉매트,27400,SALE,스포츠/레저>캠핑>캠핑매트,999,2026-03-18T00:13:53.129+09:00
13207127334,핑크퐁 아기상어 피크닉 Kids 매트 돗자리,15470,SALE,생활/건강>생활용품>생활선물세트,999,2026-03-18T00:13:50.118+09:00
13207127123,피크닉 매트 스트라이프 140x180cm (4 5인용),29790,SALE,생활/건강>생활용품>생활선물세트,999,2026-03-18T00:13:46.870+09:00
13207126899,피크닉 매트 화이트체크 100x140cm (2 3인용),22230,SALE,생활/건강>생활용품>생활선물세트,999,2026-03-18T00:13:43.592+09:00
13207126177,어엉 피크닉매트140-120 타포린 돗자리,12680,SALE,생활/건강>생활용품>생활선물세트,999,2026-03-18T00:13:31.806+09:00
13207126007,피크닉 매트 체리 140x180cm (4 5인용),29790,SALE,생활/건강>생활용품>생활선물세트,999,2026-03-18T00:13:28.672+09:00
13207125811,피크닉 매트 스트라이프 140x140cm (3 4인용),26210,SALE,생활/건강>생활용품>생활선물세트,999,2026-03-18T00:13:25.422+09:00
13207125585,피크닉 매트 그린체크 100x140cm (2 3인용),22230,SALE,생활/건강>생활용품>생활선물세트,999,2026-03-18T00:13:21.838+09:00
13207125391,색랜덤 7x8 사각 플라스틱 화분 미니 빈화분 플분 슬릿화분 슬릿분 포트 모종화분,3400,SALE,생활/건강>정원/원예용품>화분,995,2026-03-18T00:13:18.448+09:00
13207125178,LINE 3m 그라운드시트 캠핑매트 피크닉매트 돗자리,30850,SALE,스포츠/레저>캠핑>캠핑매트,999,2026-03-18T00:13:15.294+09:00
13207124983,국산 캔디 피크닉 매트(150x200cm) 캠핑 야외 돗자리,39200,SALE,생활/건강>생활용품>생활선물세트,999,2026-03-18T00:13:12.114+09:00
13207124803,피크닉 시리즈 3종 세트 G,27670,SALE,생활/건강>주방용품>보관/밀폐용기>보온/보냉병,999,2026-03-18T00:13:09.110+09:00
13207124597,핑크퐁 아기상어 피크닉 매트 M 돗자리,28460,SALE,생활/건강>생활용품>생활선물세트,999,2026-03-18T00:13:05.820+09:00
13207124268,핑크퐁 아기상어 피크닉 매트 XL 돗자리,114390,SALE,생활/건강>생활용품>생활선물세트,999,2026-03-18T00:13:00.781+09:00
13207124042,캠핑돗자리 가족돗자리 소풍돗자리 피크닉매트 200x200cm 대형 6-8인,14010,SALE,생활/건강>생활용품>생활선물세트,999,2026-03-18T00:12:57.486+09:00
13207123823,모닝글로리 13000 핸디 체크 피크닉매트,18250,SALE,생활/건강>주방용품>제수용품>돗자리,9999,2026-03-18T00:12:53.978+09:00
13207123615,브롤스타즈 피크닉 젓가락 조용한 케이스 세트 크로우,14670,SALE,출산/육아>이유식용품>연습용젓가락,36,2026-03-18T00:12:50.887+09:00
13207123413,브롤스타즈 피크닉 젓가락 조용한 케이스 세트 니타,14670,SALE,출산/육아>이유식용품>연습용젓가락,36,2026-03-18T00:12:47.716+09:00
13207123222,브롤스타즈 피크닉 젓가락 조용한 케이스 세트 쉘리,14670,SALE,출산/육아>이유식용품>연습용젓가락,36,2026-03-18T00:12:44.461+09:00
13207123013,브롤스타즈 피크닉 젓가락 조용한 케이스 세트 스파이크,14670,SALE,출산/육아>이유식용품>연습용젓가락,36,2026-03-18T00:12:41.356+09:00
13207122587,방수 피크닉 매트 블루 중형 텐트매트 휴대용돗자리 방수돗자리,33770,SUSPENSION,생활/건강>생활용품>생활선물세트,999,2026-03-18T00:12:34.999+09:00
13207122378,방수 피크닉 매트 옐로우 대형 휴대용매트 휴대용돗자리 피크닉돗자리,41460,SUSPENSION,생활/건강>생활용품>생활선물세트,999,2026-03-18T00:12:31.441+09:00
13207122193,원형 투명 핀뱃지 보관 케이스 만들기 44mm 가방키링 세트 제작 레진공예 핀뱃지 포카키링 비즈 세트,6690,SALE,패션잡화>패션소품>키홀더,9999,2026-03-18T00:12:28.345+09:00
13207122009,투명 지퍼백 볼체인 만들기 DIY 세트 10개입 6x8 미니 파우치 액세서리 악세사리 지퍼백 pvc,4950,SALE,패션잡화>패션소품>키홀더,9999,2026-03-18T00:12:25.142+09:00
13207121805,투명 지퍼백 볼체인 만들기 DIY 세트 10개입 5x7 재료 파우치 만들기 pvc 미니 파우치 액세서리,4680,SALE,패션잡화>패션소품>키홀더,9999,2026-03-18T00:12:21.917+09:00
13207121609,투명 지퍼백 볼체인 만들기 DIY 세트 10개입 7x10 재료 파우치 pvc 악세사리 미니 악세사리,5220,SALE,패션잡화>패션소품>키홀더,9999,2026-03-18T00:12:18.622+09:00
13207120921,원형 투명 핀뱃지 보관 케이스 만들기 58mm DIY 제작 세트 가방키링 키링만들기 핀뱃지 아크릴 세트,7250,SALE,패션잡화>패션소품>키홀더,9999,2026-03-18T00:12:07.312+09:00
13207120520,주방세제 디스펜서 싱크대 매립 펌핑형 호스 세트 대용량 싱크대 주방 통 리필 고무호스 디스펜서 펌핑용기,13150,SALE,생활/건강>욕실용품>욕실용기/홀더>디스펜서,9999,2026-03-18T00:12:01.043+09:00
13207120343,미니 금원보 나무 복주머니 재물운 개업 풍수 장식 액막이 황금 화분 집들이선물 식당 풍수소품 결혼선물,10380,SALE,가구/인테리어>인테리어소품>장식인형,9999,2026-03-18T00:11:57.851+09:00
13207120138,일본 물빠짐 흡착형 2WAY 공중부양 양치컵 어린이집 세트 욕실공중부양 걸이 양치컵 아기 아기 어린이집,16280,SALE,생활/건강>욕실용품>욕실용기/홀더>칫솔통/걸이,9999,2026-03-18T00:11:54.452+09:00
13207119914,캣그라스 콩나물 상추 키우기 수경재배 2단 트레이 상추 수경 캣그라스 캣잎 포트 채소 화분 재배 콩나물,6130,SALE,생활/건강>정원/원예용품>화분,9999,2026-03-18T00:11:51.053+09:00
13207119662,수경재배 씨앗 발아 식물 상추 파종 스펀지 100조각 수경재배 가정용 스펀지 화분 딸기 상추 포트 딸기,7250,SALE,생활/건강>정원/원예용품>원예부자재,9999,2026-03-18T00:11:47.476+09:00
13207119409,가드닝 미니 원예도구 3종+ 반투명 미니 화분 세트 모종삽 가드닝 홈 전지가위 원예용품 다육 화분 이,7620,SALE,생활/건강>정원/원예용품>원예부자재,9999,2026-03-18T00:11:43.608+09:00
13207119242,다육이 미니식물 분갈이 가드닝 미니 원예도구 3종 가드닝 홈 모종삽 화분 분갈이용품 다육 원예용품,4680,SALE,생활/건강>정원/원예용품>원예부자재,9999,2026-03-18T00:11:40.387+09:00
13207119045,여행용 휴대용 화장품 샴푸 공병 소분 파우치 세트 실리콘 수영장 용기 공병 여행 화장품 세트 세면도구,8640,SALE,패션잡화>여행용가방/소품>캐리어소품,9999,2026-03-18T00:11:37.197+09:00
13207118660,비누 캔들 석고 방향제 만들기 실리콘 6구 장미 몰드 실리콘 베이킹 레진 석고방향제 재료 초콜릿 틀,6520,SALE,가구/인테리어>인테리어소품>아로마/캔들용품>초/향초,9999,2026-03-18T00:11:30.287+09:00
13207118404,비누 캔들 석고 방향제 재료 실리콘 6구 붕어빵 몰드 레진 초콜릿 비누만들기 베이킹 석고방향제 틀 재료,6130,SALE,가구/인테리어>인테리어소품>아로마/캔들용품>초/향초,9999,2026-03-18T00:11:25.912+09:00
13207118214,휴대용 포켓 반투명 다꾸 문구 테이프 디스펜서 세트 유리 포장 테이프 접착 리필 투명 다꾸용품 반 접착,5600,SALE,생활/건강>문구/사무용품>테이프>일반테이프,9999,2026-03-18T00:11:22.581+09:00
13207117897,별의커비 휴대용 여행용 칫솔 파우치 세트 칫솔 어금니 치약 세트 일회용 교정용 케이스 일본 잇몸 휴대용,7620,SALE,생활/건강>욕실용품>욕실잡화>여행용세트,9999,2026-03-18T00:11:17.734+09:00
13207117686,투명 다꾸 꾸미기 스티커 필기구 보관함 정리 케이스 스티커 케이스 다꾸 다용도플라스틱 함 필통 용품,5030,SALE,생활/건강>문구/사무용품>스티커>다꾸스티커,9999,2026-03-18T00:11:14.424+09:00
13207117482,별의커비 슬라이드 지퍼파우치 필기구 지폐보관 파우치 다꾸스티커보관 드지 슬라이 캐릭터 폐 퍼백 딩지,7620,SALE,패션잡화>여성가방>파우치,9999,2026-03-18T00:11:11.158+09:00
13207117269,(CL) 카네이션 머리띠 세트 펠트 목걸이,6980,SALE,출산/육아>완구/인형>미술놀이>종이접기,9999,2026-03-18T00:11:07.800+09:00
13207117054,향수 화장품 소분 세트 공병+깔때기+펌프디스펜서 공병 화장품 소분 깔대기 용품 미스트 용기,5220,SALE,화장품/미용>뷰티소품>화장품케이스,9999,2026-03-18T00:11:04.538+09:00
13207116863,뿌리파리 파리 날파리 초파리 화분 끈끈이트랩 노란끈끈이 트랩 작은뿌리파리 뿌리파리끈끈이 벌레끈끈이,6320,SALE,생활/건강>생활용품>해충퇴치용품>모기채/파리채,9999,2026-03-18T00:11:01.335+09:00
13207116630,빗자루세트 쓰레받이 쓰레받기 키보드 책상 청소용품 빗자루 청소용품 세트 소형 미니 쓰레받 기 이,7430,SALE,생활/건강>청소용품>빗자루/쓰레받기,60,2026-03-18T00:10:57.962+09:00
13207116413,저소음 무선 듀얼 키보드 마우스 세트 휴대폰 거치 블루투스 동글 연결 데스크탑 태블릿 스마트폰 디자인,54720,SUSPENSION,디지털/가전>주변기기>키보드/마우스세트,99999,2026-03-18T00:10:54.781+09:00
13207116209,황금코끼리 인테리어 소품 세트 집들이선물 장식품,41830,SALE,가구/인테리어>인테리어소품>기타장식용품,2,2026-03-18T00:10:51.639+09:00
13207115991,26014 노랑오리 소형 빗자루 세트/미니빗자루/청소도구/초등학교준비물,5390,SALE,생활/건강>문구/사무용품>문구용품>기타문구용품,3796,2026-03-18T00:10:48.302+09:00
13207115791,대용량 잔 일회용 145ml 6개입 세트 고딕 세트 아이스크림 컵 컵 디저트,22630,SALE,생활/건강>주방용품>잔/컵>샴페인잔,9999,2026-03-18T00:10:45.120+09:00
13207115596,프린세스 핸드백 세트 1개 선글라스 가방 립스틱 휴대폰 여아 초등학생 장난감 화장 놀이 소꿉놀이,28990,SALE,출산/육아>완구/인형>역할놀이/소꿉놀이>화장놀이,9999,2026-03-18T00:10:41.838+09:00
13207115393,라인플러스 네오라이트 형광펜 (12개입) 1다스 (옐로우),6330,SUSPENSION,생활/건강>문구/사무용품>필기도구>형광펜,999,2026-03-18T00:10:38.634+09:00
13207115169,무타공 초강력 다용도 만능 홀더 걸이 후크 세트,3340,SUSPENSION,생활/건강>수납/정리용품>소품걸이,999,2026-03-18T00:10:35.208+09:00
13207114949,동아 미피 향기나는 중성펜 0.5mm 1다스 (12자루) (블루),12330,SUSPENSION,생활/건강>문구/사무용품>필기도구>펜,999,2026-03-18T00:10:31.934+09:00
13207114737,동아 미피 향기나는 중성펜 0.5mm 1다스 (12자루) (블랙),12330,SUSPENSION,생활/건강>문구/사무용품>필기도구>펜,999,2026-03-18T00:10:28.608+09:00
13207114538,동아 미피 향기나는 중성펜 0.5mm 1다스 (12자루) (레드),12330,SUSPENSION,생활/건강>문구/사무용품>필기도구>펜,999,2026-03-18T00:10:25.405+09:00
13207114347,해피파티 펫 생일파티 의상 핑크 드레스 3종 세트,28380,SUSPENSION,생활/건강>반려동물>패션용품>티셔츠,999,2026-03-18T00:10:22.016+09:00
13207114150,동물농장 이오난사 테라리움 만들기 1인 세트,14760,SUSPENSION,생활/건강>원예/식물>테라리엄,999,2026-03-18T00:10:18.794+09:00
13207113935,단오 병풍 만들기 1인 세트,9500,SUSPENSION,출산/육아>교구>학습교구>미술교구,999,2026-03-18T00:10:15.470+09:00
13207113739,아이스컵 뚜껑 세트 16oz(480ml)10개입,6330,SUSPENSION,생활/건강>주방용품>잔/컵>플라스틱컵,999,2026-03-18T00:10:12.249+09:00
13207113007,(SA) 자외선손가락만들기(스마트폰 열쇠고리형)(10인 세트),38380,SUSPENSION,생활/건강>화방용품>조소/판화용품>찰흙/점토,999,2026-03-18T00:10:00.705+09:00
13207112815,노트패드(A5 노랑 1EA Office Factory),4440,SUSPENSION,생활/건강>문구/사무용품>노트/수첩>노트패드,999,2026-03-18T00:09:57.409+09:00
13207112599,꼽는방식 노트 다이어리 연필 볼펜 고정 홀더1P,4930,SUSPENSION,생활/건강>문구/사무용품>데스크용품>연필꽂이,999,2026-03-18T00:09:54.040+09:00
13207112337,빗자루 쓰레받이 빗자루세트 쓰레받기 세트 미니,4900,SUSPENSION,생활/건강>청소용품>빗자루/쓰레받기,999,2026-03-18T00:09:49.513+09:00
13207112088,세트(10개) 피크 5 Guitar-Pick 1.0mm 기타피크,9790,SUSPENSION,생활/건강>악기>현악기>현악기소품/부품,999,2026-03-18T00:09:45.588+09:00
13207111805,마카 삼각 세트 트윈 스케치 마카펜12색,16810,SALE,생활/건강>화방용품>스케치/드로잉용품>마카,993,2026-03-18T00:09:41.250+09:00
13207111597,케익 핑크 화이트 발렌타인 데이 원형 선물,101050,SALE,식품>과자/베이커리>사탕,9998,2026-03-18T00:09:37.782+09:00
13207111418,샌포드 유성 프리즈마 연필깍이 세트 72 색연필 2홀,217550,SALE,생활/건강>화방용품>스케치/드로잉용품>유성색연필,999,2026-03-18T00:09:34.514+09:00
13207111204,6개 흙받침 화분 분갈이깔망,12920,SALE,생활/건강>정원/원예용품>화분,9964,2026-03-18T00:09:31.040+09:00
13207110980,만능라쳇 멀티 공구 스패너 세트 크기 소켓 조절 렌치,20910,SALE,생활/건강>공구>수작업공구>렌치,508,2026-03-18T00:09:27.608+09:00
13207110751,세트 48X45m TAPE 포장 OPP 테이프 13개 식별 칼라 박스,37500,SALE,생활/건강>문구/사무용품>테이프>일반테이프,10088,2026-03-18T00:09:24.183+09:00
13207106844,봄 귀여운 학생 간절기 긴팔 상하의 세트 파자마 잠옷,23290,SUSPENSION,패션의류>여성언더웨어/잠옷>시즌성내의>내복,9999,2026-03-18T00:08:22.849+09:00
13201746866,6장 세트 고양이 스티커 다이어리 꾸미기,4380,SALE,가구/인테리어>DIY자재/용품>데코스티커,37,2026-03-17T00:11:33.532+09:00
13201746652,탄탄한 하드보드지 접이식 수납함 2종 세트 그레이 옷 보관함 정리박스 2개입,12830,SALE,생활/건강>수납/정리용품>정리함>부직포정리함,999,2026-03-17T00:11:30.262+09:00
13201746408,풀세트 스프링노트 A6 줄노트 수첩 사무용 미니수첩,7050,SALE,생활/건강>문구/사무용품>노트/수첩>수첩,750,2026-03-17T00:11:26.712+09:00
13201746211,개구리 캐릭터 아동용 휴대용 담요 케이스 세트 극세사 보온 블랭킷 100x75cm,11760,SALE,가구/인테리어>침구단품>무릎담요,999,2026-03-17T00:11:23.345+09:00
13201746017,휴대용 캠핑 침낭라이너 160x210cm 차박 이불 패드 베개 일체형 침구 세트,35970,SALE,스포츠/레저>캠핑>침낭,999,2026-03-17T00:11:20.140+09:00
13201745822,굿워시 사각 세탁망 3P 세트 의류 보호 미세 메쉬 빨래망 옷감 손상 방지 60x60cm,12050,SALE,생활/건강>세탁용품>세탁볼,999,2026-03-17T00:11:16.827+09:00
13201745614,대용량 자동차 차량용 정리함 콘솔 수납함 컵홀더 일체형,40130,SUSPENSION,생활/건강>자동차용품>수납용품>콘솔박스,9999,2026-03-17T00:11:13.729+09:00
13201745395,공간비움 이불 압축팩 2p 세트 입체형 스탠드 진공 정리백,12450,SALE,생활/건강>수납/정리용품>압축팩,999,2026-03-17T00:11:09.733+09:00
13201745218,컬러풀 J자 모양 후크 6개 세트 감성 소품걸이,3970,SALE,생활/건강>수납/정리용품>소품걸이,193,2026-03-17T00:11:06.463+09:00
13201744509,위시 별 유니크 러블리 가로 편지 종이 용돈 봉투 세트,12290,SALE,패션잡화>주얼리>피어싱>패션피어싱,9999,2026-03-17T00:10:55.218+09:00
13201744314,키보드 소품 화이트 블랙 기계식 키링 가방 키캡 커스텀 악세사리 세트,28990,SALE,패션잡화>패션소품>키홀더,9999,2026-03-17T00:10:52.057+09:00
13201744101,러브잇 강아지 하네스+리드줄 세트(XL) (옐로우) 애견산책줄,14410,SALE,생활/건강>반려동물>외출용품>리드줄,40,2026-03-17T00:10:48.941+09:00
13201743883,키보드 딸깍이 선물 블록 12개 테트리스 열쇠고리 단체 세트 디자인 키링,133220,SUSPENSION,패션잡화>패션소품>키홀더,9999,2026-03-17T00:10:45.176+09:00
13201743665,구성품 LED 불 대용량 들어오는 스위치 세트 키링 버튼 딸깍이 1P 투명,100200,SALE,패션잡화>패션소품>키홀더,9999,2026-03-17T00:10:42.031+09:00
13201743449,땡큐 메세지 미니카드 그린 30매 세트 감사카드,4990,SALE,생활/건강>문구/사무용품>카드/엽서/봉투>카드,9999,2026-03-17T00:10:38.375+09:00
13201743238,화분 자갈 아트스톤 화이트 화분돌 분갈이 데코 원예,7780,SUSPENSION,생활/건강>정원/원예용품>자갈/모래/흙,9999,2026-03-17T00:10:34.979+09:00
13201743019,자석 헬스장 거치대 블루투스 리모컨 세트 GD-12716,23160,SUSPENSION,디지털/가전>휴대폰액세서리>휴대폰거치대,999,2026-03-17T00:10:31.771+09:00
13201742622,레터링 농구 노트북 캐리어 방수 스티커 50장 세트,6980,SUSPENSION,생활/건강>문구/사무용품>스티커>다꾸스티커,9999,2026-03-17T00:10:25.312+09:00
13201742373,일회용 부직포 먼지떨이 세트,8840,SALE,생활/건강>자동차용품>세차용품>차량용먼지떨이개,9999,2026-03-17T00:10:21.989+09:00
13201742154,모래 돗자리 해변 해수욕장 샌드 매트 150x200 DD-12723,15340,SUSPENSION,생활/건강>생활용품>생활선물세트,9999,2026-03-17T00:10:18.516+09:00
13201741944,모래 돗자리 해변 해수욕장 샌드 매트 200x200 DD-12724,17590,SUSPENSION,생활/건강>생활용품>생활선물세트,9999,2026-03-17T00:10:15.095+09:00
13201741749,옻칠 젓가락 5벌 세트,12150,SALE,생활/건강>주방용품>식기>수저,999,2026-03-17T00:10:11.953+09:00
13201741429,코넬 학습 그리드 노트 (8개),17860,SALE,생활/건강>문구/사무용품>노트/수첩>노트,999,2026-03-17T00:10:06.914+09:00
13201740351,VA 바퀴트랩 세트 - 낱개 40개,14190,SUSPENSION,생활/건강>생활용품>해충퇴치용품>끈끈이,999,2026-03-17T00:09:49.442+09:00
13201740144,비망노트(일수수첩 22매 홍익사),3380,SUSPENSION,생활/건강>문구/사무용품>노트/수첩>노트패드,999,2026-03-17T00:09:46.054+09:00
13201739890,모노그래프 MG 샤프심(스탠다드 40본 0.5 B TOMBOW),6150,SUSPENSION,생활/건강>문구/사무용품>필기도구>샤프심,999,2026-03-17T00:09:42.127+09:00
13201739595,오피스겔펜(흑 0.5 1자루 유미상사),3750,SUSPENSION,생활/건강>문구/사무용품>필기도구>펜,999,2026-03-17T00:09:38.040+09:00
13201739389,에너겔 X 메탈포인트펜(흑 0.7 1자루 PENTEL),5220,SUSPENSION,생활/건강>문구/사무용품>필기도구>펜,999,2026-03-17T00:09:34.636+09:00
13201739159,모닝글로리 에너제도 샤프 (0.5) 1다스 (12자루) (블랙),17330,SUSPENSION,생활/건강>문구/사무용품>필기도구>샤프,999,2026-03-17T00:09:30.970+09:00
13201737756,세신버팔로 12각 소켓렌치 세트 3 4Dr(Inch) 21pcs Inch사이즈 (1EA),476420,SUSPENSION,생활/건강>공구>수작업공구>렌치,999,2026-03-17T00:09:08.455+09:00
13201737559,모닝)종합장(무선 남),6000,SUSPENSION,생활/건강>문구/사무용품>노트/수첩>노트패드,999,2026-03-17T00:09:05.124+09:00
13201737303,국내생산 수저 세트 해바라기 5P SET,24300,SUSPENSION,생활/건강>주방용품>식기>수저,999,2026-03-17T00:09:01.287+09:00
13201737051,사물놀이 장식소품 (4개 세트),31350,SUSPENSION,가구/인테리어>인테리어소품>장식인형,999,2026-03-17T00:08:57.582+09:00
13201736772,검정 머리 헤어 실핀 실삔 세트,3600,SUSPENSION,패션잡화>헤어액세서리>헤어핀,999,2026-03-17T00:08:53.167+09:00
13201736528,모형철자 세트,21210,SUSPENSION,생활/건강>문구/사무용품>제도용품>제도용자,999,2026-03-17T00:08:49.541+09:00
13201736294,빠이롯트)지워지는프릭션볼펜(0.5mm 흑색),9330,SUSPENSION,생활/건강>문구/사무용품>필기도구>볼펜,999,2026-03-17T00:08:45.639+09:00
13201736097,투명 건스프레이 공병 500ml 세트 분무기,5190,SUSPENSION,생활/건강>생활용품>생활잡화>분무기,999,2026-03-17T00:08:42.275+09:00
13201735514,RIVACASE 7703 13.3인치 노트북파우치 블랙,45540,SALE,디지털/가전>노트북액세서리>노트북가방/케이스,999,2026-03-17T00:08:32.528+09:00
13201735300,RIVACASE 7703 13.3인치 노트북파우치 아쿠아,45540,SALE,디지털/가전>노트북액세서리>노트북가방/케이스,999,2026-03-17T00:08:29.193+09:00
13201735075,RIVACASE 7705 15.6인치 노트북파우치 아쿠아,52170,SALE,디지털/가전>노트북액세서리>노트북가방/케이스,999,2026-03-17T00:08:25.879+09:00
13201734846,RIVACASE 7705 15.6인치 노트북파우치 바이올렛,52170,SALE,디지털/가전>노트북액세서리>노트북가방/케이스,999,2026-03-17T00:08:22.140+09:00
13201734625,RIVACASE 7703 13.3인치 노트북파우치 바이올렛,45540,SALE,디지털/가전>노트북액세서리>노트북가방/케이스,999,2026-03-17T00:08:18.586+09:00
13201734399,사무용 검정볼펜 10p세트 필기구 검정색볼펜,5130,SUSPENSION,생활/건강>문구/사무용품>필기도구>볼펜,9999,2026-03-17T00:08:15.209+09:00
13201734170,다육이 사각화분 미니 다크닉사각화분 1723대 화분,5920,SUSPENSION,생활/건강>정원/원예용품>화분,9999,2026-03-17T00:08:11.642+09:00
13201733852,에포크 테이퍼 형광펜 3본(6색)세트,11890,SALE,생활/건강>문구/사무용품>필기도구>형광펜,9999,2026-03-17T00:08:07.067+09:00
13201733572,차량용 볼트 나사 자동차 패스너 100P 세트 DD-12265,10560,SUSPENSION,생활/건강>자동차용품>인테리어용품>룸미러,9999,2026-03-17T00:08:02.815+09:00
13201733344,DC 8종 어댑터 만능 변환잭 플러그 세트,6850,SUSPENSION,디지털/가전>모니터주변기기>모니터어댑터,9999,2026-03-17T00:07:59.038+09:00
13201733141,육각렌치 링 고리 세트 10pcs 키링 비트 L렌치 엘렌치 LV2512,9770,SALE,생활/건강>공구>수작업공구>복스,9999,2026-03-17T00:07:55.646+09:00
13201732845,몬스테라 냉장고자석 4종 세트,8680,SALE,가구/인테리어>인테리어소품>냉장고자석,833,2026-03-17T00:07:51.240+09:00
13201732623,블랙 라인 트레이닝 세트 슬림핏 데일리 운동복 러닝 츄리닝,36950,SALE,패션의류>여성의류>트레이닝복,9999,2026-03-17T00:07:47.830+09:00
13201732394,필터 10m 자석 찍찍이포함 세트 랜지후드필터 나무이야기 렌지 후드,10560,SALE,생활/건강>주방용품>주방잡화>기타주방잡화,160,2026-03-17T00:07:44.365+09:00
13201732187,세트 통기구멍 칫솔케이스 여행용 양치컵 칫솔보관통,12150,SALE,생활/건강>욕실용품>욕실용기/홀더>칫솔통/걸이,160,2026-03-17T00:07:40.908+09:00
13196533293,뽀로로 미술 놀이 선물 세트 5종 색칠 공부 초등 학교 문구 학용품 유치원 입학 생일 어린이집 졸업 준비물,38970,SALE,출산/육아>완구/인형>미술놀이>기타미술놀이,999,2026-03-16T00:09:02.615+09:00
13196533021,TACTIX 직소날 세트 10pcs 목재 철재용 YT5002,25150,SALE,생활/건강>공구>목공공구>톱,9999,2026-03-16T00:08:58.915+09:00
13196532762,고강도 S2 스틸 자석 파워비트 세트 10pcs HA103,13080,SALE,생활/건강>공구>전동공구>기타전동공구,9999,2026-03-16T00:08:55.403+09:00
13196532513,목공용 금속용 드라이버 드릴 비트 세트 100개입 전문가용 JA396,49280,SALE,생활/건강>공구>전동공구>기타전동공구,9999,2026-03-16T00:08:52.181+09:00
13196532234,고강도 S2 스틸 자석 파워비트 세트 11EA HA102,20110,SALE,생활/건강>공구>전동공구>기타전동공구,9999,2026-03-16T00:08:48.571+09:00
13196531985,드라이버 비트 세트 63pcs JA387,27140,SALE,생활/건강>공구>전동공구>기타전동공구,9999,2026-03-16T00:08:44.914+09:00
13196531816,공구 드라이버 세트 17 in 1 십자 일자 별 비트 정밀 드라이버 스마트폰 수리 BF451,22230,SALE,생활/건강>공구>전동공구>기타전동공구,9999,2026-03-16T00:08:41.718+09:00
13196531664,드라이버 세트 8 in 1 다용도 멀티 공구 스크류 드라이버 비트 십자 일자 송곳 BF392,11090,SALE,생활/건강>공구>전동공구>기타전동공구,9999,2026-03-16T00:08:38.311+09:00
13196531496,드릴 드라이버 비트 세트 20PCS BF390,12150,SALE,생활/건강>공구>전동공구>기타전동공구,9999,2026-03-16T00:08:34.812+09:00
13196531321,드라이버 비트 세트 24 in 1 BF391,13080,SALE,생활/건강>공구>전동공구>기타전동공구,9999,2026-03-16T00:08:31.416+09:00
13196531156,30 in 1 공구 정밀 드라이버 세트 IH779,18120,SALE,생활/건강>공구>전동공구>기타전동공구,9999,2026-03-16T00:08:28.258+09:00
13196530988,강력 수압 고압 베란다 욕실 화장실 변기 청소 보조 미니 분사 샤워기 청소건 호스건 스프레이 건 3종 세트,32310,SALE,생활/건강>욕실용품>세면대/수전용품>수도용품,9999,2026-03-16T00:08:24.975+09:00
13196530708,별모양 공구 별렌찌 별랜치 9p 별렌치 세트,11760,SUSPENSION,생활/건강>공구>수작업공구>복스,9999,2026-03-16T00:08:20.103+09:00
13196530500,원예 화분 물뿌리개 물 조리개 물주기 3L DD-11930,10960,SALE,생활/건강>정원/원예용품>물조리개,9999,2026-03-16T00:08:16.768+09:00
13196530335,자전거 타이어 펑크 수리 패치 키트 세트 DD-11980,24620,SALE,스포츠/레저>자전거>자전거용품>기타자전거용품,9999,2026-03-16T00:08:13.465+09:00
13196530161,영문 생일축하 포장 재료 세트,14280,SUSPENSION,생활/건강>공구>포장용품>포장지,9999,2026-03-16T00:08:10.258+09:00
13196529975,신나는 생일파티 포장 재료 세트,14280,SUSPENSION,생활/건강>공구>포장용품>포장지,9999,2026-03-16T00:08:06.873+09:00
13196529810,빈티지 블루체크 포장 재료 세트,14280,SUSPENSION,생활/건강>공구>포장용품>포장지,9999,2026-03-16T00:08:03.506+09:00
13192336427,그로우백 손잡이 통기성 꽃집 타포린 화분 35x50,11490,SALE,생활/건강>정원/원예용품>화분,9999,2026-03-15T00:14:14.167+09:00
13192336186,컬러풀 꽃잎 밀봉클립 5P 냉장고 자석 메모홀더 주방 과자 봉지 집게 세트,7120,SALE,가구/인테리어>인테리어소품>냉장고자석,150,2026-03-15T00:14:09.587+09:00
13192336019,볼트 너트 세트 M3 M4 M5 13 종 둥근 머리 트러스 육각 십자,8040,SALE,생활/건강>공구>체결용품>볼트/너트,9999,2026-03-15T00:14:06.450+09:00
13192335834,전동 드릴 광택 패드 양모 세트 100mm 차량용 폴리싱 유막 제거,8570,SALE,생활/건강>자동차용품>세차용품>광택기,9999,2026-03-15T00:14:03.150+09:00
13192335662,전동 드릴 광택 패드 양모 세트 75mm 차량용 폴리싱 유막 제거,7510,SALE,생활/건강>자동차용품>세차용품>광택기,9999,2026-03-15T00:13:59.970+09:00
13192335467,타이어 펑크 수리 지렁이 패치 세트,7120,SALE,생활/건강>자동차용품>타이어/휠>타이어용품,9999,2026-03-15T00:13:56.706+09:00
13192335287,볼트 너트 세트 M3 M4 M5 M6 24 종 둥근 머리 트러스 육각 십자,15730,SALE,생활/건강>공구>체결용품>볼트/너트,9999,2026-03-15T00:13:53.269+09:00
13192335119,만능 미니 드라이버 8종 세트 일자 시계 정밀 십자드라이버 안경,7910,SALE,생활/건강>공구>수작업공구>드라이버,9999,2026-03-15T00:13:50.085+09:00
13192334943,스프링 모눈종이 코넬 노트 A5 세로형 그리드 오답,7510,SALE,생활/건강>문구/사무용품>노트/수첩>노트,9999,2026-03-15T00:13:46.792+09:00
13192334756,스프링 모눈종이 코넬 노트 A5 가로형 그리드 오답,7510,SALE,생활/건강>문구/사무용품>노트/수첩>노트,9999,2026-03-15T00:13:43.422+09:00
13192334570,폴리싱 전동 드릴 광택 패드 세트 100mm 차량용 양모 유막 제거,10700,SALE,생활/건강>자동차용품>세차용품>광택기,9999,2026-03-15T00:13:40.242+09:00
13192334390,전동 드릴 샌딩 패드 원형 사포 C 세트 샌드 페이퍼 빼빠 2000방,14140,SALE,생활/건강>공구>목공공구>샌더,9999,2026-03-15T00:13:37.072+09:00
13192334214,전동 드릴 샌딩 패드 원형 사포 B 세트 샌드 페이퍼 빼빠,13750,SALE,생활/건강>공구>목공공구>샌더,9999,2026-03-15T00:13:33.917+09:00
13192334025,전동 드릴 샌딩 패드 원형 사포 A 세트 샌드 페이퍼 빼빠 400방,14010,SALE,생활/건강>공구>목공공구>샌더,9999,2026-03-15T00:13:30.611+09:00
13192333854,수경 재배 포트 망포트 60 호 10개입 재배기 식물 화분,6190,SALE,생활/건강>정원/원예용품>화분,9999,2026-03-15T00:13:27.479+09:00
13192333662,수경 재배 포트 망포트 50 호 10개입 재배기 식물 화분,5390,SALE,생활/건강>정원/원예용품>화분,9999,2026-03-15T00:13:24.266+09:00
13192333496,휴대용 노트 화이트보드 메모 미니 보드판,9770,SALE,생활/건강>문구/사무용품>보드/칠판>화이트보드,9999,2026-03-15T00:13:21.189+09:00
13192333310,여행용 행잉 걸이형 압축 파우치 캐리어 압축팩,19450,SALE,패션잡화>여행용가방/소품>여행소품케이스,9999,2026-03-15T00:13:18.094+09:00
13192333130,영문 레터링 별접기 별종이 세트 종이별접기 별종이접기,5390,SALE,생활/건강>화방용품>미술보조용품>목각인형,9999,2026-03-15T00:13:14.966+09:00
13192332935,다이어리 A6 노트 그린 만년 일기장 데일리 업무,7120,SALE,생활/건강>문구/사무용품>다이어리/플래너>다이어리,9999,2026-03-15T00:13:11.750+09:00
13192332765,다이어리 A6 노트 핑크 만년 일기장 데일리 업무,7120,SALE,생활/건강>문구/사무용품>다이어리/플래너>다이어리,9999,2026-03-15T00:13:08.633+09:00
13192332608,다이어리 A6 노트 블루 만년 일기장 데일리 업무,7120,SALE,생활/건강>문구/사무용품>다이어리/플래너>다이어리,9999,2026-03-15T00:13:05.463+09:00
13192332453,다이어리 A6 노트 그레이 만년 일기장 데일리 업무,7120,SALE,생활/건강>문구/사무용품>다이어리/플래너>다이어리,9999,2026-03-15T00:13:02.268+09:00
13192332273,마술 도구 하트 스펀지 세트 용품 쉬운 키트,5260,SALE,생활/건강>수집품>게임>마술도구,9999,2026-03-15T00:12:59.039+09:00
13192332102,수경 재배 포트 망포트 40 호 10개입 재배기 식물 화분,4730,SALE,생활/건강>정원/원예용품>화분,9999,2026-03-15T00:12:55.908+09:00
13192331932,수경 재배 포트 망포트 32 호 10개입 재배기 식물 화분,4330,SALE,생활/건강>정원/원예용품>화분,9999,2026-03-15T00:12:52.789+09:00
13192331780,크라프트 무지 모눈 노트 B5 필기 필사 연구노트 오답,4200,SALE,생활/건강>문구/사무용품>노트/수첩>노트,9999,2026-03-15T00:12:49.638+09:00
13192331644,실리콘 수영 귀마개 코마개 세트 핑크 잠수 노즈클립,4330,SALE,스포츠/레저>수영>수영용품>귀마개,9999,2026-03-15T00:12:46.573+09:00
13192331480,크라프트 무지 무선 노트 B5 수학 드로잉북 필사 연구노트 오답,4200,SALE,생활/건강>문구/사무용품>노트/수첩>노트,9999,2026-03-15T00:12:43.458+09:00
13192331343,실리콘 수영 귀마개 코마개 세트 블랙 잠수 노즈클립,4330,SALE,스포츠/레저>수영>수영용품>귀마개,9999,2026-03-15T00:12:40.261+09:00
13192331160,크라프트 무지 유선 노트 B5 수학 줄노트 필사 연구노트 오답,4200,SALE,생활/건강>문구/사무용품>노트/수첩>노트,9999,2026-03-15T00:12:36.876+09:00
13192330958,실리콘 수영 귀마개 코마개 세트 블루 잠수 노즈클립,4330,SALE,스포츠/레저>수영>수영용품>귀마개,9999,2026-03-15T00:12:33.569+09:00
13192330757,크라프트 무지 모눈 노트 A5 필기 필사 연구노트 오답,3800,SALE,생활/건강>문구/사무용품>노트/수첩>노트,9999,2026-03-15T00:12:29.947+09:00
13192330567,크라프트 무지 무선 노트 A5 수학 드로잉북 필사 연구노트 오답,3800,SALE,생활/건강>문구/사무용품>노트/수첩>노트,9999,2026-03-15T00:12:26.670+09:00
13192330399,크라프트 무지 유선 노트 A5 수학 줄노트 필사 연구노트 오답,3800,SALE,생활/건강>문구/사무용품>노트/수첩>노트,9999,2026-03-15T00:12:23.445+09:00
13192330197,스티커 제거 스크래퍼 본체 칼날 10입 세트,8280,SALE,생활/건강>청소용품>기타청소용품,833,2026-03-15T00:12:20.026+09:00
13192330034,강아지 고양이 생일 파티 넥스카프 모자 세트,9480,SALE,생활/건강>반려동물>기타반려동물용품,833,2026-03-15T00:12:16.908+09:00
13192329850,피클볼라켓 피클볼 패들 세트,43850,SALE,스포츠/레저>무술용품>기타무술용품,160,2026-03-15T00:12:13.504+09:00
13192329684,토토리 독서기록장 (8개),17860,SALE,생활/건강>문구/사무용품>노트/수첩>노트,999,2026-03-15T00:12:10.169+09:00
13192329489,코넬 PP 인덱스 노트 (2개),21570,SALE,생활/건강>문구/사무용품>노트/수첩>노트,999,2026-03-15T00:12:06.988+09:00
13187544209,복스알 렌치 46 종 공구 세트 롱복스알,19050,SALE,생활/건강>공구>수작업공구>복스,9999,2026-03-14T00:20:09.686+09:00
13187543968,데일리 고무줄 머리끈 12 종 세트 믹스 대용량 안아픈 여아,6450,SALE,패션잡화>헤어액세서리>헤어끈,9999,2026-03-14T00:20:06.295+09:00
13187543742,데일리 고무줄 머리끈 12 종 세트 블랙 대용량 안아픈 여아,6450,SALE,패션잡화>헤어액세서리>헤어끈,9999,2026-03-14T00:20:03.116+09:00
13187543517,데일리 고무줄 머리끈 12 종 세트 핑크 대용량 안아픈 여아,6450,SALE,패션잡화>헤어액세서리>헤어끈,9999,2026-03-14T00:19:59.997+09:00
13187543291,데일리 고무줄 머리끈 12 종 세트 블루 대용량 안아픈 여아,6450,SALE,패션잡화>헤어액세서리>헤어끈,9999,2026-03-14T00:19:56.858+09:00
13187543036,둥근 조립형 화분 식물지 지대 25cm 4P 원형 화초 지지대 꽃지지대,6320,SALE,생활/건강>정원/원예용품>원예부자재,9999,2026-03-14T00:19:53.488+09:00
13187542800,겨울옷 이불 진공 압축팩 대형 패딩 보관,7910,SALE,생활/건강>수납/정리용품>압축팩,9999,2026-03-14T00:19:50.237+09:00
13187542561,파운데이션 미니 쿠션 핑거 퍼프 10P 세트 손가락,7910,SALE,화장품/미용>뷰티소품>페이스소품>퍼프,9999,2026-03-14T00:19:47.135+09:00
13187542339,투명 커버 스프링 영어 노트 B5 가로형 공책 영어쓰기 영어줄 필기,6590,SALE,생활/건강>문구/사무용품>노트/수첩>노트,9999,2026-03-14T00:19:43.947+09:00
13187542075,미니 화장솔 브러쉬 8종 세트 아이보리 화장붓 미니브 여행용브 메이크업브,5520,SUSPENSION,화장품/미용>뷰티소품>메이크업브러시>페이스브러시,9999,2026-03-14T00:19:40.411+09:00
13187541859,미니 화장솔 브러쉬 8종 세트 핑크 화장붓 미니브 여행용브 메이크업브,5520,SALE,화장품/미용>뷰티소품>메이크업브러시>페이스브러시,9999,2026-03-14T00:19:37.241+09:00
13187541639,하트 모양 원형 넝쿨 화분 식물지 지대 호야 지지대 스킨답서 스지 화초,6050,SALE,생활/건강>정원/원예용품>원예부자재,9999,2026-03-14T00:19:34.133+09:00
13187541414,동그라미 원형 넝쿨 화분 식물지 지대 호야 지지대 스킨답서 스지 화초,6050,SALE,생활/건강>정원/원예용품>원예부자재,9999,2026-03-14T00:19:30.999+09:00
13187541183,겨울옷 이불 진공 압축팩 중형 패딩,6190,SALE,생활/건강>수납/정리용품>압축팩,9999,2026-03-14T00:19:27.736+09:00
13187540985,자석 매너 단추 브로치 화이트 믹스 5종 세트 옷핀 미니,8040,SALE,패션잡화>패션소품>브로치>패션브로치,9999,2026-03-14T00:19:24.657+09:00
13187540752,반달 눈썹칼 숱가위 정리 세트 화이트 눈썹숱치기,4990,SALE,화장품/미용>뷰티소품>아이소품>눈썹가위,9999,2026-03-14T00:19:21.478+09:00
13187540552,반달 눈썹칼 숱가위 정리 세트 핑크 눈썹숱치기,4990,SALE,화장품/미용>뷰티소품>아이소품>눈썹가위,9999,2026-03-14T00:19:18.156+09:00
13187540321,원형 자동 급수 저면 관수 화분 소형 플라스틱,3800,SALE,생활/건강>정원/원예용품>화분,9999,2026-03-14T00:19:14.909+09:00
13187539754,화단 화분 일자형 식물 이름표 팻말 36cm 수목 표찰 화분픽 꽃이름표,4070,SALE,생활/건강>정원/원예용품>정원데코,9999,2026-03-14T00:19:06.447+09:00
13187539516,피부 미용 재료 팩볼 팩붓 세트 스파 츌라 관리,4070,SALE,화장품/미용>뷰티소품>페이스소품>기타페이스소품,9999,2026-03-14T00:19:03.208+09:00
13187539291,크라프트 무지 스프링 무선 노트 A6 연습장 스프링노트 수학 종합장,4730,SALE,생활/건강>문구/사무용품>노트/수첩>노트,9999,2026-03-14T00:19:00.078+09:00
13187539082,화분 장식 방울방울 스투키 모자 5P 꾸미기 데코,4730,SALE,생활/건강>원예/식물>다육식물,9999,2026-03-14T00:18:57.232+09:00
13187538870,크라프트 무지 스프링 무선 노트 A4 연습장 스프링노트 수학 종합장,7650,SALE,생활/건강>문구/사무용품>노트/수첩>노트,9999,2026-03-14T00:18:54.159+09:00
13187538666,크라프트 무지 스프링 무선 노트 B5 연습장 스프링노트 수학 종합장,6590,SALE,생활/건강>문구/사무용품>노트/수첩>노트,9999,2026-03-14T00:18:51.240+09:00
13187538429,다이아몬드 야스리 쇠줄 10P 세트 야슬이 목공용줄 다아,9900,SALE,생활/건강>공구>수작업공구>기타수작업공구,9999,2026-03-14T00:18:47.988+09:00
13187538219,크라프트 무지 스프링 무선 노트 A5 연습장 스프링노트 수학 종합장,6190,SALE,생활/건강>문구/사무용품>노트/수첩>노트,9999,2026-03-14T00:18:44.883+09:00
13187537983,불독 클립 페이퍼 집게 5P 세트 블루 서류 사무용 종이집게,4460,SALE,생활/건강>문구/사무용품>문구용품>클립/핀,9999,2026-03-14T00:18:41.548+09:00
13187537746,반투명 바인더 모눈 노트 A5 대학,9240,SALE,생활/건강>문구/사무용품>노트/수첩>노트,9999,2026-03-14T00:18:38.093+09:00
13187537530,반투명 바인더 라인 노트 A5 대학,9240,SALE,생활/건강>문구/사무용품>노트/수첩>노트,9999,2026-03-14T00:18:34.942+09:00
13187537325,반투명 바인더 노트 라인 속지 A5 대학,4990,SALE,생활/건강>문구/사무용품>다이어리/플래너>속지/포켓,9999,2026-03-14T00:18:31.929+09:00
13187537121,반투명 바인더 노트 라인 속지 B5 대학,6050,SALE,생활/건강>문구/사무용품>노트/수첩>노트,9999,2026-03-14T00:18:28.626+09:00
13187536901,가림막 영어 단어 암기 노트 영단어장 단어암 기장,4730,SALE,생활/건강>문구/사무용품>노트/수첩>노트,9999,2026-03-14T00:18:25.434+09:00
13187536686,반투명 바인더 모눈 노트 B5 대학,11230,SALE,생활/건강>문구/사무용품>노트/수첩>노트,9999,2026-03-14T00:18:22.253+09:00
13187536479,투명 커버 스프링 유선 노트 B5 세로형 줄노트 연구노트 수학 오답 연습장,6590,SALE,생활/건강>문구/사무용품>노트/수첩>노트,9999,2026-03-14T00:18:19.087+09:00
13187536266,반투명 바인더 라인 노트 B5 대학,11230,SALE,생활/건강>문구/사무용품>노트/수첩>노트,9999,2026-03-14T00:18:15.883+09:00
13187536055,텃밭 화분 분갈이 플라스틱 모종삽 어린이삽 아동삽 꽃삽 화분삽,5130,SALE,생활/건강>공구>원예공구>농기구,9999,2026-03-14T00:18:12.707+09:00
13187535811,크라프트 드로잉북 무선 노트 가로 중형 미니 무지 수학 연습장,9240,SALE,생활/건강>문구/사무용품>노트/수첩>노트,9999,2026-03-14T00:18:09.513+09:00
13187535582,크라프트 드로잉북 무선 노트 세로 중형 무지 연구노트 필사 메모장,5520,SALE,생활/건강>문구/사무용품>노트/수첩>노트,9999,2026-03-14T00:18:06.309+09:00
13187535392,남여 공용 긴목 골지 양말 8종 세트 무지 목긴 학생,20910,SALE,패션잡화>양말>여성양말>발목양말,9999,2026-03-14T00:18:03.175+09:00
13187535184,캐리어 여행용 파우치 의류 압축 정리백 7종 세트,18920,SALE,패션잡화>여행용가방/소품>캐리어소품,999,2026-03-14T00:18:00.016+09:00
13187534962,여성 홀터넥 비키니 투피스 커버업 세트 블랙 1P 오프숄더 커버 수영복,47430,SUSPENSION,스포츠/레저>수영>여성수영복>비키니,9999,2026-03-14T00:17:56.773+09:00
13187534734,델리 타이밍 만년필 세트 EF촉 스프링 옐로우,27010,SUSPENSION,생활/건강>문구/사무용품>필기도구>기타필기도구,999,2026-03-14T00:17:53.590+09:00
13187534533,델리 타이밍 만년필 세트 EF촉 샤인 그린,27010,SUSPENSION,생활/건강>문구/사무용품>필기도구>기타필기도구,999,2026-03-14T00:17:50.446+09:00
13187534332,델리 타이밍 만년필 세트 EF촉 메이플 레드,27010,SUSPENSION,생활/건강>문구/사무용품>필기도구>기타필기도구,999,2026-03-14T00:17:47.376+09:00
13187534117,델리 타이밍 만년필 세트 EF촉 윈터 네이비,27010,SUSPENSION,생활/건강>문구/사무용품>필기도구>기타필기도구,999,2026-03-14T00:17:44.172+09:00
13187533909,스타 배드민턴라켓 포커스 X 300 DR-AS300X 라켓2개입 운동용품 세트(1개입),51010,SUSPENSION,생활/건강>문구/사무용품>문구용품>문구세트,999,2026-03-14T00:17:41.050+09:00
13187533685,16000 세르지오 유성색연필 24색 미술용품 세트(1개입),20910,SUSPENSION,생활/건강>문구/사무용품>문구용품>문구세트,999,2026-03-14T00:17:37.898+09:00
13187533440,욕실 화장실 정리함 칫솔 치약 거치대 양치컵 세트,13880,SALE,생활/건강>욕실용품>욕실화,99999,2026-03-14T00:17:34.661+09:00
13187533116,홀로그램 14x20 지퍼백 100P 뷰티 화장품 14x20 세트 홀로그램,18410,SUSPENSION,화장품/미용>뷰티소품>화장품케이스,99999,2026-03-14T00:17:29.991+09:00
13187532872,미간 패치 방지 27p 세트 미간 개선 안티에이징 뷰티팩,8360,SALE,화장품/미용>마스크/팩>마스크/팩세트,999,2026-03-14T00:17:26.586+09:00
13187532644,캐릭터 식기 세트 스푼 유치원 세트 유아 준비물 랜덤발송 포크 어린이집 수저,18390,SALE,출산/육아>이유식용품>유아스푼/포크,9999,2026-03-14T00:17:23.190+09:00
13187531918,머그잔 캐릭터 주방용 도기 그릇 뚜껑 스프 캐릭터 그릇 세트 식기 컵,60820,SALE,생활/건강>주방용품>잔/컵>샴페인잔,9999,2026-03-14T00:17:11.851+09:00
13187531722,공책 세트 학생용 필기용 칸 연습장 랜덤발송 영어 공책 10개 넓은 초등,22360,SALE,생활/건강>문구/사무용품>노트/수첩>수첩,9999,2026-03-14T00:17:08.607+09:00
13187531515,340ml 언더락 무지 잔 6개 식기 유리컵 투명 세트 유리잔 홈카페 에이드,39470,SALE,생활/건강>주방용품>잔/컵>샴페인잔,9999,2026-03-14T00:17:05.377+09:00
13187531302,교구 고래 세트 점토 클레이 집콕 미술 레이싱 완구 어린이 만들기 놀이 나라,16530,SALE,출산/육아>완구/인형>미술놀이>크레욜라,9999,2026-03-14T00:17:02.240+09:00
13187531074,잠옷 홈웨어 세트 파자마 캐릭터 이지웨어 파자마 잠옷 여름 커플 반팔,81370,SALE,출산/육아>완구/인형>물놀이용품>튜브,9999,2026-03-14T00:16:58.991+09:00
13187530894,스테인리스 준비물 14cm 스푼 캐릭터 어린이집 유치원 포크 세트 공주 식기,30060,SALE,출산/육아>이유식용품>유아스푼/포크,9999,2026-03-14T00:16:55.782+09:00
13187530705,수저 수저통 식기 숟가락 캐릭터 슬림 멀티 위생 세트 휴대용 세트 젓가락 스텐,28070,SALE,출산/육아>이유식용품>유아스푼/포크,9999,2026-03-14T00:16:52.543+09:00
13187530510,유리창 세트 꾸미기 펜 미술 윈도우 수성 유리용 놀이 교구 마커 6색 마커,14540,SALE,생활/건강>문구/사무용품>필기도구>사인펜,9999,2026-03-14T00:16:49.355+09:00
13187530315,요거트 볼 시리얼 그릇 시리얼 식기 캐릭터 세트 그릇 주방용 양면 그릇 캐릭터,27140,SALE,생활/건강>주방용품>잔/컵>샴페인잔,9999,2026-03-14T00:16:46.151+09:00
13187530105,선물 어린이 캐릭터 참 세트 가방 답례품 랜덤 30개 장식 고리 키링 단체,60820,SALE,디지털/가전>휴대폰액세서리>휴대폰줄,9999,2026-03-14T00:16:42.805+09:00
13187529882,기록장 방학 독서통장 목록 패키지훼손 냥냥 독서 어린이 권장도서 16개입 세트 숙제 초등,33900,SALE,생활/건강>문구/사무용품>다이어리/플래너>스케줄러/플래너,9999,2026-03-14T00:16:39.664+09:00
13187529629,학교 세트 행사 선물 대용량 클립 미니 캐릭터 30개입 사은품 필기구 볼펜 단체,118500,SALE,디지털/가전>카메라/캠코더용품>카메라/캠코더 관련용품>카메라/캠코더용마이크,9999,2026-03-14T00:16:36.529+09:00
13187529432,세트 16.5cm 젓가락 포함 케이스 보라색 위생 슬라이드 캐릭터 식기 휴대용,20380,SALE,생활/건강>주방용품>식기>수저,9999,2026-03-14T00:16:33.371+09:00
13187529216,연습장 10개 공책 그림 학생용 일기 세트 초등 일기장 신학기 랜덤발송 준비,22360,SALE,생활/건강>문구/사무용품>노트/수첩>수첩,9999,2026-03-14T00:16:30.243+09:00
13187529015,썬캐처 놀이 테마 유아 미술 완구 양식 실내 아트 교구 세트 글라스 만들기,16530,SALE,생활/건강>문구/사무용품>필기도구>사인펜,9999,2026-03-14T00:16:27.039+09:00
13187528812,텀블러 세트 물병 세트 세트 교체용 빨대 패킹 스트로 부속품 소모품,12680,SALE,생활/건강>주방용품>보관/밀폐용기>물병,9999,2026-03-14T00:16:23.854+09:00
13187528609,소품 캐릭터 세트 디저트 홈카페 그릇 스푼 볼 요거트 아이스크림 식기 볼,30590,SALE,생활/건강>주방용품>식기>식판,9999,2026-03-14T00:16:20.648+09:00
13187528385,보드마카 12개입 세트 마카펜 사무용 게시판용 블랙 필기구 화이트 보드,21570,SALE,생활/건강>문구/사무용품>필기도구>볼펜,9999,2026-03-14T00:16:17.257+09:00
13187528172,소품 디자인 캐릭터 파우치 똑딱 동전 지갑 소품 가방 미니 세트 지갑 수납,33110,SALE,출산/육아>유아동잡화>가방>토트백/숄더백,9999,2026-03-14T00:16:14.124+09:00
13187527980,선인장 물컵 세트 주방 텀블러 디자인 소품 세척용 브러쉬 청소솔 주방,17060,SALE,디지털/가전>카메라/캠코더용품>카메라/캠코더 관련용품>기타카메라/캠코더용품,9999,2026-03-14T00:16:11.078+09:00
13187527757,디자인 미니수첩 캐릭터 단체 학원 휴대용 선물 세트 40개 수첩 대용량,43050,SUSPENSION,생활/건강>문구/사무용품>노트/수첩>메모지,9999,2026-03-14T00:16:07.802+09:00
13187527534,젤펜 테마 에너겔 필기구 볼펜 캐릭터 부드러운 세트 0.5mm 보더 디자인,18390,SALE,디지털/가전>카메라/캠코더용품>카메라/캠코더 관련용품>카메라/캠코더용마이크,9999,2026-03-14T00:16:04.600+09:00
13187527312,퍼즐 발달 놀이 시리즈 퍼즐 유아 어린이 두뇌 첫 곤충 교육용 교구 세트,31120,SALE,출산/육아>교구>학습보드게임,9999,2026-03-14T00:16:01.358+09:00
13187527104,대용량 고강도 0.5mmB샤프심 번들 샤프심 학생용 필기구 10개입,78980,SALE,생활/건강>문구/사무용품>문구용품>수정용품,9999,2026-03-14T00:15:58.123+09:00
13187526891,캘린더 센티멘탈 일정 탁상 노트 달력 데스크 디자인 2026 달력 관리,20240,SALE,생활/건강>문구/사무용품>다이어리/플래너>캘린더/달력,9999,2026-03-14T00:15:54.888+09:00
13187526638,자유 노트 스케줄러 날짜 다이어리 귀여운 플래너 위클리 캐릭터 기록용 만년형,33900,SALE,생활/건강>문구/사무용품>다이어리/플래너>스케줄러/플래너,9999,2026-03-14T00:15:51.626+09:00
13187526415,미술 소품 교구 엽서 세트 세트 활동지 캐릭터 디자인 색칠 어린이 물감,17060,SALE,생활/건강>생활용품>생활선물세트,9999,2026-03-14T00:15:48.344+09:00
13187526192,작동 교육용 로봇 교구 키트 어린이 과학 장난감 완구 로봇 카약 세트 조립,27140,SALE,생활/건강>수집품>모형/프라모델/피규어>피규어,9999,2026-03-14T00:15:45.120+09:00
13187525969,캐릭터 거다이맥스 세트 학용품 지우개 어린이 30개입 대용량 선물 컬렉션,33110,SALE,출산/육아>완구/인형>미술놀이>색연필,9999,2026-03-14T00:15:41.898+09:00
13187525678,캐릭터 미술 놀이 세트 물감 교구 교육용 워크북 어린이 도트 색칠 디자인,37480,SALE,생활/건강>생활용품>생활선물세트,9999,2026-03-14T00:15:37.601+09:00
13187525439,아름핑 소품 놀이 캐릭터 역할 세트 디자인 파티 어린이 놀이 교구 분장,23030,SALE,패션잡화>패션소품>기타패션소품,9999,2026-03-14T00:15:34.399+09:00
13187524984,핫팩 용품 강아지 방한 소품 세트 겨울용 휴대용 손난로 귀여운 랜덤발송 5개,13080,SALE,스포츠/레저>등산>등산장비>핫팩,9999,2026-03-14T00:15:27.736+09:00
13187524729,학용품 어린이 컬렉션 세트 지우개 캐릭터 사은품 30개 몬스터 대용량,33110,SALE,출산/육아>완구/인형>미술놀이>색연필,9999,2026-03-14T00:15:24.531+09:00
13187524515,수학 2칸 세트 초등학생 노트 공부 5개입 노트 격자 공책 연습장 수학,18120,SALE,생활/건강>문구/사무용품>노트/수첩>노트,9999,2026-03-14T00:15:21.393+09:00
13187524306,키트 문방구 수집 고전 프라모델 독수리오형제 메카 세트 시리즈 로봇 조립,51140,SALE,생활/건강>수집품>모형/프라모델/피규어>피규어,9999,2026-03-14T00:15:18.248+09:00
13187524077,캐릭터 소품 교구 놀이 세트 생일 세트 가면 역할 파티 어린이 놀이 공주,28990,SALE,패션잡화>패션소품>기타패션소품,9999,2026-03-14T00:15:15.040+09:00
13187523870,27탄 어린이 학원 지우개 세트 랜덤 60개 대용량 사은품 초밥 모양 장난감,60820,SALE,출산/육아>완구/인형>미술놀이>색연필,9999,2026-03-14T00:15:11.916+09:00
13187523662,캐릭터 팝콘 디자인 미술 사인펜 수성 펜 어린이 도구 10색 칼라 세트,20380,SALE,생활/건강>문구/사무용품>필기도구>연필,9999,2026-03-14T00:15:08.690+09:00
13187523427,관리 플래너 노트 만년 일정 다이어리 쿠션 캐릭터 수첩 랜덤발송 푹신한,19050,SUSPENSION,생활/건강>문구/사무용품>다이어리/플래너>속지/포켓,9999,2026-03-14T00:15:05.396+09:00
13187523196,위생 캐릭터 귀여운 선물 손톱깎이 용품 세트 휴대용 네일 세트 케어 키트,54060,SALE,패션잡화>시계>패션시계>기타밴드시계,9999,2026-03-14T00:15:02.269+09:00
13187522978,사무용 부옥 디자인 볼펜 필기구 캐릭터 애니메이션 선물 학생 귀여운 펜,15730,SALE,디지털/가전>카메라/캠코더용품>카메라/캠코더 관련용품>카메라/캠코더용마이크,9999,2026-03-14T00:14:59.090+09:00
13187522753,리필 심 교체용 소모품 펜촉 필기구 메탈 반영구 연필심 펜슬 세트 교환용,17330,SALE,디지털/가전>카메라/캠코더용품>카메라/캠코더 관련용품>카메라/캠코더용마이크,9999,2026-03-14T00:14:55.975+09:00
13187522510,대용량 학용품 20개 수정테이프 리필 사무용 2개입 화이트 세트 학생용,80050,SALE,출산/육아>완구/인형>미술놀이>색연필,9999,2026-03-14T00:14:52.851+09:00
13187522300,모루 인형 만들기 제작 인형 키트 캐릭터 DIY 수공예 세트 랜덤 재료,22360,SALE,가구/인테리어>DIY자재/용품>가구부속품>가구다리,9999,2026-03-14T00:14:49.640+09:00
13187522077,디자인 캠핑용 식기 세트 캐릭터 볼 주방 나이프 세트 우드 소품,47290,SALE,생활/건강>주방용품>식기>식판,9999,2026-03-14T00:14:46.411+09:00
13187521862,세트 씰 스티커 캐릭터 스티커 소품 24개 다이어리 꾸미기 이모티콘 데코,51140,SALE,출산/육아>교구>학습교구>기타교구,9999,2026-03-14T00:14:43.199+09:00
13187521623,조립 어린이 과학 익스플로드 장난감 세트 엑스리액션 교구 원리 트랙 놀이,68510,SALE,출산/육아>교구>학습보드게임,9999,2026-03-14T00:14:39.949+09:00
13187521406,초 케이크 소품 스마일 캔들 파티 생일 모양 4종 귀여운 세트 데코용 캔들,13480,SALE,생활/건강>문구/사무용품>테이프>일반테이프,9999,2026-03-14T00:14:36.737+09:00
13187521075,4입 초 축하 파티 캔들 데코 2종 용품 케이크 생일 세트 파티 디자인 하트,13480,SALE,생활/건강>문구/사무용품>테이프>일반테이프,9999,2026-03-14T00:14:31.981+09:00
13187520750,교구 폭신폭신 캐릭터 어린이 스티커 코디 놀이 입히기 스티커 옷 소품 세트,17060,SALE,패션잡화>패션소품>기타패션소품,9999,2026-03-14T00:14:27.214+09:00
13187520182,수공예 미니 세트 키트 만들기 DIY 생크림 케이스 세트 데코덴 재료 꾸미기,14540,SALE,가구/인테리어>DIY자재/용품>가구부속품>가구다리,9999,2026-03-14T00:14:18.587+09:00
13187519982,캐릭터 색칠 엽서 어린이 소품 물감 활동지 교육용 세트 미술 교구 놀이,17060,SALE,생활/건강>생활용품>생활선물세트,9999,2026-03-14T00:14:15.432+09:00
13187519750,교구 세트 어린이 놀이 캐릭터 랜덤발송 도장 활동지 미술 스티커 세트,11760,SALE,패션잡화>패션소품>기타패션소품,9999,2026-03-14T00:14:12.180+09:00
13187519541,대용량 방한 번들 10개 겨울 손난로 용품 화롯불 휴대용 세트 파스형 핫팩,15600,SALE,스포츠/레저>등산>등산장비>핫팩,9999,2026-03-14T00:14:09.015+09:00
13187519338,트랙 조립 레이스 엑스리액션 장난감 키트 레이싱 자동차 세트 익스트림,110940,SALE,출산/육아>교구>학습보드게임,9999,2026-03-14T00:14:05.909+09:00
13187519123,장식 세트 역할 분장 캐릭터 파티 생일 놀이 교구 소품 놀이 어린이 사뿐핑,23030,SALE,패션잡화>패션소품>기타패션소품,9999,2026-03-14T00:14:02.698+09:00
13187518878,다이어리 좋은 꾸미기 느낌 팩 소품 데코 하루 스티커 5장 세트 스티커,14810,SALE,출산/육아>교구>학습교구>기타교구,9999,2026-03-14T00:13:59.330+09:00
13187518658,4D 디자인 프라모델 조립 장난감 그랜저 모형 키트 자동차 수집용 세트,24220,SALE,생활/건강>수집품>모형/프라모델/피규어>피규어,9999,2026-03-14T00:13:56.204+09:00
13187518445,분장 어린이 장난감 생일 캐릭터 파티 놀이 놀이 교구 뽀니핑 세트 역할,23030,SALE,패션잡화>패션소품>기타패션소품,9999,2026-03-14T00:13:52.968+09:00
13187518233,메탈 라운드 촛대 세트 인테리어 소품 3종,55480,SUSPENSION,가구/인테리어>인테리어소품>아로마/캔들용품>초/향초,14,2026-03-14T00:13:49.795+09:00
13187518034,콘크리트용 칼블럭나사 세트 1PACK,4110,SALE,생활/건강>공구>체결용품>나사,9999,2026-03-14T00:13:46.590+09:00
13187517827,소형 대형 브라 세탁망 속옷 빨래망 WL 세트 운동화,27540,SALE,생활/건강>세탁용품>세탁망,999,2026-03-14T00:13:43.563+09:00
13187517633,놀이 중형 세트 학교 윷 운동회 윷놀이 놀이와행사,701280,SALE,생활/건강>수집품>게임>보드게임,999,2026-03-14T00:13:40.438+09:00
13187517407,세트 튜빙밴드 어깨운동밴드 홈트레이닝밴드 운동고무밴드 근력운동,26740,SUSPENSION,스포츠/레저>헬스>헬스소품>푸시업바,999,2026-03-14T00:13:37.214+09:00
13187517154,눈썹 정리 칼 가위 집게 숱가위 3종 세트 족집게 키트 다듬는 도구 핀셋 족집게 빗가위 트위저 빗달린,6720,SALE,화장품/미용>뷰티소품>아이소품>눈썹칼,9999,2026-03-14T00:13:33.512+09:00
13187516926,고정 운동화주름방지 운동화폼 슈즈폼 215-235 슈즈키퍼 세트 구두관리 신발주름방지,20770,SALE,패션잡화>신발용품>부츠키퍼,999,2026-03-14T00:13:30.222+09:00
13187516694,볼 패들 세트 핸들러라켓 커플운동,50610,SALE,출산/육아>완구/인형>스포츠완구>기타스포츠완구,999,2026-03-14T00:13:26.922+09:00
13187516476,레트로 미니 싸리빗자루 쓰레받이 세트 현관 청소 머리카락 먼지 제거,11260,SALE,생활/건강>청소용품>빗자루/쓰레받기,9999,2026-03-14T00:13:23.522+09:00
13187516310,미니 벽걸이 빗자루 쓰레받기 세트 심플 청소도구 화장실 주방 베란다 틈새청소 정리용,9930,SALE,생활/건강>청소용품>빗자루/쓰레받기,9999,2026-03-14T00:13:20.405+09:00
13187516113,아치형 무타공 벽부착 후크 4종 세트 도어행거 가방 걸이 옷걸이 모자 수납 정리,8600,SALE,생활/건강>생활용품>생활선물세트,9999,2026-03-14T00:13:17.253+09:00
13187515901,블랙 토끼 대용량 여행용 파우치 3종 세트 화장품 수납 메이크업 생리대 휴대용 소품,39900,SALE,화장품/미용>뷰티소품>화장품케이스,9999,2026-03-14T00:13:13.925+09:00
13187515679,세미볼 원형 냉장고 자석 5개 세트 랜덤구성 현관문 메모보드 장식 소품,8600,SALE,가구/인테리어>인테리어소품>기타장식용품,9999,2026-03-14T00:13:10.855+09:00
13187515464,유광 하트 냉장고 자석 5개 세트 랜덤구성 현관문 메모보드 장식 소품,8600,SALE,가구/인테리어>인테리어소품>기타장식용품,9999,2026-03-14T00:13:07.626+09:00
13187515256,유광 실버 스톤 보석 냉장고 자석 4개 세트 현관문 메모보드 장식 인테리어 소품,7280,SALE,가구/인테리어>인테리어소품>기타장식용품,9999,2026-03-14T00:13:04.512+09:00
13187515033,미니 유광 하트 냉장고 자석 5개 세트 랜덤구성 현관문 메모보드 장식 소품,7280,SALE,가구/인테리어>인테리어소품>기타장식용품,9999,2026-03-14T00:13:01.273+09:00
13187514813,토마토 디자인 냉장고 자석 메모 홀더 5개 세트 현관문 화이트보드 장식 소품,7280,SALE,가구/인테리어>인테리어소품>기타장식용품,9999,2026-03-14T00:12:57.982+09:00
13187514604,날짜표시 자석 클립 5개 세트 과자봉지 밀봉 메모 홀더 주방 냉장고 정리 소품,11920,SALE,디지털/가전>주방가전>기타주방가전,9999,2026-03-14T00:12:54.821+09:00
13187514348,화장실 변기 청소용 틈새솔 세트,6050,SUSPENSION,생활/건강>생활용품>생활선물세트,9999,2026-03-14T00:12:50.955+09:00
13187514119,무선 원형 키캡 키보드 마우스 콤보 세트 USB리시버 미니배열 퍼플 보라색 무소음 레트로 351,52600,SALE,디지털/가전>주변기기>키보드/마우스세트,9999,2026-03-14T00:12:47.800+09:00
13187513903,휴대용 일회용 변기 커버 10개 세트 위생 시트 여행용 캠핑 외출 필수,4630,SALE,생활/건강>욕실용품>욕실잡화>변기커버,9999,2026-03-14T00:12:44.887+09:00
13187513695,해외 여행용 전원 변환 멀티 충전기 아답터 어댑터 3종 세트 ANY-MC04A,7250,SALE,생활/건강>공구>전기용품>멀티탭,9999,2026-03-14T00:12:41.710+09:00
13187513470,문구 인테리어 오브제 자석 5종 세트 냉장고 현관문 장식 포인트 소품,13250,SALE,가구/인테리어>인테리어소품>기타장식용품,9999,2026-03-14T00:12:38.424+09:00
13187513241,화랑 점보프로 지우개 3P(3개입) 세트,5130,SALE,생활/건강>문구/사무용품>문구용품>지우개,9999,2026-03-14T00:12:34.851+09:00
13187513023,ㄱ자 갈고리 후크 오링풀러 송곳 4종 세트 DD-11876,9500,SUSPENSION,생활/건강>공구>수작업공구>기타수작업공구,9999,2026-03-14T00:12:31.720+09:00
13187512785,원예 화분 물뿌리개 물 조리개 물주기 1L DD-11928,7650,SUSPENSION,생활/건강>정원/원예용품>물조리개,9999,2026-03-14T00:12:28.157+09:00
13187512567,샤워 호스 1.5미터 세트 절수 수압상승 샤워헤드 연결줄 욕실 수도용 부속품,10200,SALE,생활/건강>욕실용품>샤워기>일반샤워기,9999,2026-03-14T00:12:24.897+09:00
13187512265,다용도 코일 변기샤워기 세트 욕실 베란다 청소건 스프레이건 분사기 호스형,26900,SALE,생활/건강>욕실용품>세면대/수전용품>수도용품,9999,2026-03-14T00:12:19.798+09:00
13187511933,고래 만들기 DIY 세트 모빌 장식 공예 재료 여름 패키지,5820,SALE,출산/육아>완구/인형>미술놀이>종이접기,9999,2026-03-14T00:12:15.053+09:00
13187511713,유니콘 만들기 DIY 세트 모빌 장식 공예 재료 여름 패키지,5820,SALE,출산/육아>완구/인형>미술놀이>종이접기,9999,2026-03-14T00:12:11.699+09:00
13187511502,수박 바람개비 만들기 DIY 세트 색칠 꾸미기 여름 미술 놀이 교육 재료,4890,SALE,출산/육아>완구/인형>미술놀이>종이접기,9999,2026-03-14T00:12:08.471+09:00
13187511299,입체 마스크 걸이 만들기 공룡 물고기 DIY 세트 여름 모빌 장식 공예 재료,6350,SALE,출산/육아>완구/인형>미술놀이>종이접기,9999,2026-03-14T00:12:05.206+09:00
13187510910,수세미 털실 10종 세트 뜨개질 만들기 공예 재료 취미 놀이 준비물,20410,SALE,출산/육아>완구/인형>미술놀이>종이접기,9999,2026-03-14T00:11:58.971+09:00
13187510695,상어 만들기 DIY 세트 여름 꾸미기 미술 놀이 엄마표 공예 재료 패키지,4630,SALE,출산/육아>완구/인형>미술놀이>종이접기,9999,2026-03-14T00:11:55.771+09:00
13187510467,비즈 팔찌 만들기 세트 공예 재료 구슬 장난감 DIY 악세서리 키트,18550,SALE,출산/육아>완구/인형>미술놀이>종이접기,9999,2026-03-14T00:11:52.573+09:00
13187510235,나무 집게 3종 혼합 세트 메모 사진 걸이 꾸미기 공예 장식 소품,14040,SALE,생활/건강>생활용품>생활선물세트,9999,2026-03-14T00:11:49.319+09:00
13187510031,미니 꽃다발 사탕 목걸이 만들기 세트 졸업 입학 감사 축하 선물 포장 재료,6350,SALE,가구/인테리어>인테리어소품>미술작품>공예디자인,9999,2026-03-14T00:11:45.963+09:00
13187509247,여성 패션 실버 반지 4개 세트 실반지 레이어드,6850,SUSPENSION,패션잡화>주얼리>반지>패션반지,9999,2026-03-14T00:11:34.505+09:00
13187509002,미니 전통 현악기 만들기 음악 수업 교과연계 미술 놀이 공예 재료 세트,7010,SUSPENSION,출산/육아>완구/인형>미술놀이>종이접기,9999,2026-03-14T00:11:31.015+09:00
13187508770,우쿨렐레 만들기 DIY 세트 음악 교구 놀이 학습용 공예 재료,5820,SALE,출산/육아>완구/인형>미술놀이>종이접기,9999,2026-03-14T00:11:27.495+09:00
13187508496,다용도 정전기방지 ESD 브러쉬 세트 8pcs ID756,18120,SUSPENSION,생활/건강>공구>수작업공구>기타수작업공구,9999,2026-03-14T00:11:23.709+09:00
13187508263,성격유형 블록 만들기 세트 디폼 끼우기 놀이 방과후 돌봄교실 재료,7540,SUSPENSION,출산/육아>완구/인형>블록>기타블록,9999,2026-03-14T00:11:20.495+09:00
13187508046,자동차 만들기 경찰차 DIY 세트 직업체험 우리동네 교통기관 교구,6350,SALE,출산/육아>완구/인형>미술놀이>종이접기,9999,2026-03-14T00:11:17.318+09:00
13187507781,자동차 만들기 소방차 DIY 세트 직업체험 우리동네 교통기관 교구,6350,SALE,출산/육아>완구/인형>미술놀이>종이접기,9999,2026-03-14T00:11:13.982+09:00
13187507529,Prokit (SD-9322M) 정밀 드라이버 세트 T6229,42250,SALE,생활/건강>공구>전동공구>기타전동공구,9999,2026-03-14T00:11:10.706+09:00
13187507304,투명 팽이 만들기 포일아트 DIY 세트 홀로그램 꾸미기 창의미술 공예 재료,5820,SALE,출산/육아>완구/인형>미술놀이>종이접기,9999,2026-03-14T00:11:07.345+09:00
13187506953,혼합 종이끈 세트 만들기 재료 선물 포장 공예 미술 방과후 돌봄교실 준비물,26640,SALE,출산/육아>완구/인형>미술놀이>종이접기,9999,2026-03-14T00:11:01.477+09:00
13187506741,Prokit(SD-205) 드라이버 세트 총 62종 드라이버 날 교환식 T8382,41330,SALE,생활/건강>공구>전동공구>기타전동공구,9999,2026-03-14T00:10:58.101+09:00
13187506518,Prokit(1PK-212) 양날 렌치 드라이버 세트 T8533,15070,SALE,생활/건강>공구>수작업공구>복스,9999,2026-03-14T00:10:54.738+09:00
13187506303,Prokit(SD-9824) 드라이버 세트 24 in 1 T0001,67980,SALE,생활/건강>공구>전동공구>기타전동공구,9999,2026-03-14T00:10:51.434+09:00
13187506071,원예 화분 가꾸기 미니 12종 세트 DD-11158,10960,SUSPENSION,생활/건강>공구>원예공구>기타원예공구,9999,2026-03-14T00:10:48.170+09:00
13187505787,패브릭마카 12색 세트 천꾸미기 스텐실 드로잉 미술 놀이 학습준비 국산 마카펜 재료,15100,SALE,출산/육아>완구/인형>물놀이용품>튜브,9999,2026-03-14T00:10:43.838+09:00
13187505527,A4 80매 컬러 스프링 노트 공책 메모 연습장 사무용 학교 학생 문구,7940,SALE,생활/건강>문구/사무용품>노트/수첩>노트,9999,2026-03-14T00:10:40.189+09:00
13187505289,A5 50매 컬러 스프링 노트 공책 메모 연습장 공부용 학생 사무 문구,4630,SALE,생활/건강>문구/사무용품>노트/수첩>노트,9999,2026-03-14T00:10:36.976+09:00
13187505077,B5 30매 스프링 노트 공책 메모 연습장 공부용 학생 학교 문구,4630,SALE,생활/건강>문구/사무용품>노트/수첩>노트,9999,2026-03-14T00:10:33.852+09:00
13187504852,B5 100매 컬러 스프링 노트 공책 메모 연습장 공부용 학생 학교 문구,7940,SALE,생활/건강>문구/사무용품>노트/수첩>노트,9999,2026-03-14T00:10:30.704+09:00
13187504341,자야 JAYA 세라믹 인두 8종 세트 ZD-70S 30W YT4139,30190,SALE,생활/건강>공구>용접공구>인두기,9999,2026-03-14T00:10:23.406+09:00
13187504121,B5 100매 무절취 연습장 노트 공책 메모 학생 학교 사무용 문구,5950,SALE,생활/건강>문구/사무용품>노트/수첩>노트,9999,2026-03-14T00:10:20.095+09:00
13187503884,A4 100매 절취형 스프링 포켓 노트 공책 메모 학습용 학생 문구,10590,SALE,생활/건강>문구/사무용품>노트/수첩>노트,9999,2026-03-14T00:10:16.634+09:00
13187503674,레터 좌철 스프링 노트 90매 공책 연습장 학생 사무용 학습 문구,9270,SALE,생활/건강>문구/사무용품>노트/수첩>노트,9999,2026-03-14T00:10:13.419+09:00
13187503453,B5 80매 절취형 좌철 스프링 노트 공책 학생 학교 사무용 문구,7280,SALE,생활/건강>문구/사무용품>노트/수첩>노트,9999,2026-03-14T00:10:10.165+09:00
13187503209,B5 절취형 스프링 노트 80매 상철 유선 연습장 필기 메모 공책 학습용 문구 사무용,7280,SALE,생활/건강>문구/사무용품>노트/수첩>노트,9999,2026-03-14T00:10:06.695+09:00
13187502944,수채 색연필 24색 세트 컬러링북 드로잉 미술수업 화구 채색용 학습준비 색연필세트,16560,SALE,생활/건강>화방용품>스케치/드로잉용품>수채색연필,9999,2026-03-14T00:10:03.038+09:00
13187502670,소형 연필깎이 휴대용 샤프너 필기구 정리 학생 준비물 문구용 깔끔한 깎이 도구,6750,SALE,생활/건강>문구/사무용품>필기도구>연필깎이,9999,2026-03-14T00:09:59.196+09:00
13187502439,화인라이너 36색 세트 수성펜 컬러링 드로잉 필기 다이어리 꾸미기 미술 문구용,40300,SALE,생활/건강>문구/사무용품>필기도구>볼펜,9999,2026-03-14T00:09:55.602+09:00
13187502205,16절 좌철 스프링 노트 낱권 학생 연습장 필기 공책 학습 메모 학교 준비물 문구,4230,SALE,생활/건강>문구/사무용품>노트/수첩>노트,9999,2026-03-14T00:09:52.174+09:00
13187501952,한국화 물감 8색 세트 채색 미술수업 그림그리기 준비물 동양화 표현 학습용 화구,9400,SALE,생활/건강>화방용품>스케치/드로잉용품>수채색연필,9999,2026-03-14T00:09:48.521+09:00
13187501689,A5 절취형 좌철 스프링 노트 80매 유선 연습장 필기 공책 공부용 학습 문구 사무용,6620,SALE,생활/건강>문구/사무용품>노트/수첩>노트,9999,2026-03-14T00:09:44.919+09:00
13187501468,중고등 영어 학습 노트 스프링 연습장 유선 공책 학생 필기 메모 학원 학교 문구,4100,SALE,생활/건강>문구/사무용품>노트/수첩>노트,9999,2026-03-14T00:09:41.486+09:00
13187501220,점보 색연필 12색 세트 굵은 바디 휴대용 스케치 드로잉 채색 미술수업 학습준비,13110,SALE,생활/건강>문구/사무용품>문구용품>기타문구용품,9999,2026-03-14T00:09:37.913+09:00
13187500989,클래식 형광펜 4색 세트 체크 필기 색칠 메모 학생 공부 사무 문구용,7540,SALE,생활/건강>문구/사무용품>필기도구>형광펜,9999,2026-03-14T00:09:34.430+09:00
13187500753,골판지 색종이 10색 세트 미술재료 꾸미기 공예 만들기재료 상자장식 종이공작 수업용,6350,SALE,생활/건강>문구/사무용품>문구용품>기타문구용품,9999,2026-03-14T00:09:30.770+09:00
13187500506,클래식 형광펜 6색 세트 체크 필기 메모 학생 공부 사무 정리 컬러 문구용,10060,SALE,생활/건강>문구/사무용품>필기도구>형광펜,9999,2026-03-14T00:09:27.101+09:00
13187500297,자석 소방차 만들기 DIY 세트 특수자동차 과학 놀이 긴급구조 교통기관 체험 교구,6750,SALE,출산/육아>완구/인형>미술놀이>종이접기,9999,2026-03-14T00:09:23.854+09:00
13187500062,자석 구급차 만들기 DIY 세트 응급구조 차량 과학 놀이 안전교육 교통기관 체험 교구,6750,SALE,출산/육아>완구/인형>미술놀이>종이접기,9999,2026-03-14T00:09:20.326+09:00
13187499785,목걸이 만들기 DIY 세트 자연 창의미술 여름 장식 비즈 공예 방과후 재료,5550,SALE,출산/육아>완구/인형>미술놀이>종이접기,9999,2026-03-14T00:09:16.445+09:00
13187499550,전통악기 소고 만들기 DIY 세트 국악 놀이 풍물 체험 방과후 미술활동 교구,6090,SALE,출산/육아>완구/인형>미술놀이>종이접기,9999,2026-03-14T00:09:13.120+09:00
13187499339,전통악기 태평소 만들기 DIY 세트 우리나라 문화체험 국악 놀이 미술활동 교구,7010,SALE,출산/육아>완구/인형>미술놀이>종이접기,9999,2026-03-14T00:09:09.626+09:00
13187499100,반딧불이 만들기 DIY 세트 자연관찰 곤충 학습 엄마표 놀이 방과후 미술 재료,6350,SALE,출산/육아>완구/인형>미술놀이>종이접기,9999,2026-03-14T00:09:06.204+09:00
13187498896,땅속 동식물 만들기 DIY 세트 환경과생활 과학 놀이 생물 관찰 방과후 미술 재료,5820,SALE,출산/육아>완구/인형>미술놀이>종이접기,9999,2026-03-14T00:09:02.830+09:00
13187498688,무궁화 바람개비 만들기 DIY 세트 광복절 삼일절 교육 미술활동 교구,5420,SALE,출산/육아>완구/인형>미술놀이>종이접기,9999,2026-03-14T00:08:59.293+09:00
13187498394,일월오봉도 병풍 만들기 DIY 세트 조선시대 역사체험 명화 미술 놀이 교구,5820,SALE,출산/육아>완구/인형>미술놀이>종이접기,9999,2026-03-14T00:08:55.258+09:00
13187498154,잔솔 어항 여과재 12종혼합 세트 420g 수족관 해수 링,7900,SUSPENSION,생활/건강>관상어용품>여과기/여과재,999,2026-03-14T00:08:51.888+09:00
13187497332,A5 PP 프리스타일 스프링 노트 4000 4권 1세트 / 무지,19860,SUSPENSION,생활/건강>문구/사무용품>노트/수첩>노트패드,999,2026-03-14T00:08:39.751+09:00
13187497116,뽀로로 파워 배송 세트 27000 풀백카 자동차 완구,31410,SUSPENSION,출산/육아>완구/인형>작동완구>자동차,999,2026-03-14T00:08:36.442+09:00
13187496892,뽀로로 파워 중장비 세트 27000 풀백카 자동차 완구,31410,SUSPENSION,출산/육아>완구/인형>작동완구>자동차,999,2026-03-14T00:08:32.806+09:00
13187496569,종이 크라프트 파일함 서류 정리함 파일 꽂이 5P 세트,12090,SUSPENSION,생활/건강>문구/사무용품>데스크용품>서류꽂이/서류받침대,999,2026-03-14T00:08:28.164+09:00
13187496317,가족 오리 3종 세트 정원 소품 장식 조각상 DD-12832,39390,SUSPENSION,가구/인테리어>인테리어소품>기타장식용품,999,2026-03-14T00:08:24.565+09:00
13187496012,ㄱ자 물조리 공병 화분 뾰족 물조리개 250ml DD-12821,4200,SUSPENSION,생활/건강>정원/원예용품>물조리개,999,2026-03-14T00:08:19.535+09:00
13187494514,녹제거 쇠솔 철브러쉬 3P 세트,4580,SUSPENSION,생활/건강>공구>수작업공구>기타수작업공구,999,2026-03-14T00:07:55.671+09:00
13187494282,원예용 방수 화분 분갈이 매트 50x50cm,4490,SUSPENSION,생활/건강>정원/원예용품>원예부자재,999,2026-03-14T00:07:52.424+09:00
13187494024,시계만들기 시계 바늘 세트 71x97x90mm,4360,SUSPENSION,가구/인테리어>인테리어소품>시계>벽시계,999,2026-03-14T00:07:48.174+09:00
13187493819,지포 오일 133ml 1p 라이터 돌 2p 악세사리 세트,15690,SUSPENSION,패션잡화>패션소품>라이터/담배용품>라이터,999,2026-03-14T00:07:44.827+09:00
13187493523,드릴작업 고강도 재질 리벳 건 어태치먼트 세트,42260,SUSPENSION,생활/건강>공구>수작업공구>기타수작업공구,999,2026-03-14T00:07:40.354+09:00
13187493277,폼폼푸린 접이형 빗거울 세트,6480,SUSPENSION,화장품/미용>뷰티소품>헤어소품>헤어브러시,999,2026-03-14T00:07:36.755+09:00
13187493051,종이 접기 배틀 만들기 세트 팽이 놀이 문구 화방 학생 교구용,4630,SALE,출산/육아>완구/인형>미술놀이>종이접기,9999,2026-03-14T00:07:33.274+09:00
13187492816,수채 색연필 60색 틴 케이스 세트 수성 컬러링 드로잉 미술용 선물 문구,60190,SALE,생활/건강>화방용품>애니메이션용품>펜촉/펜대,9999,2026-03-14T00:07:29.671+09:00
13187492596,일반 색연필 72색 세트 틴 케이스 드로잉 컬러링 미술 준비물 화방용,46400,SALE,출산/육아>완구/인형>미술놀이>색연필,9999,2026-03-14T00:07:26.266+09:00
13181936789,세정용 욕실 고압 세트 샤워건 분사 스프레이건 변기,9440,SALE,생활/건강>욕실용품>샤워기>일반샤워기,9999,2026-03-13T00:31:48.169+09:00
13181936458,청소 뚫어뻥 4IN1 핀셋 브러쉬 욕실 세트 청소솔,16260,SALE,생활/건강>청소용품>솔,9999,2026-03-13T00:31:43.459+09:00
13181936226,정밀 다용도 세트 24종 작업용 정비 드라이버 공구,9170,SALE,생활/건강>공구>수작업공구>드라이버,9999,2026-03-13T00:31:40.285+09:00
13181936009,프리미엄 겨울 소재 양말 고보온 세트 5쌍 혼방,9570,SALE,패션잡화>양말>여성양말>중목/장목양말,9999,2026-03-13T00:31:37.080+09:00
13181935766,비트 세트 공구 체결용 종 13 실사용 작업 육각 드릴,11040,SALE,생활/건강>공구>전동공구>비트세트,9999,2026-03-13T00:31:33.751+09:00
13181934931,또박또박 캘리그라피 노트 연습 공책 손글씨 북 5권,38940,SALE,생활/건강>문구/사무용품>노트/수첩>노트,277,2026-03-13T00:31:19.794+09:00
13181934714,그릇 도자기 접시 찬기 신혼 4인 식기 세트 20p,239300,SALE,생활/건강>주방용품>식기>홈세트,9973,2026-03-13T00:31:16.722+09:00
13181934493,카프라 500p 가베 나무 원목 블록 블럭 활용집 세트,82430,SALE,출산/육아>완구/인형>원목교구/가베>가베,438,2026-03-13T00:31:13.566+09:00
13181934299,스텐 캠핑 편수 쿠킹 거름망 냄비 코펠 세트 A형,100470,SUSPENSION,생활/건강>주방용품>냄비/솥>편수냄비,976,2026-03-13T00:31:10.484+09:00
13181934066,트리플 무선 에어펌프 포함 에어 공기 매트 20cm,412210,SALE,스포츠/레저>자전거>자전거용품>펌프,100,2026-03-13T00:31:07.279+09:00
13181933825,더블 무선 에어펌프 포함 에어 공기 쿠션 매트 20cm,355850,SALE,스포츠/레저>캠핑>캠핑매트,100,2026-03-13T00:31:03.937+09:00
13181933623,싱글 무선 에어펌프 포함 에어 공기 쿠션 매트 20cm,299370,SALE,스포츠/레저>캠핑>캠핑매트,99,2026-03-13T00:31:00.774+09:00
13181933394,여성 라운드 리본 홈웨어 수면 잠옷 포인트 파자마 세트,28070,SALE,패션의류>남성언더웨어/잠옷>잠옷/홈웨어,9999,2026-03-13T00:30:57.605+09:00
13181933165,파랑 물뿌리개 화분 원예 화초 물조리개 특대 11L,12680,SUSPENSION,생활/건강>정원/원예용품>물조리개,9999,2026-03-13T00:30:54.474+09:00
13181932966,레저 오락 양면 보드 핀 다트 던지기 게임 판 세트,23030,SUSPENSION,생활/건강>수집품>게임>다트,9999,2026-03-13T00:30:51.341+09:00
13181932777,복스알 핸들 공구 육각 비트 소켓 렌치 53p 세트,28460,SALE,생활/건강>공구>수작업공구>렌치,9999,2026-03-13T00:30:48.213+09:00
13181932512,2000 도라에몽 연습장 2탄 4개묶음 - 줄없는노트 스프링 무선 무지 국산종합장 수학연습장,10430,SALE,생활/건강>문구/사무용품>노트/수첩>노트,9999,2026-03-13T00:30:44.683+09:00
13181932277,30매 가로형 15칸 칸칸 스프링 공책 노트 8개,28070,SALE,생활/건강>문구/사무용품>노트/수첩>노트,9999,2026-03-13T00:30:41.366+09:00
13181931995,1개 250ml 투명 분무기 수동 미용 스프레이 분무기통 화분 분사기 미용실 청소용,4440,SALE,생활/건강>생활용품>생활잡화>분무기,995,2026-03-13T00:30:37.280+09:00
13181931742,뉴 스마트 스핀3 세트,60850,SALE,생활/건강>청소용품>밀대/패드,9000,2026-03-13T00:30:33.811+09:00
13181931561,교체형 세트 수리용 칼날 헤드 정밀 펜 다기능 타입 BF639 조각칼 메인보드,33240,SALE,생활/건강>공구>수작업공구>기타수작업공구,9999,2026-03-13T00:30:30.782+09:00
13181931346,연필캡 뚜껑 보호캡 펜슬캡 투명연필 샤프 깍지 세트 홀더 초등학생 펜슬홀더1SET(1SET 6개입),3300,SUSPENSION,생활/건강>문구/사무용품>필기도구>연필,99899,2026-03-13T00:30:27.557+09:00
13181931109,핀셋 세트(8pcs) 정밀 핀셋 정전기 방지 네,28330,SUSPENSION,생활/건강>공구>수작업공구>기타수작업공구,9999,2026-03-13T00:30:24.198+09:00
13181930901,미팅노트 6345-SSP(4색x45매무선 203x152mm),28730,SUSPENSION,생활/건강>문구/사무용품>노트/수첩>메모지,9999,2026-03-13T00:30:21.053+09:00
13181929680,모자 세탁망 세트 캡모자 볼캡 세탁 빨래망 DD-12595,12020,SUSPENSION,생활/건강>세탁용품>세탁망,9999,2026-03-13T00:30:01.977+09:00
13181929447,다듬질용 줄세트 다듬줄 세트 10pcs 야스리 공구줄 쇠줄 180mm ID671,32180,SALE,생활/건강>공구>수작업공구>기타수작업공구,9999,2026-03-13T00:29:58.866+09:00
13181929210,플유 펜피아 초등 제본노트 3-6무제 23줄 랜덤 1권,4070,SALE,생활/건강>문구/사무용품>노트/수첩>노트,296,2026-03-13T00:29:55.576+09:00
13181928938,흙 날림방지 화분 덮개 코코넛 커버 중 10P DD-12419,25280,SUSPENSION,생활/건강>정원/원예용품>원예부자재,9999,2026-03-13T00:29:51.823+09:00
13181928752,옥수수 베이비 스푼포크 세트,5060,SALE,출산/육아>이유식용품>유아스푼/포크,9000,2026-03-13T00:29:48.717+09:00
13181928514,플라워 옐로우 스트라이프 슈퍼싱글 SS 차렵이불 베개커버 세트,112780,SALE,가구/인테리어>침구단품>토퍼,9999,2026-03-13T00:29:45.345+09:00
13181928297,플라워 블루 스트라이프 슈퍼싱글 SS 차렵이불 베개커버 세트,111460,SALE,가구/인테리어>침구단품>토퍼,9999,2026-03-13T00:29:42.186+09:00
13176724334,SHG 분필 강의실 학원 학교 강의실 필기구,16930,SALE,생활/건강>문구/사무용품>필기도구>볼펜,9999,2026-03-12T00:12:30.546+09:00
13176723804,입문용 세차 블레이즈 민트 카샴푸 워시미트 6종 세트,103250,SALE,생활/건강>자동차용품>세차용품>실내세정제,888,2026-03-12T00:12:23.190+09:00
13176723593,10개 지름5cm 수경재배포트 망포트 물빠짐 수경 재배 포트망 화분 재배기 매쉬 메쉬,5700,SALE,생활/건강>정원/원예용품>화분,9997,2026-03-12T00:12:19.896+09:00
13176723332,10개 지름4cm 수경재배포트 망포트 물빠짐 수경 재배 포트망 화분 재배기 매쉬 메쉬,4940,SALE,생활/건강>정원/원예용품>화분,9999,2026-03-12T00:12:16.728+09:00
13176723069,10개 지름3cm 수경재배포트 망포트 물빠짐 수경 재배 포트망 화분 재배기 매쉬 메쉬,4520,SALE,생활/건강>정원/원예용품>화분,9999,2026-03-12T00:12:13.513+09:00
13176722856,10개 지름6cm 수경재배포트 망포트 물빠짐 수경 재배 포트망 화분 재배기 매쉬 메쉬,6560,SALE,생활/건강>정원/원예용품>화분,9999,2026-03-12T00:12:10.199+09:00
13176722649,튼튼한 파워 마포대 대걸레 학교 막대 밀대 걸레 세트,34560,SALE,생활/건강>청소용품>밀대/패드,9999,2026-03-12T00:12:06.850+09:00
13176722414,미니 홈트 실내 바이크 가정용 운동 사이클 자전거 세트,106430,SALE,스포츠/레저>헬스>헬스사이클,9999,2026-03-12T00:12:03.607+09:00
13176722171,다육이 선반 화분 받침대 실버 메탈 철제 거치대 3단,103120,SALE,생활/건강>정원/원예용품>화분받침,9999,2026-03-12T00:12:00.332+09:00
13176721929,자석 네임택 24 개 세트 단어 화이트 보드,25150,SALE,패션잡화>여행용가방/소품>네임태그,9999,2026-03-12T00:11:57.134+09:00
13176721724,델리 정밀 조각칼 10 종 세트 핸드 메이트 DIY칼 공예,29520,SALE,생활/건강>화방용품>조소/판화용품>조소용품,9999,2026-03-12T00:11:54.017+09:00
13176721448,화분 이름표 식물 표시 사인 100pcs,7470,SALE,생활/건강>정원/원예용품>원예부자재,9999,2026-03-12T00:11:50.844+09:00
13176721162,(KC인증)자연 체험 곤충 수집통 채집통 세트 DD-10809,8150,SALE,생활/건강>관상어용품>수초,9999,2026-03-12T00:11:47.542+09:00
13176720923,이불 압축팩 2개 겨울옷압축팩 여행용압축팩 이불보관팩 여행압축팩 옷압축팩,22890,SALE,생활/건강>수납/정리용품>압축팩,999,2026-03-12T00:11:44.001+09:00
13176720659,손잡이 노트북파우치 핑크 세로형노트북가방 노트북보관가방 노트북토드백 15.6인치노트북가방 노트북슬리,46760,SALE,디지털/가전>노트북액세서리>노트북받침대/쿨러,999,2026-03-12T00:11:40.623+09:00
13176720410,카라비너 캠핑고리 (8cm) 등산용 등산고리 세트 카라비나,8710,SALE,스포츠/레저>등산>기타등산장비,999,2026-03-12T00:11:37.640+09:00
13176720113,4개 선반 업소용 세제 소품 일본수입 00mm 저울 가구 원형 캠핑용품 4개 세트 00 아크릴컵받침,23160,SALE,패션의류>남성의류>티셔츠,999,2026-03-12T00:11:34.280+09:00
13176719946,세트 렉타타프 그늘막타프 (3M) 캠핑,147940,SALE,스포츠/레저>캠핑>텐트/타프용품>기타텐트/타프용품,999,2026-03-12T00:11:31.157+09:00
13176719708,세트 주전자 (1.5L) 케틀 스토브 캠핑마운틴 4종 포함 캠핑컵 백패킹,140380,SALE,생활/건강>주방용품>주전자/티포트>주전자,999,2026-03-12T00:11:28.041+09:00
13176719491,대용량 캠핑마운틴 캠핑주전자 스토브 세트 우드 케틀 (1.5L),110010,SALE,생활/건강>주방용품>주전자/티포트>주전자,999,2026-03-12T00:11:24.801+09:00
13176719164,스토브 캠핑주전자 세트 (1L) 케틀 캠핑마운틴 우드,104970,SALE,생활/건강>주방용품>주전자/티포트>주전자,999,2026-03-12T00:11:21.276+09:00
13176718858,3개 중형 의자 세트 롤테이블 피크닉 더블백 타프 미니멀 대형 방수 패밀리 텐트 캠핑 마이픽,239300,SUSPENSION,스포츠/레저>캠핑>기타캠핑용품,999,2026-03-12T00:11:18.031+09:00
13176718545,포크 숟가락 캠핑 수저 등산 세트 티에라 2종,15730,SALE,스포츠/레저>캠핑>취사용품>기타취사용품,999,2026-03-12T00:11:14.718+09:00
13176718186,x 돗자리매트 140cm 200 캠핑매트 경량돗자리,81640,SUSPENSION,스포츠/레저>캠핑>캠핑매트,999,2026-03-12T00:11:11.517+09:00
13176717860,소풍 피크닉 여행 돗자리 뽀로로 캠핑 매트 매트,72220,SALE,생활/건강>반려동물>강아지 배변용품>기저귀/팬티,999,2026-03-12T00:11:08.125+09:00
13176717421,2개 여행용 슈즈백 폴딩 세트,22360,SALE,패션잡화>여행용가방/소품>캐리어소품,999,2026-03-12T00:11:04.468+09:00
13176717080,충전 4포트 멀티어댑터 보조배터리 세트 해외 여행용,47960,SALE,생활/건강>공구>전기용품>멀티탭,999,2026-03-12T00:11:01.251+09:00
13176716753,세트 211 212E] 1000 판 문구 우주여행 (12개세트),16660,SALE,출산/육아>교구>학습교구>기타교구,60,2026-03-12T00:10:58.155+09:00
13176716432,3가지 여행에도 꼭 세트 헤어브러쉬 필요한 일상에도,55250,SUSPENSION,화장품/미용>뷰티소품>헤어소품>헤어브러시,999,2026-03-12T00:10:54.464+09:00
13176716144,어린이 장난감 여행자동차 세트 미니카 자동차 월드카,107100,SALE,출산/육아>완구/인형>작동완구>오토바이,999,2026-03-12T00:10:51.006+09:00
13176715731,다이어리형 여행다이어리 업무노트 노트 15.5x20.5cm,15470,SUSPENSION,생활/건강>문구/사무용품>다이어리/플래너>다이어리,999,2026-03-12T00:10:46.853+09:00
13176715484,이불 압축가방 여행압축팩 2P 압축팩 (92cmX120cm),23560,SALE,생활/건강>수납/정리용품>압축팩,999,2026-03-12T00:10:43.771+09:00
13176715218,옷걸이 압축팩 이불보관팩 67x110cm 여행압축팩 옷정리함,16000,SUSPENSION,생활/건강>수납/정리용품>압축팩,999,2026-03-12T00:10:40.170+09:00
13176714910,여행압축팩 이불 2개 압축팩 옷압축팩 여행용압축팩 겨울옷압축팩 이불보관팩,24620,SALE,생활/건강>수납/정리용품>압축팩,999,2026-03-12T00:10:36.923+09:00
13176714601,사무용 실버 클립 핀 세트,4830,SALE,생활/건강>문구/사무용품>문구용품>클립/핀,9999,2026-03-12T00:10:33.733+09:00
13176714187,나무 (러닝리소스) IN94460 사계절 세트 수학,87600,SALE,출산/육아>완구/인형>언어/학습완구>디지털학습완구,999,2026-03-12T00:10:29.337+09:00
13176713954,세트/EDI2354 카드 (러닝리소스)핫닷츠 주니어 색깔,36290,SUSPENSION,출산/육아>완구/인형>언어/학습완구>디지털학습완구,999,2026-03-12T00:10:25.939+09:00
13176713646,세트 (러닝리소스)LER5568 싹둑싹둑 오리기,35890,SUSPENSION,출산/육아>완구/인형>언어/학습완구>디지털학습완구,999,2026-03-12T00:10:22.641+09:00
13176713367,(러닝리소스) 세트 LER5544 솔팅 언더더씨,99670,SALE,출산/육아>완구/인형>언어/학습완구>디지털학습완구,999,2026-03-12T00:10:19.408+09:00
13176713061,스킬빌더스 LER1239 활동 세트 도형 (러닝리소스),70630,SALE,출산/육아>완구/인형>언어/학습완구>디지털학습완구,999,2026-03-12T00:10:15.970+09:00
13176712268,(러닝리소스) 세트 실리 솔팅 사이언스 LER5542,91320,SALE,출산/육아>완구/인형>언어/학습완구>디지털학습완구,999,2026-03-12T00:10:04.687+09:00
13176712024,미로 IN95418 (러닝리소스) 마인드컨트롤 세트,57640,SALE,출산/육아>완구/인형>언어/학습완구>디지털학습완구,999,2026-03-12T00:10:01.227+09:00
13176711786,알파벳 스킬빌더스 세트 (러닝리소스) LER1244,71290,SALE,출산/육아>완구/인형>언어/학습완구>디지털학습완구,999,2026-03-12T00:09:57.955+09:00
13176711523,세트 바다 거북이 (러닝리소스) IN95328 수학,87600,SALE,출산/육아>완구/인형>언어/학습완구>디지털학습완구,999,2026-03-12T00:09:54.470+09:00
13176711020,소근육 IN95383 세트 (러닝리소스) 몬스터 그랩,89990,SALE,출산/육아>완구/인형>언어/학습완구>디지털학습완구,999,2026-03-12T00:09:48.098+09:00
13176710766,세트 감각 IN95376 소근육 놀이 (러닝리소스) 트레이,106570,SALE,출산/육아>완구/인형>언어/학습완구>디지털학습완구,999,2026-03-12T00:09:44.588+09:00
13176710548,(러닝리소스) 걱정인형 세트 팔찌 IN95416,52860,SALE,출산/육아>완구/인형>언어/학습완구>디지털학습완구,999,2026-03-12T00:09:41.285+09:00
13176710331,보온무릎보호대 온열복대 러닝무릎보호대 무릎보호대 무릎보호대 보온복대 세트 복부워머,39200,SALE,출산/육아>매트/안전용품>머리보호대,999,2026-03-12T00:09:38.110+09:00
13176710121,노바피싱 2.4m 카본 낚싯대 스피닝릴 세트 민물 바다,95030,SALE,스포츠/레저>낚시>민물낚시>민물낚시세트,4,2026-03-12T00:09:34.769+09:00
13176709918,노바피싱 2.7m 카본 낚싯대 스피닝릴 세트 민물 바다,99140,SALE,스포츠/레저>낚시>민물낚시>민물낚시세트,3,2026-03-12T00:09:31.686+09:00
13176709707,이지버튼 스핀캐스트 릴 낚싯대 세트 채비 입문용,64930,SALE,스포츠/레저>낚시>민물낚시>민물낚시세트,6,2026-03-12T00:09:28.297+09:00
13176709498,라쳇 스패너 기어렌치 세트 10개입 수공구 ID873,45300,SALE,생활/건강>공구>수작업공구>복스,9999,2026-03-12T00:09:24.982+09:00
13176709233,신울타리 화분 1호 울타리화분 미니화분 모종,7650,SUSPENSION,생활/건강>정원/원예용품>화분,9999,2026-03-12T00:09:20.469+09:00
13176709004,VGA M to RJ45 F 젠더 세트 2개입 영상 랜선 RGB TB867,9100,SALE,디지털/가전>휴대폰액세서리>휴대폰케이블,9999,2026-03-12T00:09:16.631+09:00
13176708801,블루라이트 차단 안경 테스트 키트 세트,4990,SUSPENSION,패션잡화>선글라스/안경테>안경소품,9999,2026-03-12T00:09:13.168+09:00
13176708494,신울타리 화분 2호 울타리화분 미니화분 모종,10030,SUSPENSION,생활/건강>정원/원예용품>화분,9999,2026-03-12T00:09:07.996+09:00
13176708297,세라믹과도 식도 세트,87870,SALE,생활/건강>주방용품>칼/커팅기구>칼,9999,2026-03-12T00:09:04.601+09:00
13176708021,360pcs 풀림방지 락와셔 평와샤 케이스 스틸 와셔 세트,13350,SALE,생활/건강>공구>수작업공구>기타수작업공구,450,2026-03-12T00:08:59.776+09:00
13176707827,블랙 화이트 전동 1000 칫솔 프로 세트,232430,SALE,디지털/가전>생활가전>구강청정기>전동칫솔,9999,2026-03-12T00:08:56.260+09:00
13176707632,국산 부부 숟가락 수저 5벌 젓가락 세트 스텐,27790,SUSPENSION,생활/건강>주방용품>식기>수저,9999,2026-03-12T00:08:52.868+09:00
13176707425,팔 토시(Ice Cool Sleeve) White 한 쌍 한 세트 BT161,12150,SALE,패션잡화>장갑>암워머/토시,9999,2026-03-12T00:08:49.288+09:00
13176707234,골프티꽂이 세트 골프티 티꽂이 100개 DD-12545,25280,SALE,스포츠/레저>골프>골프필드용품>거리측정기,999,2026-03-12T00:08:46.081+09:00
13176707007,화홍 디자인붓 972F 사선붓 5본조 세트,27140,SALE,생활/건강>화방용품>붓>구성붓/세필붓,9999,2026-03-12T00:08:42.208+09:00
13176706804,식물 방한 커버 부직포 화분 덮개 180x120 DD-12548,14280,SALE,생활/건강>정원/원예용품>원예부자재,9999,2026-03-12T00:08:38.408+09:00
13176706560,프로메테우스 스프링노트 B5 좌철 80매 색상랜덤 ASP01401,8310,SUSPENSION,생활/건강>문구/사무용품>노트/수첩>노트,9999,2026-03-12T00:08:34.311+09:00
13176706360,식물 방한 커버 부직포 화분 덮개 80x60 DD-12547,8710,SALE,생활/건강>정원/원예용품>원예부자재,9999,2026-03-12T00:08:30.932+09:00
13176706142,미술 물통 붓꽂이 유화 수채화 동양화 세필통 붓수납함 칸칸이 펜꽂이 소품 보관 필기구,19050,SALE,생활/건강>화방용품>미술보조용품>물통,4,2026-03-12T00:08:27.233+09:00
13176705742,세트 대한민국 태극기 국기함,12820,SALE,가구/인테리어>인테리어소품>기타장식용품,160,2026-03-12T00:08:20.512+09:00
13176705440,시어서커 여름 침구 간절기이불 SS 이불 간절기 공장 세트 도매 차렵 집들이선물,46870,SUSPENSION,가구/인테리어>침구단품>토퍼,999,2026-03-12T00:08:15.555+09:00
13176705217,시어서커 여름 침구 간절기이불 가을 세트 차렵 싼곳 침대패드 이불 도매 공장,57200,SUSPENSION,가구/인테리어>침구단품>토퍼,999,2026-03-12T00:08:12.517+09:00
13176705039,간절기 차렵 이불 슈퍼싱글 SS 아이보리 차렵 침대 간절기 포근한 부드러운 폭신폭신한 이불 깔끔한 세트,76730,SUSPENSION,가구/인테리어>침구단품>토퍼,545,2026-03-12T00:08:09.497+09:00
13176704721,여성 플라워 소프트 러블리 홈웨어 프릴 수면 잠옷 세트,22100,SALE,패션의류>여성의류>원피스,9999,2026-03-12T00:08:04.764+09:00
13176704496,여성 물결 수면 핑크 리본 홈웨어 잠옷 그레이 세트,22100,SALE,패션의류>남성언더웨어/잠옷>잠옷/홈웨어,9999,2026-03-12T00:08:01.429+09:00
13176704244,정밀 자성 십자 드라이버 비트 공구 세트 6P 공구함,18650,SALE,생활/건강>공구>수작업공구>드라이버,9999,2026-03-12T00:07:57.820+09:00
13176704033,커피잔 머그컵 유리잔 카푸치노잔 200ml 6p 세트,24490,SALE,생활/건강>주방용품>잔/컵>찻잔,10,2026-03-12T00:07:54.444+09:00
13171552514,캠팽 타프 클립 탄력줄 세트 고정 집게 캠핑 용품 다용도 이지 텐트 강풍 대비 그늘막,7650,SALE,스포츠/레저>캠핑>텐트/타프용품>기타텐트/타프용품,12,2026-03-11T00:17:31.248+09:00
13171552328,다기능 홀더 3p 세트 자동차 소품 걸이 자석 스탠드 후크 미니 벽전화 차량 마운트,8440,SALE,생활/건강>자동차용품>수납용품>차량용옷걸이/후크/행거,5,2026-03-11T00:17:28.138+09:00
13171552132,미니 토끼 어린이 장난감 버블 비눗방울 24개 세트,27270,SALE,출산/육아>완구/인형>감각발달완구>비눗방울,9999,2026-03-11T00:17:24.967+09:00
13171551896,미니 하마 어린이 장난감 버블 비눗방울 24개 세트,27270,SALE,출산/육아>완구/인형>자연/과학완구>동물학습,9999,2026-03-11T00:17:21.231+09:00
13171551728,미니 오리 어린이 장난감 버블 비눗방울 24개 세트,27270,SALE,출산/육아>완구/인형>감각발달완구>비눗방울,9999,2026-03-11T00:17:18.117+09:00
13171551549,LED 레인보우 무지개 유선 게이밍 키보드 마우스 세트,36820,SUSPENSION,디지털/가전>주변기기>키보드>유선키보드,891,2026-03-11T00:17:14.936+09:00
13171551370,물조리개 원예 화분 물뿌리개 물 조리개 물주기 1L M11928,6980,SALE,생활/건강>정원/원예용품>원예부자재,999,2026-03-11T00:17:11.739+09:00
13171551197,푸드썸 휴대용 수저 세트(블루) 도시락 숫가락 젓가락,13480,SALE,스포츠/레저>캠핑>취사용품>기타취사용품,50,2026-03-11T00:17:08.460+09:00
13171551003,푸드썸 휴대용 수저 세트(핑크) 도시락 숟가락 젓가락,13480,SALE,스포츠/레저>캠핑>취사용품>기타취사용품,50,2026-03-11T00:17:05.086+09:00
13171550814,미니 세트 물풍선 (PC),6720,SALE,가구/인테리어>인테리어소품>기타장식용품,9999,2026-03-11T00:17:01.778+09:00
13171550612,세트 (PC) 스티커 장식 풍선,7250,SALE,가구/인테리어>인테리어소품>기타장식용품,9999,2026-03-11T00:16:58.565+09:00
13171550327,부직포 이불정리함 정리 미니서랍장 노하우 수납 압축팩 이불 옷 보관함 겨울,8180,SALE,패션잡화>패션소품>넥케이프,999,2026-03-11T00:16:55.179+09:00
13171550082,투명 원형 책상 연필꽂이 펜꽂이 필기구 정리함 연필통 색연필 꽂이 볼펜,5260,SALE,생활/건강>문구/사무용품>필기도구>연필,999,2026-03-11T00:16:52.007+09:00
13171549808,보관함 소품 서랍 정리함 3종 세트 미니수납함 다용도 대 화장품,10700,SALE,생활/건강>수납/정리용품>정리함>소품정리함,999,2026-03-11T00:16:48.888+09:00
13171549269,차량 보조 수납함 소 차정리함 차량용정리함 자동차그물망 차량보조포켓 자동차정리함,8310,SALE,생활/건강>자동차용품>수납용품>차량용포켓,999,2026-03-11T00:16:41.647+09:00
13171549001,마이픽 문구세트 (랜덤발송),9630,SALE,생활/건강>문구/사무용품>문구용품>기타문구용품,453,2026-03-11T00:16:38.408+09:00
13171548712,모후샌드 텀블러 머그 세트-랜덤,23190,SALE,생활/건강>주방용품>보관/밀폐용기>물병,999,2026-03-11T00:16:34.850+09:00
13171548478,치이카와 텀블러 머그 세트-랜덤,24780,SALE,생활/건강>주방용품>보관/밀폐용기>물병,999,2026-03-11T00:16:31.616+09:00
13171548258,밀리터리 디자인 남녀공용 그늘막모자 탈부착 안면 가리개 세트,7230,SALE,패션잡화>모자>스냅백>일반캡,9999,2026-03-11T00:16:27.821+09:00
13171548060,메카 라인 뮤직 노트 악보 파일 B4 40 매,37480,SALE,생활/건강>문구/사무용품>파일/바인더>파일,9999,2026-03-11T00:16:24.606+09:00
13171547837,(5 켤레 세트) 두꺼운 기모 수면 양말 5종,25150,SALE,패션잡화>양말>여성양말>수면양말,9999,2026-03-11T00:16:21.183+09:00
13171547646,기운센 중장비 4종 세트,24880,SALE,출산/육아>완구/인형>작동완구>자동차,9999,2026-03-11T00:16:18.001+09:00
13171547465,키친 아트 이중 보온 옥식기 세트 제사 밥그릇 국그릇 황실,25150,SALE,생활/건강>주방용품>식기>식판,9999,2026-03-11T00:16:14.829+09:00
13171547247,차렵이불 민트 릴리 순면 단품 간절기침구 차렵 침구 침구 도매 싼곳 가을 차렵 간절기 공장 겨울,171300,SUSPENSION,가구/인테리어>침구단품>토퍼,9999,2026-03-11T00:16:11.630+09:00
13171547003,스프레드 퀸 세트 핑크 신혼침구 간절기침구 간절기 침대정리용 호텔 신혼침구 간절기 커버 여름 홈,400730,SUSPENSION,가구/인테리어>침구단품>요>요세트,9999,2026-03-11T00:16:08.435+09:00
13171546731,알러지케어 이불세트 간절기 풀빌라 침구 블랙 이불커버 검정색 침대커버 간절기이불 먼지없는이불,202820,SUSPENSION,가구/인테리어>침구단품>토퍼,9999,2026-03-11T00:16:05.165+09:00
13171546469,이불 베개 세트 SS 네이비 간절기 침대 침구세트 퀄팅 침구세트 소프트 침실 간절기 침대 차렵이불,69910,SUSPENSION,가구/인테리어>침구세트>이불베개세트>슈퍼싱글이불베개세트,545,2026-03-11T00:16:01.887+09:00
13171546204,이불 베개 세트 SS 화이트 간절기 리버서블 침대 퀄팅 차렵이불 소프트 침대 리버서블 침구세트 베개커버,69910,SUSPENSION,가구/인테리어>침구세트>이불베개세트>슈퍼싱글이불베개세트,545,2026-03-11T00:15:58.722+09:00
13171545708,그레이 이불패드세트 소트 간절기 소프트마이크로 차 차렵 가을 겨울 싼곳 도매 세트 공장 간절기 이불,219220,SUSPENSION,가구/인테리어>침구단품>토퍼,9999,2026-03-11T00:15:52.728+09:00
13171545439,소프트 블루 드림 간절기 이불패드세트 마이크로 차 세트 차렵 이불 공장 가을 간절기 겨울 도매 싼곳,228440,SUSPENSION,가구/인테리어>침구단품>토퍼,9999,2026-03-11T00:15:49.538+09:00
13171545194,소프트 그레이 드림 간절기 논슬립패드SS 마이크로 차 세트 차렵 이불 간절기 도매 싼곳 공장 가을 겨울,72690,SUSPENSION,가구/인테리어>침구단품>토퍼,9999,2026-03-11T00:15:46.016+09:00
13171544968,회전형 화이트 트레이 (소형+대형 세트) 냉장고 주방 화장대 약통 수납정리,14280,SALE,생활/건강>주방용품>주방수납용품>주방정리소품,999,2026-03-11T00:15:42.598+09:00
13171544771,빅사이즈 체형커버 원피스형 투피스 수영복 세트 비치웨어 블랙 사이즈 L,21300,SALE,스포츠/레저>수영>여성수영복>원피스수영복,999,2026-03-11T00:15:39.521+09:00
13171544563,인견 여름 침구 간절기이불 SS 집들이선물 간절기 침대패드 이불 공장 차렵 싼곳,59780,SUSPENSION,가구/인테리어>침구단품>토퍼,999,2026-03-11T00:15:36.432+09:00
13171544371,인견 여름 침구 간절기이불 간절기 싼곳 도매 가을 세트 공장 침대패드 이불,72690,SUSPENSION,가구/인테리어>침구단품>토퍼,999,2026-03-11T00:15:33.188+09:00
13171544168,시어서커 아사 여름 침구간절기이불 SS 침대패드 싼곳 도매 간절기 공장 가을,88160,SUSPENSION,가구/인테리어>침구단품>토퍼,999,2026-03-11T00:15:29.864+09:00
13171544004,시어서커 여름 침구 간절기이불 간절기 가을 도매 싼곳 이불 침대패드 세트 공장,57200,SUSPENSION,가구/인테리어>침구단품>토퍼,999,2026-03-11T00:15:26.597+09:00
13171541623,시어서커 여름 침구 간절기이불 SS 간절기 공장 가을 집들이선물 침대패드 세트 싼곳 도매,46870,SUSPENSION,가구/인테리어>침구단품>토퍼,999,2026-03-11T00:14:54.707+09:00
13171541414,사계절 간절기 차렵 이불 핑크 스트라이프 슈퍼싱글 S 따뜻한 푹신한이불 싱글이불 먼지없는 호텔이불,64820,SUSPENSION,가구/인테리어>침구단품>토퍼,9999,2026-03-11T00:14:51.457+09:00
13171541210,간절기 양면 차렵 이불 블루 퀸 부드러운 침구 사계절 호텔이불 내추럴한 겨울 싱글이불 기숙사침구,70910,SUSPENSION,가구/인테리어>침구단품>토퍼,9999,2026-03-11T00:14:48.114+09:00
13171540986,간절기 사계절 차렵 이불 부드러운 핑크 퀸 침구 내추럴한 겨울 따뜻한 순면 차렵이불 보들보들한,61990,SUSPENSION,가구/인테리어>침구단품>토퍼,9999,2026-03-11T00:14:44.866+09:00
13171540783,호텔이불 간절기 이불 슈퍼싱글 SS 그레이 세트 먼지없는 간절기 가을 침대 이불 침구 호텔 겨울 차렵,144380,SUSPENSION,가구/인테리어>침구단품>토퍼,545,2026-03-11T00:14:41.563+09:00
13171540563,간절기 가을 차렵 이불 베개커버 슈퍼싱글 SS 그레이 가을 차렵이불 간절기 이불세트 침구,96830,SUSPENSION,가구/인테리어>침구단품>토퍼,545,2026-03-11T00:14:38.285+09:00
13171539539,가을 간절기 차렵 이불 슈퍼싱글 SS 옐로우 부드러운 차렵 세트 침구 폭신폭신한 가을 포근한 침대,76730,SUSPENSION,가구/인테리어>침구단품>토퍼,545,2026-03-11T00:14:24.512+09:00
13171538550,가을 간절기 차렵이불 이불 퀸 그레이 포근한 깔끔한 세트 간절기 침구 이불 가을 침대 부드러운,94060,SUSPENSION,가구/인테리어>침구단품>토퍼,545,2026-03-11T00:14:11.993+09:00
13171538284,가을 간절기 차렵이불 이불 퀸 아이보리 깔끔한 이불 폭신폭신한 포근한 가을 침구 간절기 세트,94060,SUSPENSION,가구/인테리어>침구단품>토퍼,545,2026-03-11T00:14:08.626+09:00
13171537338,가을 간절기 차렵이불 이불 퀸 옐로우 포근한 세트 침대 간절기 침구 이불 폭신폭신한 차렵 가을,94060,SUSPENSION,가구/인테리어>침구단품>토퍼,545,2026-03-11T00:13:54.130+09:00
13171536453,가을 침대 간절기 차렵이불 이불 퀸 핑크 가을 포근한 이불 깔끔한 폭신폭신한 침대 차렵 부드러운,94060,SUSPENSION,가구/인테리어>침구단품>토퍼,545,2026-03-11T00:13:42.517+09:00
13171536168,간절기 차렵 이불 이불패드 슈퍼싱글 SS 아이보리 세트 포근한 이불 가을 차렵 침구 침대 깔끔한,130190,SALE,가구/인테리어>침구단품>토퍼,545,2026-03-11T00:13:39.164+09:00
13171535898,가을 간절기 차렵 이불 슈퍼싱글 SS 그레이 침구 깔끔한 간절기 차렵 포근한 세트 가을 부드러운 침대,76730,SALE,가구/인테리어>침구단품>토퍼,545,2026-03-11T00:13:35.996+09:00
13171535562,여름 간절기 이불 베개커버 세트 슈퍼싱글 SS 화이트 따뜻한 이불 사계절 간절기,69540,SALE,가구/인테리어>침구단품>토퍼,9999,2026-03-11T00:13:32.617+09:00
13171535287,스퀘어 워싱 피치가공 간절기 이불패드세트SS 블루 겨울 이불 간절기 가을 도매 차렵 싼곳 세트 공장,97020,SALE,가구/인테리어>침구단품>토퍼,999,2026-03-11T00:13:29.237+09:00
13171534257,스퀘어 워싱 피치가공 간절기 이불패드세트SS 그레이 세트 가을 간절기 차렵 이불 겨울 공장 싼곳 도매,97020,SALE,가구/인테리어>침구단품>토퍼,999,2026-03-11T00:13:15.812+09:00
13171533978,스퀘어 워싱 피치가공 간절기 이불패드세트 블루 차렵 세트 공장 겨울 가을 싼곳 간절기 도매 이불,130190,SALE,가구/인테리어>침구단품>토퍼,999,2026-03-11T00:13:12.869+09:00
13171533629,스퀘어 워싱 피치가공 간절기 이불패드세트 그레이 도매 싼곳 세트 가을 차렵 공장 간절기 이불 겨울,130190,SALE,가구/인테리어>침구단품>토퍼,999,2026-03-11T00:13:09.814+09:00
13171533349,스마일풍선 세트 (PC) LED (4입) 컵스틱,10300,SALE,가구/인테리어>인테리어소품>기타장식용품,9999,2026-03-11T00:13:06.872+09:00
13171533080,스퀘어 워싱 피치가공 간절기 이불SS 블루 도매 가을 싼곳 겨울 이불 세트 차렵 공장 간절기,58300,SALE,가구/인테리어>침구단품>토퍼,999,2026-03-11T00:13:03.589+09:00
13171532842,스퀘어 워싱 피치가공 간절기 이불SS 그레이 도매 싼곳 이불 겨울 가을 차렵 세트 공장 간절기,58300,SALE,가구/인테리어>침구단품>토퍼,999,2026-03-11T00:13:00.671+09:00
13171532564,스퀘어 워싱 피치가공 간절기 이불 블루 가을 겨울 공장 세트 도매 간절기 싼곳 이불 차렵,66600,SALE,가구/인테리어>침구단품>토퍼,999,2026-03-11T00:12:57.158+09:00
13171532304,스퀘어 워싱 피치가공 간절기 이불 그레이 도매 세트 겨울 공장 이불 가을 차렵 싼곳 간절기,66600,SALE,가구/인테리어>침구단품>토퍼,999,2026-03-11T00:12:53.916+09:00
13171532076,스퀘어 워싱 피치가공 간절기 밴딩패드SS 블루 겨울 도매 차렵 공장 세트 이불 싼곳 간절기 가을,58300,SALE,가구/인테리어>침구단품>토퍼,999,2026-03-11T00:12:50.581+09:00
13171531898,스퀘어 워싱 피치가공 간절기 밴딩패드SS 그레이 이불 가을 간절기 겨울 차렵 세트 공장 싼곳 도매,58300,SALE,가구/인테리어>침구단품>토퍼,999,2026-03-11T00:12:47.404+09:00
13171531675,스퀘어 워싱 피치가공 간절기 밴딩패드 블루 겨울 도매 이불 세트 싼곳 차렵 간절기 가을 공장,66600,SALE,가구/인테리어>침구단품>토퍼,999,2026-03-11T00:12:44.277+09:00
13171531472,스퀘어 워싱 피치가공 간절기 밴딩패드 그레이 이불 가을 간절기 차렵 싼곳 도매 세트 공장 겨울,66600,SALE,가구/인테리어>침구단품>토퍼,999,2026-03-11T00:12:40.966+09:00
13171531246,플유 펜피아 초등 스프링노트 가로형 15칸쓰기 색상 랜덤 4권,6720,SALE,생활/건강>문구/사무용품>노트/수첩>노트,296,2026-03-11T00:12:37.503+09:00
13171531062,플유 펜피아 초등 스프링노트 가로형 15칸쓰기 색상 랜덤 2권,4860,SALE,생활/건강>문구/사무용품>노트/수첩>노트,296,2026-03-11T00:12:34.338+09:00
13171530847,플유 펜피아 초등 스프링노트 가로형 15칸쓰기 랜덤 1권,4070,SALE,생활/건강>문구/사무용품>노트/수첩>노트,296,2026-03-11T00:12:31.188+09:00
13171530652,원예용 작업용 쿠션 무릎 보호대 2p 세트 가드닝,14170,SALE,스포츠/레저>보호용품>무릎보호대,19979,2026-03-11T00:12:28.018+09:00
13171530457,게이트볼 세트 소근육발달장난감 공놀이 어린이스포츠장난감,132420,SUSPENSION,출산/육아>완구/인형>스포츠완구>골프,999,2026-03-11T00:12:24.777+09:00
13171530266,DIY 신꾸 신발 샌들 구멍슬리퍼 꾸미기 진주나비 세트,6980,SALE,패션잡화>패션소품>기타패션소품,999,2026-03-11T00:12:21.516+09:00
13171530012,DIY 신꾸 신발 샌들 구멍슬리퍼 꾸미기 진주리본 세트,6980,SALE,패션잡화>패션소품>기타패션소품,999,2026-03-11T00:12:18.280+09:00
13171529780,DIY 신꾸 신발 샌들 구멍슬리퍼 꾸미기 별체인 세트,6980,SALE,패션잡화>패션소품>기타패션소품,999,2026-03-11T00:12:15.115+09:00
13171529547,DIY 신꾸 신발 샌들 구멍슬리퍼 꾸미기 핑크블루 곰돌 세트,6980,SALE,패션잡화>패션소품>기타패션소품,999,2026-03-11T00:12:11.856+09:00
13171529257,DIY 신꾸 신발 샌들 구멍슬리퍼 꾸미기 하트큐빅 곰돌 세트,6980,SALE,패션잡화>패션소품>기타패션소품,999,2026-03-11T00:12:08.428+09:00
13171529016,각도기 삼각자 직자 자 세트,3950,SALE,생활/건강>문구/사무용품>문구용품>자,99999,2026-03-11T00:12:05.230+09:00
13171528719,플유 5000 펜피아 고급 비닐노트 16절 대 랜덤 1권,7650,SALE,생활/건강>문구/사무용품>노트/수첩>노트,296,2026-03-11T00:12:01.830+09:00
13171528462,플유 5000 펜피아 A4 연습장 랜덤 1권,7650,SALE,생활/건강>문구/사무용품>노트/수첩>노트,296,2026-03-11T00:11:58.539+09:00
13171528194,플유 2500 펜피아 스프링 8종 16절 랜덤 1권,5330,SALE,생활/건강>문구/사무용품>노트/수첩>노트,296,2026-03-11T00:11:55.060+09:00
13171527980,플유 2000 펜피아 연습장 랜덤 1권,4860,SALE,생활/건강>문구/사무용품>노트/수첩>노트,296,2026-03-11T00:11:51.851+09:00
13171527769,플유 2000 펜피아 중고등 스프링노트 영어 랜덤 1권,4860,SALE,생활/건강>문구/사무용품>노트/수첩>노트,296,2026-03-11T00:11:48.656+09:00
13171527556,플유 2000 펜피아 스프링노트 원고지 랜덤 1권,4860,SALE,생활/건강>문구/사무용품>노트/수첩>노트,296,2026-03-11T00:11:45.369+09:00
13171527347,플유 3000 펜피아 스프링 10종 25절 랜덤 1권,5790,SALE,생활/건강>문구/사무용품>노트/수첩>노트,296,2026-03-11T00:11:42.179+09:00
13171527137,플유 5500 펜피아 스프링 중 25절 랜덤 1권,8110,SALE,생활/건강>문구/사무용품>노트/수첩>노트,296,2026-03-11T00:11:38.973+09:00
13171526943,플유 3500 펜피아 스프링 PP 16절 랜덤 1권,6250,SALE,생활/건강>문구/사무용품>노트/수첩>노트,296,2026-03-11T00:11:35.706+09:00
13171526730,플유 10000 펜피아 스프링 PP 16절 랜덤 1권,12290,SALE,생활/건강>문구/사무용품>노트/수첩>노트,296,2026-03-11T00:11:32.562+09:00
13171526536,캠핑용 양념통 세트 조미료 소스통 여행용 가방,25410,SUSPENSION,스포츠/레저>캠핑>취사용품>기타취사용품,9999,2026-03-11T00:11:29.383+09:00
13171526321,다육 식물영양제 480ml,10170,SUSPENSION,생활/건강>정원/원예용품>화분영양제/비료,9999,2026-03-11T00:11:26.083+09:00
13171526094,여성 중목 패션 로퍼 리본 포인트 예쁜 양말 3개 세트,12290,SUSPENSION,패션잡화>양말>여성양말>중목/장목양말,9999,2026-03-11T00:11:22.534+09:00
13171525806,드릴비트 3종 세트 타일 목공 스텐 날 기리 전동,16260,SUSPENSION,생활/건강>공구>전동공구>비트세트,9999,2026-03-11T00:11:18.479+09:00
13171525528,플유 4500 펜피아 스프링 PP 16절 랜덤 1권,7180,SALE,생활/건강>문구/사무용품>노트/수첩>노트,296,2026-03-11T00:11:15.049+09:00
13171525266,플유 펜피아 독서록 랜덤 1권,4070,SALE,생활/건강>문구/사무용품>노트/수첩>노트,296,2026-03-11T00:11:11.826+09:00
13171525019,반려견 반려묘 생일 축하 스카프 모자 세트,9480,SALE,생활/건강>반려동물>기타반려동물용품,791,2026-03-11T00:11:08.558+09:00
13171524731,A6 화이트 스프링 노트 무지 줄무늬 80매,4260,SALE,생활/건강>문구/사무용품>노트/수첩>노트,7899,2026-03-11T00:11:05.099+09:00
13171524456,훈련 고무 24p 2색 마커 세트 15cm 용품 드리블,71310,SALE,스포츠/레저>축구>기타축구용품,9999,2026-03-11T00:11:01.749+09:00
13171524185,세트 미용실 카페 현관 청소 스텐 빗자루 쓰레받기,27270,SUSPENSION,생활/건강>청소용품>빗자루/쓰레받기,450,2026-03-11T00:10:58.492+09:00
13171523845,프리미엄 일체형 자동폽업 세트 세면대 배수관 교체,14280,SALE,생활/건강>욕실용품>세면대/수전용품>욕실부속품,450,2026-03-11T00:10:55.375+09:00
13171523489,천연 진주 목걸이 팔찌 귀걸이 세트 고급 선물포장,88930,SALE,패션잡화>주얼리>주얼리세트>진주세트,382,2026-03-11T00:10:50.655+09:00
13166563577,조개껍질 수조장식 어항 소품 300g,9900,SALE,가구/인테리어>인테리어소품>기타장식용품,443,2026-03-10T00:17:28.741+09:00
13166563387,팬시로비 코팅기계 fanco-325R4-4롤 가정 사무실 어린이집 유치원 신학기,552680,SALE,생활/건강>문구/사무용품>사무기기>코팅기,9999,2026-03-10T00:17:25.409+09:00
13166563186,여성용 2WAY 레인코트 파우치 세트 차콜 우비 아웃도어 캠핑 방수웨어,139750,SALE,스포츠/레저>등산>등산가방,9999,2026-03-10T00:17:22.199+09:00
13166562997,여성용 2WAY 레인코트 파우치 세트 그레이 우비 아웃도어 캠핑 방수웨어,139750,SALE,스포츠/레저>등산>등산가방,9999,2026-03-10T00:17:18.973+09:00
13166562809,여성용 2WAY 레인코트 파우치 세트 베이지 우비 아웃도어 캠핑 방수웨어,139750,SALE,스포츠/레저>등산>등산가방,9999,2026-03-10T00:17:15.765+09:00
13166562623,아카시아 원목 일식 나무 그릇 세트 밥공기 국 우드 식기 주방,28360,SALE,가구/인테리어>주방가구>그릇장/컵보드,9999,2026-03-10T00:17:12.472+09:00
13166562428,열부착 리본 와펜 패치 9종 세트 에코백 리폼 다리미 장식,11120,SALE,생활/건강>생활용품>생활선물세트,9999,2026-03-10T00:17:09.317+09:00
13166562266,열부착 스마일 와펜 패치 8종 세트 에코백 리폼 다리미 장식,10200,SALE,생활/건강>생활용품>생활선물세트,9999,2026-03-10T00:17:06.079+09:00
13166562064,열부착 애니멀 와펜 패치 15종 세트 리폼 가방 꾸미기 DIY 포인트 장식 소품,16830,SALE,생활/건강>문구/사무용품>이벤트/파티용품>데코용품,9999,2026-03-10T00:17:02.798+09:00
13166561874,열부착 밀리터리 와펜 패치 10종 세트 에코백 리폼 다리미 장식,15500,SALE,생활/건강>생활용품>생활선물세트,9999,2026-03-10T00:16:59.540+09:00
13166561671,야간 활동용 야광 반사 밴드 2개 세트 안전 스트랩 런닝 라이딩 작업용 허리 벨트,6220,SALE,생활/건강>생활용품>생활선물세트,9999,2026-03-10T00:16:56.316+09:00
13166561469,소가죽 용접용 팔토시 장갑 세트 내열 방열 작업 보호 장비,27170,SALE,패션잡화>장갑>암워머/토시,9999,2026-03-10T00:16:53.093+09:00
13166561303,핑킹 가위 5종 세트 지그재그 물결 모양 공예 재단 안전캡 포함 DIY,15760,SALE,생활/건강>문구/사무용품>문구용품>사무용가위,9999,2026-03-10T00:16:50.152+09:00
13166561116,일본 컬러 붓펜 그린 브러쉬펜 캘리그라피 수채화 손글씨 서예 드로잉 문구용 필기구,14970,SALE,생활/건강>문구/사무용품>필기도구>볼펜,9999,2026-03-10T00:16:46.904+09:00
13166560915,일본 컬러 붓펜 퍼플 브러쉬펜 캘리그라피 수채화 손글씨 서예 드로잉 문구용 필기구,14970,SALE,생활/건강>문구/사무용품>필기도구>볼펜,9999,2026-03-10T00:16:43.761+09:00
13166560723,일본 컬러 붓펜 터키석 브러쉬펜 캘리그라피 수채화 손글씨 서예 드로잉 문구용 필기구,14970,SALE,생활/건강>문구/사무용품>필기도구>볼펜,9999,2026-03-10T00:16:40.378+09:00
13166560525,일본 컬러 붓펜 세피아 브러쉬펜 캘리그라피 수채화 손글씨 서예 드로잉 문구용 필기구,14970,SALE,생활/건강>문구/사무용품>필기도구>볼펜,9999,2026-03-10T00:16:37.102+09:00
13166560315,백주 전용잔 고급 선물 세트 중국술 바이주 홈파티 술잔 기념,40560,SALE,생활/건강>주방용품>잔/컵>와인잔,9999,2026-03-10T00:16:33.973+09:00
13166560093,바이주 전용잔 6개 세트 중국술 백주 술잔 홈파티 유리잔 선물용,11920,SALE,생활/건강>주방용품>잔/컵>와인잔,9999,2026-03-10T00:16:30.641+09:00
13166559906,열부착 와펜 패치 8개 세트 에코백 리폼 DIY 자수 꾸미기 부자재,10200,SALE,생활/건강>생활용품>생활선물세트,9999,2026-03-10T00:16:27.589+09:00
13166559646,캐릭터 스티커 세트 다꾸 폰꾸 다이어리 꾸미기 노트 장식 굿즈 소품,6220,SALE,생활/건강>문구/사무용품>스티커>다꾸스티커,9999,2026-03-10T00:16:22.839+09:00
13166559454,화분 정리대 2단 원예 선반 베란다 다용도 진열대 받침대,36320,SALE,생활/건강>정원/원예용품>화분받침,9999,2026-03-10T00:16:19.766+09:00
13166559263,3단 화분 정리대 원예 진열대 베란다 거실 다육이 선반 식물 수납 받침대,47320,SALE,생활/건강>정원/원예용품>화분받침,9999,2026-03-10T00:16:16.653+09:00
13166559059,강력흡착 벽걸이 후크 4개 세트 수건 욕실 주방 다용도 무타공 소품,16300,SALE,생활/건강>생활용품>생활선물세트,9999,2026-03-10T00:16:13.329+09:00
13166558882,고압 분사 샤워 헤드 수전 호스 세트 욕실 절수 교체용 연결,14310,SALE,생활/건강>욕실용품>샤워기>일반샤워기,9999,2026-03-10T00:16:10.254+09:00
13166558423,자전거 펑크 수리 키트 타이어 패치 세트 주걱 포함 휴대용 정비 공구,6350,SALE,스포츠/레저>자전거>자전거용품>기타자전거용품,9999,2026-03-10T00:16:02.381+09:00
13166558018,캐리어 벨트 네임택 세트 여행 가방 보호 밴드 러기지 스트랩 고정 끈 소품,7280,SALE,패션잡화>여행용가방/소품>네임태그,9999,2026-03-10T00:15:55.412+09:00
13166557768,어항 은신처 블록 5개 세트 새우 구피 산란 쉼터 수조 장식 아쿠아리움 블럭,15370,SALE,생활/건강>관상어용품>수족관/어항,9999,2026-03-10T00:15:51.431+09:00
13166557579,화분 자동 급수기 페트병 연결 물주기 헤드 관수 조절기 식물 화초 관리,4890,SALE,생활/건강>정원/원예용품>물조리개,9999,2026-03-10T00:15:48.031+09:00
13166557387,채소 키우기 재배 세트 얼갈이배추 상추 식물 관찰학습 텃밭 가꾸기 교육용 키트,17890,SALE,생활/건강>정원/원예용품>자갈/모래/흙,9999,2026-03-10T00:15:44.805+09:00
13166557164,다용도 청소솔 바닥솔 타일솔 텀블러솔 운동화솔 틈새솔 변기솔 세면대 브러쉬 세트,6750,SALE,생활/건강>청소용품>솔,9999,2026-03-10T00:15:40.617+09:00
13166556958,빗자루 쓰레받이 세트 롱핸들 실내용 매장 미용실 테이블 바닥 청소 먼지 제거 도구,7680,SALE,생활/건강>청소용품>빗자루/쓰레받기,9999,2026-03-10T00:15:37.452+09:00
13166556764,빗자루 쓰레받이 일체형 세트 롱핸들 실내용 테이블 마당 바닥 청소 보관편한 도구,11120,SALE,생활/건강>청소용품>빗자루/쓰레받기,9999,2026-03-10T00:15:34.169+09:00
13166556583,스테인리스 샤워기 세트 2m 절수 헤드 호스 욕실 수전 수압상승 청소용 교체,20670,SALE,생활/건강>욕실용품>샤워기>일반샤워기,9999,2026-03-10T00:15:30.914+09:00
13166556287,스테인리스 샤워기 세트 3m 절수 헤드 호스 욕실 수전 수압상승 청소용 교체,22530,SALE,생활/건강>욕실용품>샤워기>일반샤워기,9999,2026-03-10T00:15:26.161+09:00
13166556011,스테인리스 샤워기 세트 5m 절수 헤드 호스 욕실 수전 수압상승 교체,27300,SALE,생활/건강>욕실용품>샤워기>샤워호스,9999,2026-03-10T00:15:21.189+09:00
13166555733,3중 필터 샤워기 세트 1.5m 절수 헤드 호스 욕실 수전 청소용 교체,20670,SALE,생활/건강>욕실용품>샤워기>일반샤워기,9999,2026-03-10T00:15:16.440+09:00
13166555478,3중 필터 샤워기 세트 2M 호스 포함 절수형 수압상승 욕실 청소용 헤드,22530,SALE,생활/건강>욕실용품>샤워기>일반샤워기,9999,2026-03-10T00:15:11.752+09:00
13166555195,스텐 샤워 세트 2M 호스 절수형 헤드 포함 욕실 청소용 수압상승 줄,12450,SALE,생활/건강>욕실용품>욕실장/선반>욕실선반,9999,2026-03-10T00:15:06.752+09:00
13166555003,스테인리스 샤워기 세트 2m 절수 헤드 호스 욕실 수전 청소용 수압상승 교체,17090,SALE,생활/건강>생활용품>해충퇴치용품>끈끈이,9999,2026-03-10T00:15:03.532+09:00
13166554806,해바라기 샤워헤드 호스 세트 절수형 욕실 수전 수압상승 청소용 교체,8870,SALE,생활/건강>욕실용품>샤워기>샤워호스,9999,2026-03-10T00:15:00.008+09:00
13166554545,절수형 스텐 샤워기 세트 2M 호스 포함 수압상승 욕실 청소용 헤드,19210,SALE,가구/인테리어>DIY자재/용품>타일>도기질타일,9999,2026-03-10T00:14:55.438+09:00
13166554332,베란다 호스 5M 세트 수도꼭지 커플링 포함 분사기 물 세차 청소 원예 다용도,27570,SALE,생활/건강>공구>설비공구>배관용품,9999,2026-03-10T00:14:52.106+09:00
13166554106,투명 물 호스 5M 세트 수도꼭지 연결 청소 세차 베란다 세탁 배수 원예용,13110,SALE,생활/건강>공구>설비공구>배관용품,9999,2026-03-10T00:14:48.272+09:00
13166553942,투명 물 호스 10M 세트 수도꼭지 연결 청소 세차 베란다 세탁 배수 원예용,19610,SALE,생활/건강>공구>설비공구>배관용품,9999,2026-03-10T00:14:44.863+09:00
13166553771,7기능 분사기 투명 물 호스 10M 세트 수도꼭지 연결 베란다 세차 청소 원예용,22930,SALE,생활/건강>공구>설비공구>배관용품,9999,2026-03-10T00:14:41.765+09:00
13166553576,투명 물 호스 5M 세트 수도꼭지 연결 분사기 포함 베란다 세차 청소 원예용,28490,SALE,생활/건강>자동차용품>세차용품>호스,9999,2026-03-10T00:14:38.396+09:00
13166553387,투명 물 호스 10M 세트 분사기 포함 베란다 세차 청소 원예 수도꼭지 연결,32340,SALE,생활/건강>공구>설비공구>배관용품,9999,2026-03-10T00:14:35.060+09:00
13166553187,코일 호스 7.5M 세트 분사건 포함 베란다 청소 세차 원예 세탁 다용도 물,21200,SALE,생활/건강>공구>수작업공구>바이스,9999,2026-03-10T00:14:31.707+09:00
13166553021,코일 호스 10M 세트 분사건 포함 세탁 청소 화단 원예 배수 다용도 물,25840,SALE,생활/건강>공구>수작업공구>바이스,9999,2026-03-10T00:14:28.650+09:00
13166552853,코일 호스 15M 세트 분사건 포함 수도 연결 세차 청소 샤워 다용도 물,31540,SALE,생활/건강>공구>수작업공구>바이스,9999,2026-03-10T00:14:25.620+09:00
13166552656,세차 원예 호스 세트 10M 분사건 포함 베란다 청소 세탁 농업 다용도 물,18810,SALE,생활/건강>공구>원예공구>호스/호스카트,9999,2026-03-10T00:14:22.475+09:00
13166552481,세차 원예 호스 세트 15M 분사건 포함 베란다 청소 세탁 배수 샤워 다용도 물,23190,SALE,생활/건강>공구>원예공구>호스/호스카트,9999,2026-03-10T00:14:19.310+09:00
13166552280,세차 원예 호스 세트 20M 분사건 포함 수도 연결 농업 청소 베란다 물,29290,SALE,생활/건강>공구>원예공구>호스/호스카트,9999,2026-03-10T00:14:15.446+09:00
13166552103,세차 원예 호스 세트 30M 분사건 포함 베란다 청소 농업 세탁 다용도 물,38170,SALE,생활/건강>공구>원예공구>호스/호스카트,9999,2026-03-10T00:14:12.271+09:00
13166551927,세탁기 호스 연결구 고압분사기 세트 수도꼭지 호환 메탈 농업 베란다 물 부품,5950,SALE,생활/건강>세탁용품>세탁망,9999,2026-03-10T00:14:09.167+09:00
13166551762,7기능 분사기 호스 세트 반자동 건 포함 베란다 세차 청소 원예 수도꼭지 연결용,8340,SALE,생활/건강>공구>설비공구>배관용품,9999,2026-03-10T00:14:06.035+09:00
13166551601,아연 분사 샤워 세트 청소 원예 세탁용 메탈 건 베란다 다용도 물 호스,8210,SALE,생활/건강>공구>원예공구>호스/호스카트,9999,2026-03-10T00:14:02.924+09:00
13166551385,분사기 호스 세트 반자동 건 포함 세차 청소 배수 원예 베란다 수도꼭지 연결용,6350,SALE,생활/건강>공구>설비공구>배관용품,9999,2026-03-10T00:13:59.409+09:00
13166551205,스테인리스 호스 2M 세트 소형 분사기 포함 베란다 세차 청소 원예 수도꼭지 연결용,15900,SALE,생활/건강>공구>설비공구>배관용품,9999,2026-03-10T00:13:56.304+09:00
13166551028,스테인리스 베란다 호스 3M 세트 분사건 포함 세차 청소 원예 세탁 다용도 물,17750,SALE,생활/건강>공구>설비공구>배관용품,9999,2026-03-10T00:13:53.195+09:00
13166550840,스테인리스 베란다 호스 5M 세트 분사건 포함 세차 청소 화단 원예 세탁 다용도 물,22530,SALE,생활/건강>공구>설비공구>배관용품,9999,2026-03-10T00:13:49.993+09:00
13166550664,로터리 스테인리스 호스 1.5M 세트 분사건 포함 세탁 청소 원예 샤워 다용도 물,15900,SALE,생활/건강>공구>설비공구>배관용품,9999,2026-03-10T00:13:46.617+09:00
13166550502,로터리 스테인리스 호스 2M 세트 분사건 포함 세차 청소 원예 농업 샤워 물,17220,SALE,생활/건강>공구>설비공구>배관용품,9999,2026-03-10T00:13:43.795+09:00
13166550306,로터리 스테인리스 호스 3M 세트 분사건 포함 세탁 청소 수도 연결 샤워 다용도 물,18150,SALE,생활/건강>공구>설비공구>배관용품,9999,2026-03-10T00:13:40.574+09:00
13166550126,로터리 투명 호스 5M 세트 분사건 포함 청소 세탁 원예 화단 다용도 고압 물,20940,SALE,생활/건강>공구>설비공구>배관용품,9999,2026-03-10T00:13:37.453+09:00
13166549467,로터리 투명 호스 10M 세트 분사건 포함 베란다 청소 세차 원예 샤워 다용도,27430,SALE,생활/건강>공구>설비공구>배관용품,9999,2026-03-10T00:13:26.142+09:00
13166549289,탈수형 대 걸레 청소 세트 바닥 밀대 리필 포함 초극세사 물 유리창,67350,SALE,생활/건강>생활용품>세제/세정제>곰팡이제거제,9999,2026-03-10T00:13:22.854+09:00
13166549094,광폭 대 걸레 청소 세트 바닥 밀대 리필 포함 초극세사 물 마포 봉 도구,53690,SALE,생활/건강>생활용품>세제/세정제>곰팡이제거제,9999,2026-03-10T00:13:19.836+09:00
13166548910,테이프 클리너 세트 먼지 제거 머리카락 청소 돌돌이 스티커 자국 정리 롤러형 도구,19350,SALE,생활/건강>청소용품>테이프클리너,9999,2026-03-10T00:13:16.710+09:00
13166548728,슬림 테이프 클리너 소형 세트 먼지 제거 돌돌이 침구 청소 롤러형 도구,7680,SALE,생활/건강>청소용품>테이프클리너,9999,2026-03-10T00:13:13.634+09:00
13166548544,슬림 테이프 클리너 대형 세트 먼지 제거 돌돌이 침구 청소 롤러형 도구,8600,SALE,생활/건강>청소용품>테이프클리너,9999,2026-03-10T00:13:10.560+09:00
13166548369,소형 청소포 30개입 세트 가전 주방 냉장고 오염 제거 다용도 티슈형 클리닝 포장,23590,SALE,생활/건강>청소용품>테이프클리너,9999,2026-03-10T00:13:07.453+09:00
13166548208,펄프 수세미 30개 세트 주방 설거지 스펀지 행주 병세척 망사 우레탄 청소,22530,SALE,디지털/가전>자동차기기>헤드유닛>헤드유닛패키지,9999,2026-03-10T00:13:04.233+09:00
13166548030,접이식 대형 스핀 밀대 극세사 걸레 패드 바닥 청소 마루 사무실 세트,75040,SALE,생활/건강>청소용품>밀대/패드,9999,2026-03-10T00:13:01.163+09:00
13166547871,양면 스프레이 밀대 교체용 걸레 2매 세트 극세사 부직포 리필 청소포,7540,SALE,생활/건강>청소용품>밀대/패드,9999,2026-03-10T00:12:58.095+09:00
13166547701,반려동물 진드기 제거기 2종 세트 강아지 고양이 핀셋 집게 위생 관리 도구,5550,SALE,생활/건강>반려동물>기타반려동물용품,9999,2026-03-10T00:12:54.927+09:00
13166547532,다리 고정 밴드 3종 세트 자세보조 무릎 스트랩,13640,SALE,생활/건강>생활용품>생활선물세트,9999,2026-03-10T00:12:51.624+09:00
13166547362,소가죽 용접용 팔토시 장갑 세트 내열 작업 보호 알곤 산업현장 방열 안전,38570,SALE,생활/건강>공구>안전용품>안전장갑,9999,2026-03-10T00:12:48.541+09:00
13166547173,야간 반사 암 밴드 2개 세트 러닝 자전거 등산 작업용 안전 형광 보호 스트랩,9400,SALE,생활/건강>공구>안전용품>안전표시/신호,9999,2026-03-10T00:12:45.225+09:00
13166546987,캐릭터 편지지 세트 스티커 봉투 포함 선물용 메모지 문구 팬시 소품,8070,SALE,생활/건강>문구/사무용품>카드/엽서/봉투>편지지,9999,2026-03-10T00:12:42.160+09:00
13166546815,개구리 캐릭터 편지지 세트 스티커 봉투 포함 선물용 메모지 문구 소품,8070,SALE,생활/건강>문구/사무용품>카드/엽서/봉투>편지지,9999,2026-03-10T00:12:38.991+09:00
13166546620,미니 메모장 캐릭터 수첩 노트 휴대용 기록장 다꾸 문구 팬시 굿즈 소품,8070,SALE,생활/건강>문구/사무용품>카드/엽서/봉투>편지지,9999,2026-03-10T00:12:35.668+09:00
13166546407,빈티지 도자기 화분 소형 토분 4발 스텐드형 TB-16B,38850,SALE,생활/건강>정원/원예용품>화분,9999,2026-03-10T00:12:31.593+09:00
13166546196,빈티지 도자기 화분 토분 원형 수국 30x16cm,141700,SALE,생활/건강>정원/원예용품>화분,9999,2026-03-10T00:12:28.327+09:00
13166546020,국산 도자기 화분 토분 화분 소형 15x13cm 컬러 랜덤,26580,SALE,생활/건강>정원/원예용품>화분,9999,2026-03-10T00:12:25.163+09:00
13166545843,빈티지 도자기 화분 예쁜 다육이 소형 화분 16x13cm,35490,SALE,생활/건강>정원/원예용품>화분,9999,2026-03-10T00:12:21.981+09:00
13166545658,수제 빈티지 도자기 화분 토분 인테리어화분 16x12cm,64330,SALE,생활/건강>정원/원예용품>화분,9999,2026-03-10T00:12:18.818+09:00
13166545505,수제 빈티지 도자기 화분 토분 타원 인테리어화분,97150,SALE,생활/건강>정원/원예용품>화분,9999,2026-03-10T00:12:15.708+09:00
13166545321,미니 도자기화분 토기 다육이 선인장 화분 14x14,28000,SALE,생활/건강>정원/원예용품>화분,9999,2026-03-10T00:12:12.580+09:00
13166545138,빈티지 도자기 화분 토분 소형 인테리어화분 13x16cm,43220,SALE,생활/건강>정원/원예용품>화분,9999,2026-03-10T00:12:09.440+09:00
13166544947,아쿠아 도자기 화분 토분 2개 세트 인테리어화분,169840,SALE,생활/건강>정원/원예용품>화분,9999,2026-03-10T00:12:06.314+09:00
13166544771,여성 골지 배색 장목 운동화 로퍼 양말 6종 세트,12950,SALE,패션잡화>양말>여성양말>중목/장목양말,9999,2026-03-10T00:12:03.270+09:00
13166544608,여성 여름 곰돌이 베어 수면 파자마 반팔 잠옷 세트,23030,SALE,패션의류>남성언더웨어/잠옷>잠옷/홈웨어,9999,2026-03-10T00:12:00.177+09:00
13166544410,탁구공 바구니 바스켓 거치대 받침대 레슨 다이 세트,183080,SALE,스포츠/레저>탁구>탁구라켓,9999,2026-03-10T00:11:56.907+09:00
13166544241,서예 세필붓 한글 캘리 붓펜 브러쉬 브러시 11종 세트,38010,SALE,생활/건강>화방용품>서예/동양화용품>먹,9999,2026-03-10T00:11:53.730+09:00
13166544039,카피바라 신발악세사리 세트,13080,SALE,패션잡화>신발용품>기타신발용품,9000,2026-03-10T00:11:50.636+09:00
13166543880,(24개 세트) 지움3겔 3색 자바 0.7 중성 디스플레이용 지워지는,101920,SALE,디지털/가전>카메라/캠코더용품>카메라/캠코더 관련용품>카메라/캠코더용마이크,19,2026-03-10T00:11:47.625+09:00
13166543669,화분 ROOM 리브 26x28cm SELF 자동급수,21970,SALE,생활/건강>정원/원예용품>화분,55,2026-03-10T00:11:44.110+09:00
13166543504,여성봄스카프 롱 스카프 와 로즈링 한 세트 간절기 아이보리 머플러 무지 선물 포인트 봄 소품,20270,SUSPENSION,패션잡화>패션소품>스카프>쁘띠/미니,9999,2026-03-10T00:11:40.979+09:00
13166543311,평화 스테플러 세트 3호 HD 510 33 호침 호치 케스 서류철,25810,SUSPENSION,생활/건강>문구/사무용품>문구용품>스테이플러/침,9999,2026-03-10T00:11:37.907+09:00
13166542784,여자 골지 스타일 장목 캐시미어 양말 5종 세트,27670,SALE,패션잡화>양말>여성양말>중목/장목양말,9999,2026-03-10T00:11:28.618+09:00
13166542605,마운틴캠핑매트 북유럽 등산방석 접이식캠핑매트 240x200cm,77660,SUSPENSION,스포츠/레저>캠핑>캠핑매트,999,2026-03-10T00:11:25.498+09:00
13166542430,텃밭가꾸기용하우스팜 봄학교식물재배 봄학교 하우스팜 목분 홈가드닝 분갈이 미니 화분 가벼운 식물재배,24940,SALE,생활/건강>정원/원예용품>화분,8787,2026-03-10T00:11:22.318+09:00
13166542259,화이트 메모 보드 월간 계획표 마카 세트 냉장고 칠판 캘린더 먼슬리플래너 시트,15730,SALE,생활/건강>문구/사무용품>보드/칠판>화이트보드,999,2026-03-10T00:11:19.059+09:00
13166542073,포크 접이식 수저 핑크 캠핑 캠핑수저통 등산수저세트 세트,17590,SALE,스포츠/레저>캠핑>취사용품>기타취사용품,999,2026-03-10T00:11:15.964+09:00
13166541890,플유 펜피아 초등 스프링노트 10칸 쓰기 랜덤 1권,4070,SALE,생활/건강>문구/사무용품>노트/수첩>노트,296,2026-03-10T00:11:12.854+09:00
13166541694,디디샵 고급 커피 면 행주 10매 30x40 (992945),18120,SALE,생활/건강>주방용품>주방잡화>행주,1891,2026-03-10T00:11:09.707+09:00
13166541536,소가죽 용접용 팔토시 장갑 세트,33110,SALE,생활/건강>생활용품>생활선물세트,999,2026-03-10T00:11:06.512+09:00
13166541349,디디샵 커피 면 행주 10매 32x46 (991160),13520,SALE,생활/건강>주방용품>주방잡화>행주,1891,2026-03-10T00:11:03.179+09:00
13166541179,그릇 19cm 예쁜 앞접시 중형 홈카페 블루밍 세트 접시 디저트 4개 식기,25550,SALE,생활/건강>주방용품>잔/컵>샴페인잔,9999,2026-03-10T00:11:00.124+09:00
13166541013,대형 예쁜 25cm 파스타 3개 주방 세트 식기 블루밍 요리 메인 접시 접시 접시,27930,SALE,생활/건강>주방용품>잔/컵>샴페인잔,9999,2026-03-10T00:10:56.897+09:00
13166540823,플유 펜피아 초등노트 1-2 일기장 스프링 공책 랜덤 1권 일기쓰기 초등 신학기 준비물,4070,SALE,생활/건강>문구/사무용품>노트/수첩>노트,296,2026-03-10T00:10:53.649+09:00
13166540639,플유 팬피아 초등 스프링노트 3-6 알림장 랜덤 1권 새학기 준비물 초등 고학년 공책 준비물,4070,SALE,생활/건강>문구/사무용품>노트/수첩>노트,296,2026-03-10T00:10:50.430+09:00
13166540454,카카오프렌즈 비비드 신학기 스프링 노트 라인 줄공책 (10권),19040,SALE,생활/건강>문구/사무용품>노트/수첩>노트,999,2026-03-10T00:10:46.979+09:00
13166540282,카카오프렌즈 비비드 신학기 제본 노트 라인 줄공책 (10권),16480,SALE,생활/건강>문구/사무용품>노트/수첩>노트,999,2026-03-10T00:10:43.826+09:00
13166540087,화신 133K 스테이플러 세트 스테플러 호치케스 33호 침세트,15210,SALE,생활/건강>문구/사무용품>문구용품>스테이플러/침,999,2026-03-10T00:10:40.536+09:00
13166539915,화신 10호 스테이플러 세트 미니 스테플러 호치케스 침세트,9130,SALE,생활/건강>문구/사무용품>문구용품>스테이플러/침,999,2026-03-10T00:10:37.345+09:00
13166539738,화신 미니 스테이플 10호침 3팩 세트 (1000pcs 3개입),5340,SALE,생활/건강>문구/사무용품>문구용품>스테이플러/침,999,2026-03-10T00:10:34.192+09:00
13166539563,차량용 가죽 착 2층 트렁크 정리함 AP12 골드격자,63870,SUSPENSION,생활/건강>자동차용품>수납용품>트렁크정리함,999,2026-03-10T00:10:30.972+09:00
13166539379,차량용 가죽 착 2층 트렁크 정리함 수납함 AP12 블랙,63870,SUSPENSION,생활/건강>자동차용품>수납용품>트렁크정리함,999,2026-03-10T00:10:27.882+09:00
13166539208,피스정리함 420x170x90 결합형 8PCS 부품상자 세트 R-10,36020,SUSPENSION,생활/건강>공구>수작업공구>기타수작업공구,999,2026-03-10T00:10:24.691+09:00
13166539026,까렌다쉬 파블로 유성색연필 30색 색연필 세트,161290,SALE,생활/건강>화방용품>스케치/드로잉용품>유성색연필,9999,2026-03-10T00:10:21.413+09:00
13166538854,까렌다쉬 파블로 유성색연필 18색 색연필 세트,97970,SALE,생활/건강>화방용품>스케치/드로잉용품>유성색연필,9999,2026-03-10T00:10:18.341+09:00
13166538665,까렌다쉬 파블로 유성색연필 40색 색연필 세트,219900,SALE,생활/건강>화방용품>스케치/드로잉용품>유성색연필,9999,2026-03-10T00:10:15.228+09:00
13166538477,까렌다쉬 파블로 유성색연필 12색 색연필 세트,66310,SALE,생활/건강>화방용품>스케치/드로잉용품>유성색연필,9999,2026-03-10T00:10:12.107+09:00
13166538296,까렌다쉬 수프라칼라 소프트 수성색연필 18색 세트,97970,SALE,생활/건강>화방용품>스케치/드로잉용품>수채색연필,9999,2026-03-10T00:10:08.801+09:00
13166537701,까렌다쉬 수프라칼라 소프트 수성색연필 12색 세트,66310,SALE,생활/건강>화방용품>스케치/드로잉용품>수채색연필,9999,2026-03-10T00:09:57.544+09:00
13166537517,파버카스텔 일반 색연필 36색 세트 틴케이스,33600,SALE,생활/건강>화방용품>스케치/드로잉용품>유성색연필,9999,2026-03-10T00:09:54.472+09:00
13166537320,파버카스텔 일반 색연필 24색 세트 틴케이스,25940,SALE,생활/건강>화방용품>스케치/드로잉용품>유성색연필,9999,2026-03-10T00:09:51.013+09:00
13166537121,파버카스텔 일반 색연필 12색 세트 틴케이스,14490,SALE,생활/건강>화방용품>스케치/드로잉용품>유성색연필,9999,2026-03-10T00:09:47.431+09:00
13166536929,크라운포드 도자기 세트 3p 보관함 수저통 수저정리함,50870,SUSPENSION,생활/건강>주방용품>식기>수저통,999,2026-03-10T00:09:44.297+09:00
13166536735,옷걸이 압축팩 67x110cm 옷정리함 이불보관팩 여행압축팩,14940,SUSPENSION,생활/건강>수납/정리용품>압축팩,999,2026-03-10T00:09:41.230+09:00
13166536534,까렌다쉬 루미넌스 유성색연필 76색 우드케이스 세트,820670,SALE,생활/건강>화방용품>스케치/드로잉용품>유성색연필,9999,2026-03-10T00:09:37.912+09:00
13166536358,까렌다쉬 파블로 유성색연필 80색 색연필 세트,445500,SALE,생활/건강>화방용품>스케치/드로잉용품>유성색연필,9999,2026-03-10T00:09:34.508+09:00
13166536158,까렌다쉬 파블로 유성색연필 120색 우드케이스 세트,937900,SALE,생활/건강>화방용품>스케치/드로잉용품>유성색연필,9999,2026-03-10T00:09:31.194+09:00
13166535963,까렌다쉬 네오 오일파스텔 96색 우드케이스 세트,785490,SALE,생활/건강>화방용품>스케치/드로잉용품>파스텔,9999,2026-03-10T00:09:27.799+09:00
13166535763,까렌다쉬 루미넌스 유성색연필 100색 색연필 세트,797220,SALE,생활/건강>화방용품>스케치/드로잉용품>유성색연필,9999,2026-03-10T00:09:24.509+09:00
13166535568,까렌다쉬 루미넌스 유성색연필 76색 블랜더 2P 세트,609630,SALE,생활/건강>화방용품>스케치/드로잉용품>유성색연필,9999,2026-03-10T00:09:21.206+09:00
13166535343,까렌다쉬 수프라칼라 소프트 수성색연필 120색 세트,703420,SALE,생활/건강>화방용품>스케치/드로잉용품>수채색연필,9999,2026-03-10T00:09:17.405+09:00
13166535157,까렌다쉬 네오 오일파스텔 96색 파스텔 세트,539290,SALE,생활/건강>화방용품>스케치/드로잉용품>파스텔,9999,2026-03-10T00:09:14.205+09:00
13166534968,동자승4종 세트 차량용 피규어 소품 미니어쳐,28990,SUSPENSION,가구/인테리어>서재/사무용가구>사무/교구용가구>사무용책상,9999,2026-03-10T00:09:10.989+09:00
13166534767,컴퍼스 샤프 삼각자 각도기 눈금자 방안자 세트,10960,SUSPENSION,스포츠/레저>헬스>헬스소품>기타헬스소품,9999,2026-03-10T00:09:07.758+09:00
13166534548,휴대용 미니 반짇고리 세트,5920,SUSPENSION,가구/인테리어>인테리어소품>미술작품>공예디자인,9999,2026-03-10T00:09:03.625+09:00
13166534317,터치 트윈 마카펜 세트 가방포함 60색,23030,SUSPENSION,출산/육아>완구/인형>미술놀이>종이접기,9999,2026-03-10T00:08:59.475+09:00
13166534122,스쿨테마 사이드컬러PUR노트 (어피치) 107x150mm,14140,SUSPENSION,생활/건강>문구/사무용품>노트/수첩>노트,9999,2026-03-10T00:08:55.936+09:00
13166533925,이케아 집들이 유럽 감성 선물 세트 6종 지퍼백 유리 잔 컵 받침대 행주 핸드 타올 타월 천연 수세미 IKEA,39010,SALE,생활/건강>주방용품>잔/컵>유리컵,99999,2026-03-10T00:08:52.704+09:00
13166533728,당근 젤펜 비치용 홍보 판촉 행사용,3670,SALE,생활/건강>문구/사무용품>필기도구>볼펜,341,2026-03-10T00:08:49.438+09:00
13166533510,흑요석 부처얼굴 염주 목걸이 세트,29790,SALE,생활/건강>종교>불교용품,2,2026-03-10T00:08:45.942+09:00
13166533327,학생 학교 졸업 입학 선물 문구 세트 8종 중 고등,25910,SALE,생활/건강>문구/사무용품>문구용품>문구세트,160,2026-03-10T00:08:42.644+09:00
13161485606,의류 압축팩 2매 이중 폴리지퍼 겨울옷 밀봉 보관팩,9160,SALE,생활/건강>수납/정리용품>압축팩,999,2026-03-09T00:08:53.511+09:00
13161485379,이불 압축팩 2매 이중 폴리지퍼 이불 밀봉 보관팩,12220,SALE,생활/건강>수납/정리용품>압축팩,999,2026-03-09T00:08:49.797+09:00
13161485206,포장끈 3색 스티커 세트 포장랩핑 빵끈 선물포장리본,5950,SALE,생활/건강>공구>포장용품>리본,999,2026-03-09T00:08:46.410+09:00
13161485010,흡수력 좋은 부드러운 순면 주방 행주 5매입 세트,11860,SALE,생활/건강>주방용품>주방잡화>행주,999,2026-03-09T00:08:42.862+09:00
13161484681,크롬 샤워기 헤드 수압 고압 상승 샤워 교체 세트,41190,SALE,생활/건강>욕실용품>샤워기>일반샤워기,9999,2026-03-09T00:08:37.397+09:00
13161484396,여행용 정리 대형 대용량 압축 가방 파우치 54X42,21700,SALE,생활/건강>수납/정리용품>압축팩,9999,2026-03-09T00:08:32.410+09:00
13161484184,고체 연료 가정용 미니 화로 구이팬 화로대 불판 세트,40800,SALE,스포츠/레저>캠핑>취사용품>기타취사용품,9999,2026-03-09T00:08:28.975+09:00
13161483965,윷놀이 자석 오목 장기 제기 공기 전통 놀이 5종 세트,44240,SALE,생활/건강>수집품>게임>보드게임,9999,2026-03-09T00:08:24.987+09:00
13161483763,뉴욕 종이컵 295ml 블랙+개방형 뚜껑 200개 세트,44240,SALE,생활/건강>주방용품>주방잡화>종이컵,9999,2026-03-09T00:08:21.522+09:00
13161483540,무지 종이컵 350ml 개폐형 블랙 뚜껑 200개 세트,45970,SALE,생활/건강>주방용품>주방잡화>종이컵,9999,2026-03-09T00:08:17.660+09:00
13161483345,무지 스케치 그림 그리기 만화지 연습장 스프링 노트,42920,SALE,생활/건강>문구/사무용품>노트/수첩>노트,9999,2026-03-09T00:08:14.132+09:00
13161483129,밸브형 이불 압축팩 4P 여행용 의류 옷 진공 파우치,12290,SALE,생활/건강>수납/정리용품>압축팩,9814,2026-03-09T00:08:10.569+09:00
13161482885,국내산 수제 꿀 생강차 도라지대추차 세트 250gx2 선물,41460,SALE,식품>냉동/간편조리식품>기타냉동/간편조리식품,99529,2026-03-09T00:08:06.656+09:00
13161482673,오븐장갑 냄비받침 세트 오븐장갑 퀄팅장갑 냄비받침 전자렌지용장갑 냄비장갑 내열장갑 요리장갑,4460,SALE,가구/인테리어>홈데코>주방데코>주방장갑,999,2026-03-09T00:08:03.094+09:00
13161482483,미용실 업소용 스탠딩 빗자루 쓰레받기 청소용품 세트,23560,SALE,생활/건강>청소용품>빗자루/쓰레받기,4564081,2026-03-09T00:07:59.663+09:00
13161482279,러블리 플라워 가든 보온 겨울 수면 양말 6개 세트,16800,SALE,패션의류>여성의류>원피스,1955,2026-03-09T00:07:56.158+09:00
13161482077,사계절 골지 울 캐시미어 혼방 양말 삭스 5종 세트,23030,SALE,패션잡화>양말>여성양말>중목/장목양말,992,2026-03-09T00:07:52.813+09:00
13161481846,스프링 포켓 줄 노트 투명 커버 유선 수첩 10p 세트,16400,SALE,생활/건강>문구/사무용품>노트/수첩>수첩,9999,2026-03-09T00:07:48.988+09:00
13161481502,집에서 식물 키우기 스위트 바질 식용 허브 화분 키트,42920,SALE,생활/건강>원예/식물>씨앗/모종,9999,2026-03-09T00:07:43.207+09:00
13161481264,DIY 집에서 식물 키우기 부추 식용 허브 화분 키트,42920,SALE,생활/건강>원예/식물>씨앗/모종,9999,2026-03-09T00:07:39.363+09:00
13161481004,0.5mm 브러쉬펜 부드러운 볼펜 세트 5PCS DD-13100,4860,SUSPENSION,생활/건강>문구/사무용품>필기도구>볼펜,9999,2026-03-09T00:07:34.893+09:00
13161480788,블랙펄7색 색연필 KN-6 7색 무지개색연필,5390,SUSPENSION,출산/육아>완구/인형>미술놀이>색연필,9999,2026-03-09T00:07:30.780+09:00
13161480074,미세요 당기세요 세트 아크릴 표지판 원형 8cm,7510,SUSPENSION,가구/인테리어>인테리어소품>디자인문패,9999,2026-03-09T00:07:22.017+09:00
13161479871,하트 벌룬 메세지카드 10매 세트,9240,SUSPENSION,생활/건강>문구/사무용품>카드/엽서/봉투>카드,9999,2026-03-09T00:07:18.314+09:00
13161479671,유아용 수저 포크 세트 어린이 스푼포크세트,11090,SUSPENSION,출산/육아>이유식용품>유아스푼/포크,9999,2026-03-09T00:07:14.802+09:00
13161479466,문화 6p 0.5mm 넥스프로 네임펜 세트 문화네임펜,8310,SUSPENSION,생활/건강>문구/사무용품>필기도구>네임펜,9999,2026-03-09T00:07:11.243+09:00
13161479197,시크릿 셀프 디테일링 브러쉬 세트 붓 차량용 청소,20770,SUSPENSION,생활/건강>청소용품>기타청소용품,9999,2026-03-09T00:07:06.313+09:00
13161478968,여성 여자 부들부들 3 쓰리 피스 브라캡 캡내장 노브라 잠옷 홈웨어 파자마 세트,50000,SALE,패션의류>여성언더웨어/잠옷>잠옷/홈웨어,9999,2026-03-09T00:07:02.544+09:00
13161478675,여성 여자 봄 간절기 긴팔 긴 바지 투피스 잠옷 홈웨어 실내복 파자마 세트,31170,SALE,패션의류>여성언더웨어/잠옷>잠옷/홈웨어,999,2026-03-09T00:06:57.771+09:00
13161478508,여성 여자 여름 프릴 리본 반팔 반 바지 잠옷 파자마 홈웨어 실내복 세트,26520,SALE,패션의류>여성언더웨어/잠옷>잠옷/홈웨어,9999,2026-03-09T00:06:54.370+09:00
13161478323,여성 여자 여름 도트 칼라 반팔 반 바지 잠옷 홈웨어 실내복 파자마 세트,24800,SALE,패션의류>여성언더웨어/잠옷>잠옷/홈웨어,999,2026-03-09T00:06:51.144+09:00
13161478122,여성 여자 봄 여름 춘식이 잠옷 홈웨어 파자마 실내복 반바지 긴바지 2개 세트,62720,SALE,패션의류>여성언더웨어/잠옷>잠옷/홈웨어,9999,2026-03-09T00:06:47.747+09:00
13161477939,여성 여자 여름 귀여운 춘식이 반팔 반바지 파자마 실내복 잠옷 세트,68560,SALE,패션의류>여성언더웨어/잠옷>잠옷/홈웨어,9999,2026-03-09T00:06:44.555+09:00
13161477767,여성 여자 여름 체리 무늬 반팔 반바지 잠옷 홈웨어 파자마 세트,22680,SALE,패션의류>여성언더웨어/잠옷>잠옷/홈웨어,9999,2026-03-09T00:06:41.266+09:00
13161477555,여성 여자 여름 러블리 파자마 파티 반팔 반바지 잠옷 홈웨어 세트,30370,SALE,패션의류>여성언더웨어/잠옷>잠옷/홈웨어,9999,2026-03-09T00:06:37.727+09:00
13161477353,종이컵 세트 1000개 230ml 무지컵+블랙뚜껑 100개+빨대,25840,SALE,생활/건강>주방용품>주방잡화>종이컵,9999,2026-03-09T00:06:33.876+09:00
13161477126,여성 여자 봄 귀여운 고양이 얇은 긴팔 바지 잠옷 파자마 홈웨어 세트,27850,SALE,패션의류>여성언더웨어/잠옷>잠옷/홈웨어,9999,2026-03-09T00:06:29.929+09:00
13161476907,여성 여자 봄 간절기 귀여운 꽃무늬 프릴 긴팔 긴바지 홈웨어 파자마 잠옷 세트,38990,SALE,패션의류>여성언더웨어/잠옷>잠옷/홈웨어,999,2026-03-09T00:06:26.008+09:00
13161476685,당근 토끼 문구 학용품 선물 볼펜 세트,25440,SALE,생활/건강>문구/사무용품>문구용품>문구세트,99999,2026-03-09T00:06:21.871+09:00
13156894278,알람 탁상시계 자명종 세트 해머벨 미니 2p 베이직,18940,SALE,가구/인테리어>인테리어소품>시계>벽시계,999,2026-03-08T00:10:18.382+09:00
13156894074,미니 스카이 세트 엣지 탁상시계 알람 2p 자명종,16940,SALE,가구/인테리어>인테리어소품>시계>벽시계,999,2026-03-08T00:10:14.944+09:00
13156893882,귀여운 블루 포켓 몽당 볼펜 마니또 선물 필기구 잉크펜 문구덕후 재밌는 모양 독특한,3400,SUSPENSION,생활/건강>문구/사무용품>필기도구>볼펜,9999,2026-03-08T00:10:11.705+09:00
13156893680,크리스마스 선물 포장 눈꽃봉투 24장 세트 크라프트 종이 종이봉투 성탄절,19850,SALE,생활/건강>공구>포장용품>포장지,9999,2026-03-08T00:10:08.146+09:00
13156893487,논슬립 옷걸이 10P 세트 목 늘어짐 방지 미끄럼 옷정리 세탁소 어깨뿔 바지,8710,SALE,생활/건강>수납/정리용품>옷걸이>일반옷걸이,9999,2026-03-08T00:10:04.813+09:00
13156893318,귀여운 눈사람 별상자 선물 캔디 초콜릿 크리스마스 성탄절,3540,SALE,생활/건강>공구>포장용품>선물박스,9999,2026-03-08T00:10:01.663+09:00
13156893141,리본 선물 별상자 캔디 초콜릿 크리스마스 성탄절,3540,SALE,생활/건강>공구>포장용품>선물박스,9999,2026-03-08T00:09:58.646+09:00
13156892939,원예 화분 화초 벌레 끈끈이 사각 트랩 뿌리 파리 파리왕 초파리 노란 제거,3400,SALE,생활/건강>생활용품>해충퇴치용품>끈끈이,9999,2026-03-08T00:09:55.188+09:00
13156892722,화분 분갈이 바닥 망사(2호) 배수판 물구멍 깔망 화분깔망 화분배,3140,SALE,생활/건강>정원/원예용품>원예부자재,9999,2026-03-08T00:09:51.503+09:00
13156892509,파스텔 미니 플라스틱 화분 7X8cm 식목일 모종 심기 다육이 다육이심기 꽃심기 원예,3400,SALE,생활/건강>정원/원예용품>화분,9999,2026-03-08T00:09:48.020+09:00
13156892275,튼튼한 랍스타 집게 볼펜 마니또 선물 필기구 잉크펜 문구덕후 귀여운 재밌는 모양 독특한,4990,SALE,생활/건강>문구/사무용품>필기도구>볼펜,9999,2026-03-08T00:09:44.443+09:00
13156892054,크라프트 땡큐 감사 카드 6매 세트 엽서 플라워 축하 예쁜,4990,SALE,생활/건강>문구/사무용품>카드/엽서/봉투>카드,9999,2026-03-08T00:09:40.654+09:00
13156891810,플라워 땡큐 감사 카드 6매 세트 엽서 축하 예쁜,4990,SALE,생활/건강>문구/사무용품>카드/엽서/봉투>카드,9999,2026-03-08T00:09:36.744+09:00
13156891376,고무줄 헤어밴드 1봉지 비비드 컬러 머리 머리끈 세트 기본 고탄력,4200,SALE,패션잡화>헤어액세서리>헤어끈,9999,2026-03-08T00:09:29.395+09:00
13156891141,일흥 헤드밴드 (IHF111 408용) 10P 세트,46760,SUSPENSION,생활/건강>공구>안전용품>안전표시/신호,9999,2026-03-08T00:09:25.210+09:00
13156890914,수전 렌치 세트 만능 세면대 교체 공구 스패너,10430,SUSPENSION,생활/건강>공구>수작업공구>복스,9999,2026-03-08T00:09:21.512+09:00
13156890648,여성 노트북가방 숄더백 토끼키링 증정,50210,SUSPENSION,디지털/가전>노트북액세서리>노트북가방/케이스,9999,2026-03-08T00:09:16.797+09:00
13156890398,세트 세트 식기 포크 도시락 어린이 숟가락 캐릭터 수저통 랜덤발송 케이스,16260,SALE,출산/육아>이유식용품>유아스푼/포크,32,2026-03-08T00:09:12.562+09:00
13156890178,어린이집 캐릭터 스푼 포크 랜덤발송 유아 식기 수저 준비물 세트 유치원 세트,13610,SALE,출산/육아>이유식용품>연습용젓가락,120,2026-03-08T00:09:08.860+09:00
13156889967,세트 젓가락 식기 어린이집 준비 신학기 유치원 숟가락 수저 캐릭터 스텐 위생,14940,SALE,출산/육아>이유식용품>연습용젓가락,92,2026-03-08T00:09:05.493+09:00
13156889777,쓰기 세트 기록장 칸 초등 독서록 공책 넓은 학생용 10개 독서 일기 문구류,16260,SALE,생활/건강>문구/사무용품>노트/수첩>노트,91,2026-03-08T00:09:02.271+09:00
13156889555,10개 넓은 독서 연습장 초등 공책 학생용 칸 독서록 습관 기록장 필기용 세트,16260,SALE,생활/건강>문구/사무용품>노트/수첩>노트,90,2026-03-08T00:08:58.738+09:00
13156889331,학생용 준비 초등 10개 일기장 세트 공책 그림 일기 신학기 랜덤발송 연습장,16260,SALE,생활/건강>문구/사무용품>노트/수첩>노트,91,2026-03-08T00:08:55.345+09:00
13156889148,수저통 유아용 세트 숟가락 포크 위생 케이스 식기 랜덤 어린이 캐릭터 구성,15600,SALE,출산/육아>이유식용품>연습용젓가락,66,2026-03-08T00:08:51.814+09:00
13156888887,슬림 도시락용 랜덤발송 식기 젓가락 휴대용 세트 수저 캐릭터 세트 숟가락,15600,SALE,출산/육아>이유식용품>연습용젓가락,96,2026-03-08T00:08:47.919+09:00
13156888639,10개 학생 초등 연습장 학용품 칸 슬림 세트 신학기 랜덤발송 좁은 알림장,18920,SALE,생활/건강>문구/사무용품>노트/수첩>노트,160,2026-03-08T00:08:44.194+09:00
13156888430,수저 스텐 식기 슬림 휴대용 멀티 세트 캐릭터 수저통 세트 숟가락 위생 젓가락,20240,SALE,출산/육아>이유식용품>연습용젓가락,96,2026-03-08T00:08:40.738+09:00
13156888188,유아용 식기 훈련용 세트 연습 젓가락 랜덤발송 젓가락 교정 캐릭터 어린이,23560,SALE,출산/육아>이유식용품>연습용젓가락,27,2026-03-08T00:08:36.547+09:00
13156887975,그리기장 5개 미술 스케치북 도구 랜덤발송 그림 캐릭터 어린이 드로잉북 세트,16260,SALE,생활/건강>문구/사무용품>용지>기타용지,60,2026-03-08T00:08:33.262+09:00
13156887785,조각 교육 지능 완구 맞추기 세트 스텝 캐릭터 퍼즐 놀이 창의력 개발 어린이,16260,SALE,생활/건강>수집품>게임>보드게임,38,2026-03-08T00:08:29.825+09:00
13156887570,냉장고 교육용 어린이 자석 교구 세트 캐릭터 놀이 놀이 창의력 미술 자석,37480,SALE,생활/건강>수집품>게임>보드게임,99,2026-03-08T00:08:26.530+09:00
13156887266,시간용 색종이 미술 색채 세트 종이접기 교구 학습 단면 색종이 100매 탄트,13610,SALE,생활/건강>화방용품>미술도구수납용품>화구통/박스,60,2026-03-08T00:08:21.374+09:00
13156886978,필기 문구 2종 필기구 노크식 부드러운 사무용 젤 볼펜 볼펜 세트 캐릭터,9630,SALE,생활/건강>문구/사무용품>필기도구>볼펜,190,2026-03-08T00:08:17.101+09:00
13156886778,노크식 필기구 리필심 볼펜 세트 사무용 젤 펜 소모품 검정 10개 리필,18920,SALE,생활/건강>문구/사무용품>필기도구>볼펜,50,2026-03-08T00:08:13.455+09:00
13156886590,세트 필기구 노크식 볼펜 굿즈 0.38mm 필기구 세트 캐릭터 5개 캐릭터,17590,SALE,생활/건강>문구/사무용품>필기도구>볼펜,5,2026-03-08T00:08:10.430+09:00
13156886386,색연필 세트 36개 미술 어린이 다색 체크 도구 색칠 색연필 놀이 캐릭터,50740,SALE,출산/육아>완구/인형>미술놀이>색연필,28,2026-03-08T00:08:07.202+09:00
13156886201,세트 풀 사무용 컴팩트 학생용 32개 수정 문구 대용량 풀테이프 용품,45440,SALE,생활/건강>문구/사무용품>문구용품>지우개,54,2026-03-08T00:08:03.980+09:00
13156886021,유선 학생용 노트 기록장 공책 랜덤발송 하드커버 일기장 다이어리 연습장,12290,SALE,생활/건강>문구/사무용품>노트/수첩>노트,47,2026-03-08T00:08:00.716+09:00
13156885823,세트 일기 학생 랜덤발송 학용품 일기장 그림 5개 공책 연습장 남학생용,16260,SALE,생활/건강>문구/사무용품>노트/수첩>노트,100,2026-03-08T00:07:57.557+09:00
13156885631,펠트 DIY 키링 키트 양모 놀이 랜덤발송 수공예 만들기 캐릭터 세트 교구,9630,SALE,패션잡화>패션소품>키홀더,480,2026-03-08T00:07:54.175+09:00
13156885426,캐릭터 세트 훈련 교정 연습용 유아 젓가락 젓가락 1단계 어린이 캐릭터 식기,12950,SALE,출산/육아>이유식용품>연습용젓가락,48,2026-03-08T00:07:50.772+09:00
13156885203,위생 세트 수저통 포크 케이스 캐릭터 숟가락 준비물 어린이집 식기 캐릭터,15600,SALE,출산/육아>이유식용품>연습용젓가락,31,2026-03-08T00:07:47.434+09:00
13156884982,스테인리스 위생 어린이집 유아 캐릭터 식기 유치원 숟가락 세트 포크 준비물,13610,SALE,출산/육아>이유식용품>연습용젓가락,26,2026-03-08T00:07:43.980+09:00
13156884782,크리스천 교회 새신자 기독교 굿즈 선물 세트,31080,SALE,생활/건강>문구/사무용품>문구용품>문구세트,99999,2026-03-08T00:07:40.694+09:00
13153022003,모나미 네임펜 F 중간글씨용 24색 세트 케이스,26840,SALE,생활/건강>문구/사무용품>필기도구>네임펜,999,2026-03-07T00:13:45.282+09:00
13153021822,전자레인지 그릇 전자렌지 찜기 용기 세트 소 중 블랙,23690,SALE,생활/건강>주방용품>냄비/솥>찜기,999,2026-03-07T00:13:41.998+09:00
13153021617,원터치 탈수 극세사 청소용 2P 패드 밀대 걸레 세트,22100,SUSPENSION,생활/건강>청소용품>밀대/패드,9999,2026-03-07T00:13:38.524+09:00
13153021442,4분할 수학 연습장 공책 스프링 필기 오답 노트 4개,21830,SALE,생활/건강>문구/사무용품>노트/수첩>노트,9999,2026-03-07T00:13:35.278+09:00
13153021257,여성 플라워 꽃 그레이 러블리 홈웨어 잠옷 파자마 세트,22100,SALE,생활/건강>원예/식물>조화,9999,2026-03-07T00:13:32.218+09:00
13153021060,브이로그 유튜브 3단 스마트폰 삼각대 리모컨 세트,22100,SALE,디지털/가전>카메라/캠코더용품>삼각대/헤드>삼각대,9999,2026-03-07T00:13:28.341+09:00
13153020877,가정용 3단 봉 길이조절 깃발 태극기 국기 보관 세트,22100,SALE,생활/건강>생활용품>보안용품>호신용품,8787,2026-03-07T00:13:25.040+09:00
13153020686,뉴 꼬마전구 연결 세트(5 인용),32840,SALE,출산/육아>교구>학습교구>자연/과학교구,9999,2026-03-07T00:13:21.655+09:00
13153020504,가죽 그립 면사 먼지 털이개 블랙 자동차세 차용품 세트,26480,SALE,생활/건강>자동차용품>세차용품>차량용먼지떨이개,9999,2026-03-07T00:13:18.387+09:00
13153020324,스테들러 364 형광펜 CWP 10 파스텔 10색 세트,25550,SUSPENSION,생활/건강>문구/사무용품>필기도구>형광펜,9999,2026-03-07T00:13:15.215+09:00
13153019756,침구 SSS 봄꽃 커버 세트 순면 세트 커버 SSS 봄꽃 침구 순면,231730,SALE,가구/인테리어>침구세트>이불베개세트>슈퍼싱글이불베개세트,9999,2026-03-07T00:13:04.787+09:00
13153019608,순면 세트 K 봄꽃 침구 커버 봄꽃 커버 침구 순면 세트 K,291890,SALE,가구/인테리어>침구세트>이불베개세트>슈퍼싱글이불베개세트,9999,2026-03-07T00:13:01.777+09:00
13153019445,커버 세트 침구 봄꽃 순면 봄꽃 세트 순면 커버 침구,308250,SALE,가구/인테리어>침구세트>이불베개세트>슈퍼싱글이불베개세트,9999,2026-03-07T00:12:58.882+09:00
13153019273,모닝글로리 스마트 삼각자 각도기 세트,4990,SALE,생활/건강>문구/사무용품>문구용품>자,19998,2026-03-07T00:12:55.387+09:00
13153019077,여성봄조끼 루즈 패션 니트 베스트 오버 핏 셔츠 조끼 세트 여성봄조끼 쪼끼 간절기조끼 봄여성조끼 여자,120340,SALE,스포츠/레저>골프>골프의류>조끼,9999,2026-03-07T00:12:52.138+09:00
13153018892,세트 커버 순면 봄꽃 K 침구 봄꽃 세트 커버 K 침구 순면,243740,SALE,가구/인테리어>침구세트>이불베개세트>슈퍼싱글이불베개세트,9999,2026-03-07T00:12:48.852+09:00
13153018725,세트 커버 침구 봄꽃 순면 커버 봄꽃 침구 순면 세트,257380,SALE,가구/인테리어>침구세트>이불베개세트>슈퍼싱글이불베개세트,9999,2026-03-07T00:12:45.751+09:00
13153018527,봄 축제 가면 만들기 봄 세트 대장 가면 나비 만들기,11480,SALE,출산/육아>완구/인형>미술놀이>기타미술놀이,9999,2026-03-07T00:12:42.309+09:00
13153018343,차량 천정 수납망 78x53cm 차량그물망 차수납,48490,SUSPENSION,생활/건강>자동차용품>수납용품>차량용포켓,999,2026-03-07T00:12:38.958+09:00
13153018165,접이식 패브릭 소품 정리박스 세트 옷보관 다용도수납통,15600,SUSPENSION,생활/건강>반려동물>리빙용품>하우스,999,2026-03-07T00:12:35.846+09:00
13153017990,봄 축제 가면 만들기 대장 만들기 가면 세트 나비 봄,7910,SALE,출산/육아>완구/인형>미술놀이>기타미술놀이,9999,2026-03-07T00:12:32.641+09:00
13153017796,화분 덮개 흙날림 흙장난방지 화분커버 소 M12165,6850,SALE,생활/건강>정원/원예용품>원예부자재,999,2026-03-07T00:12:29.292+09:00
13153017618,트렌디 여성 후드 밴딩 운동복 여자 골덴 뽀글이 핀턱 와이드 트레이닝 세트,42190,SALE,패션의류>여성의류>트레이닝복,9999,2026-03-07T00:12:25.898+09:00
13153017376,심플 남여 후드집업 러닝복  땀복 러닝 운동 츄리닝 트레이닝 런닝 세트,32240,SALE,패션의류>여성의류>트레이닝복,9999,2026-03-07T00:12:21.105+09:00
13153017226,베로나루체 면기 뚜껑 세트 라면 우동 비빔밥 그릇 냉면기 16cm 노랑,23760,SALE,생활/건강>주방용품>식기>면기,9999,2026-03-07T00:12:18.025+09:00
13153017037,베로나루체 면기 뚜껑 세트 라면 우동 비빔밥 그릇 냉면기 16cm 블루,23760,SALE,생활/건강>주방용품>식기>면기,9999,2026-03-07T00:12:14.827+09:00
13153016855,베로나루체 면기 뚜껑 세트 라면 우동 비빔밥 그릇 냉면기 16cm 아이보리,23760,SALE,생활/건강>주방용품>식기>면기,9999,2026-03-07T00:12:11.673+09:00
13153016583,베로나루체 나눔접시 뚜껑 세트 세칸 찬기 반찬 그릇 3구 접시 블루,28890,SALE,생활/건강>주방용품>식기>접시,9999,2026-03-07T00:12:06.569+09:00
13153016397,베로나루체 나눔접시 뚜껑 세트 세칸 찬기 반찬 그릇 3구 접시 아이보리,28890,SALE,생활/건강>주방용품>식기>접시,9999,2026-03-07T00:12:03.221+09:00
13153016223,가야 놋수저 세트 장수거북 숟가락 젓가락 예단 유기수저 2인 세트,117210,SALE,출산/육아>이유식용품>유아스푼/포크,9999,2026-03-07T00:12:00.062+09:00
13153016011,가야 놋수저 세트 민자 숟가락 젓가락 예단 유기수저 2인 세트,102770,SALE,출산/육아>이유식용품>유아스푼/포크,9999,2026-03-07T00:11:56.883+09:00
13153015839,가야 놋수저 세트 국화 숟가락 젓가락 예단 유기수저 2인 세트,117210,SALE,출산/육아>이유식용품>유아스푼/포크,9999,2026-03-07T00:11:53.715+09:00
13153015662,본차이나 나눔접시 뚜껑 세트 두칸 찬기 반찬 그릇 2구 접시 화이트,9320,SALE,생활/건강>주방용품>식기>접시,9999,2026-03-07T00:11:50.542+09:00
13153015341,연필 세트 터닝메카드 필기 도구 메모 어린이 학용품,7290,SALE,생활/건강>문구/사무용품>필기도구>연필,9999,2026-03-07T00:11:45.319+09:00
13153015172,태양광 충전하는 할로겐 등 3구 세트,9700,SUSPENSION,출산/육아>교구>학습교구>자연/과학교구,9999,2026-03-07T00:11:42.027+09:00
13153014958,핑크풋 노트 필기 미니 공책 유선 메모 노트 랜덤,4070,SALE,생활/건강>문구/사무용품>노트/수첩>노트,9999,2026-03-07T00:11:38.446+09:00
13153014756,핑크풋 미니 수첩 단어장 다이어리 암기장 노트,5020,SALE,생활/건강>문구/사무용품>노트/수첩>수첩,9999,2026-03-07T00:11:35.008+09:00
13153014058,스타 축구 라운드마커 세트 훈련 접시콘 2색 24p 15cm,52010,SALE,스포츠/레저>축구>기타축구용품,9999,2026-03-07T00:11:21.946+09:00
13153013879,빗자루 쓰레받이 세트 방비 사무실 바닥 먼지 청소,9730,SALE,생활/건강>청소용품>밀대/패드,9999,2026-03-07T00:11:18.546+09:00
13153013687,DC잭 전선 커넥터 LED 기기 DC잭 변환 플러그 2P 세트,4570,SALE,생활/건강>자동차용품>전기용품>차량용케이블,9999,2026-03-07T00:11:15.246+09:00
13153013515,스텐락 소주잔 세트 술잔 사케잔 소주컵 잔잔하게 2p,12980,SALE,생활/건강>주방용품>잔/컵>다기/주기,9999,2026-03-07T00:11:12.004+09:00
13153013333,수저 세트 숟가락 젓가락 커트러리 세트 매화 2인,20680,SALE,출산/육아>이유식용품>유아스푼/포크,9999,2026-03-07T00:11:08.522+09:00
13153013133,글라스펜 10색 세트 와인잔 낙서 유리펜 유리잔,25940,SUSPENSION,생활/건강>문구/사무용품>필기도구>볼펜,9999,2026-03-07T00:11:05.215+09:00
13153012941,국산 (전자렌지 덮개+받침대 세트) 음식덮개 푸드커버,14140,SUSPENSION,생활/건강>주방용품>주방잡화>기타주방잡화,9999,2026-03-07T00:11:01.518+09:00
13153012771,은은한 펄감 메탈릭 마커펜 12색 세트,16530,SUSPENSION,생활/건강>문구/사무용품>필기도구>보드마카,9999,2026-03-07T00:10:58.057+09:00
13153012575,만능렌치 2P 세트 멀티 파이프 렌지 스패너 렌찌,10960,SUSPENSION,생활/건강>공구>수작업공구>복스,9999,2026-03-07T00:10:54.661+09:00
13153012388,플라워 페이퍼백 디자인봉투 6장 세트,8840,SUSPENSION,생활/건강>공구>포장용품>포장지,9999,2026-03-07T00:10:50.949+09:00
13153012183,정밀 드라이버 세트 시계 안경 삼각 별모양 육각,16130,SUSPENSION,생활/건강>공구>전동공구>기타전동공구,9999,2026-03-07T00:10:47.525+09:00
13153011999,압축 분무기 1L 고압 자동 세차폼건 화분 농업용,13350,SUSPENSION,생활/건강>공구>원예공구>압축분무기,9999,2026-03-07T00:10:44.016+09:00
13153011804,생활 찍찍이테이프 (백색 세트) 까슬이 보슬이 탈부착,16260,SALE,생활/건강>문구/사무용품>테이프>일반테이프,9999,2026-03-07T00:10:40.508+09:00
13153011501,생활 찍찍이테이프 (흑색 세트) 까슬이 보슬이 탈부착,16260,SUSPENSION,생활/건강>문구/사무용품>테이프>일반테이프,9999,2026-03-07T00:10:35.310+09:00
13153011195,오링 화초 꽃 묘목 식물 화분 지지대 지주대 48cm,3930,SALE,생활/건강>정원/원예용품>원예부자재,999,2026-03-07T00:10:29.829+09:00
13153011005,세련된 태도 아쿠아틱 노트 남성향수 40ml 블루,23310,SALE,화장품/미용>향수>남성향수,999,2026-03-07T00:10:26.101+09:00
13153010800,빛나라 창의력 상상 노트 100부 (인쇄있음),297400,SALE,출산/육아>교구>학습교구>미술교구,999,2026-03-07T00:10:22.109+09:00
13153010555,귀여운 고양이 노트북 캐리어 방수 스티커 50장 세트,6700,SALE,생활/건강>문구/사무용품>스티커>다꾸스티커,999,2026-03-07T00:10:17.943+09:00
13153010188,금홍팬시 큐티팝걸스 티아라 왕관 쥬얼리 세트 (핑크),9650,SALE,출산/육아>완구/인형>역할놀이/소꿉놀이>화장놀이,999,2026-03-07T00:10:10.944+09:00
13153009997,여성 여름 반팔 반바지 트레이닝 상하 세트 베이지,31010,SALE,패션의류>여성의류>트레이닝복,999,2026-03-07T00:10:07.479+09:00
13153009829,여성 여름 트레이닝복 반팔 반바지 상하 세트 네이비,37390,SALE,패션의류>여성의류>트레이닝복,999,2026-03-07T00:10:04.104+09:00
13153009643,실리콘 뒷꿈치커버+앞발바닥패드 세트(4p),4770,SALE,생활/건강>발건강용품>발보호대/패드,999,2026-03-07T00:10:00.637+09:00
13153009403,깊은서랍 투명 책상정리함 3단 서랍칸막이 세트,66670,SALE,생활/건강>문구/사무용품>데스크용품>데스크정리함,999,2026-03-07T00:09:56.454+09:00
13153008372,피부 부드럽게 알로에성분 바디로션1 바디워시1 세트,52840,SALE,화장품/미용>바디케어>바디로션,999,2026-03-07T00:09:37.846+09:00
13153008146,로즈우드 옻칠 수저 세트 젓가락,6130,SALE,생활/건강>주방용품>식기>수저,999,2026-03-07T00:09:33.865+09:00
13153007951,레더 A5 무선 밴드 노트 격자 하드커버 업무수첩,21140,SALE,생활/건강>문구/사무용품>노트/수첩>노트패드,999,2026-03-07T00:09:30.279+09:00
13153007745,빨래 세탁망 4종 세트,8830,SALE,생활/건강>세탁용품>세탁망,999,2026-03-07T00:09:26.729+09:00
13153007565,연습장1000 10p (색상랜덤),17070,SALE,생활/건강>문구/사무용품>노트/수첩>노트패드,999,2026-03-07T00:09:23.348+09:00
13153007354,미니 돌돌이 테이프 클리너 본품 리필 세트,5900,SALE,생활/건강>청소용품>테이프클리너,833,2026-03-07T00:09:19.761+09:00
13153007147,패턴 라인펜 롤러펜 윤곽펜 매직 6색 세트 다양한,7910,SALE,생활/건강>문구/사무용품>필기도구>펜,160,2026-03-07T00:09:15.980+09:00
13153006968,규조토 소프트 발매트 2개 세트 욕실 러그 흡수 발판 화장실 욕실용 쿠션 매트,25050,SALE,생활/건강>욕실용품>욕실용기/홀더>디스펜서,9999,2026-03-07T00:09:12.561+09:00
13153006774,플라밍고 칫솔 걸이 양치컵 세트 핑크 욕실 컵 홀더 칫솔꽂이 모던 디자인 정리 소품,5420,SALE,생활/건강>욕실용품>욕실용기/홀더>칫솔통/걸이,9999,2026-03-07T00:09:09.047+09:00
13153006609,변기 커버 손잡이 2개 세트 뚜껑 오픈 보조 위생용 랜덤색상 욕실용,4100,SALE,생활/건강>욕실용품>욕실잡화>변기커버,9999,2026-03-07T00:09:05.624+09:00
13153006422,땅콩 로프 스토퍼 10개입 텐트 타프 스트링 고정 클립 PP 와이어 조절 부자재 세트,6350,SALE,스포츠/레저>캠핑>텐트/타프용품>기타텐트/타프용품,9999,2026-03-07T00:09:01.989+09:00
13153006245,알루미늄 텐트 Y팩 4개 세트 랜덤색상 캠핑 그늘막 바람막이 고정팩 로프 고리팩 야외용,6620,SALE,스포츠/레저>등산>기타등산장비,9999,2026-03-07T00:08:58.687+09:00
13153006048,워터릴 호스 45m 세차 원예 청소용 수도 연결 분사 정리형 물분사 릴 세트,61110,SALE,생활/건강>공구>원예공구>호스/호스카트,9999,2026-03-07T00:08:55.234+09:00
13153005855,미니 원예 도구 3종 세트 화분 분갈이 삽 갈퀴 흙 정리 가드닝 교육용 키트,3960,SALE,생활/건강>원예/식물>미니화분,9999,2026-03-07T00:08:51.551+09:00
13153005659,미세분사 분무기 겸용 물조리개 소형 스프레이 원예 화분 미용 다용도 안개분사 물뿌리개,5550,SALE,생활/건강>정원/원예용품>물조리개,9999,2026-03-07T00:08:47.930+09:00
13153005454,원예용 분무기 물조리개 화분 물주기 물뿌리개 소형 급수기 다용도 홈가드닝,4490,SALE,생활/건강>문구/사무용품>문구용품>기타문구용품,9999,2026-03-07T00:08:43.912+09:00
13153005283,페트병 연결 물조리개 캡 3개입 화분 물주기 간편 급수기 분무용 다용도 원예 보조도구,6620,SALE,생활/건강>정원/원예용품>물조리개,9999,2026-03-07T00:08:40.609+09:00
13153005055,골프 퍼팅 미러 매트 세트 자세 스윙 확인 퍼터 정렬 연습용 트레이닝 보조,16430,SALE,스포츠/레저>골프>골프연습용품>퍼팅용품,9999,2026-03-07T00:08:36.637+09:00
13153004860,100LB 튜빙 밴드 세트 저항 운동 홈트 근력 강화 스트레칭 헬스 트레이닝,18420,SALE,스포츠/레저>헬스>헬스소품>기타헬스소품,9999,2026-03-07T00:08:32.928+09:00
13153004461,미니 전동 연마기 조각기 세트 다용도 그라인더 공예 연마 절단 폴리싱 작업 공구,49310,SALE,생활/건강>공구>전동공구>비트세트,9999,2026-03-07T00:08:25.801+09:00
13153004278,대형 원형 화분 받침대 바퀴형 이동식 물받이 트레이 화분받침 수납 이동 보조 받침판,35520,SALE,생활/건강>정원/원예용품>화분받침,9999,2026-03-07T00:08:22.176+09:00
13153004102,이동식 원형 화분 받침대 바퀴형 고정식 다용도 이동 트레이 실내 정리 받침판,20270,SALE,생활/건강>정원/원예용품>화분받침,9999,2026-03-07T00:08:18.632+09:00
13153003866,수도꼭지 호스 연결구 어댑터 세트 고무 조임 나사형 커넥터 물 연결 부속품,4890,SALE,생활/건강>공구>원예공구>호스/호스카트,9999,2026-03-07T00:08:14.793+09:00
13153003680,자전거 휴대용 수리 키트 만능 렌치 공구 세트 라이딩 응급 정비 멀티툴 자가정비,18950,SALE,스포츠/레저>자전거>자전거용품>기타자전거용품,9999,2026-03-07T00:08:11.165+09:00
13153003450,가구 이동 리프터 세트 무거운 짐 들기 냉장고 가전 옮기기 바퀴 포함 도구,34990,SALE,생활/건강>공구>운반용품>핸드카트/운반기,9999,2026-03-07T00:08:07.051+09:00
13153003232,골프 헤드 커버 세트 인조가죽 타입 클럽 보호 드라이버 우드 보관,60320,SALE,스포츠/레저>골프>골프필드용품>헤드커버,9999,2026-03-07T00:08:03.177+09:00
13153003018,티단추 기구 세트 100개입 펀칭기 똑딱단추 부착 공구 옷수선 가방 리폼 바느질 부자재,12050,SALE,가구/인테리어>인테리어소품>미술작품>공예디자인,9999,2026-03-07T00:07:59.669+09:00
13153002823,검정 유성 볼펜 0.5mm 사무용 오피스 필기구 부드러운 필기 노트 메모용 고급 펜,2900,SALE,생활/건강>문구/사무용품>필기도구>볼펜,9999,2026-03-07T00:07:56.110+09:00
13153002628,네일 실리콘 스탬프 세트 젤 도장 아트 전사용 스탬퍼 플레이트 도구,4890,SALE,화장품/미용>네일케어>네일케어세트,9999,2026-03-07T00:07:52.701+09:00
13153002413,식물 지지 클립 고정 집게 화분 지주대 고추대 철사 원예용 비닐하우스 자재,2640,SALE,생활/건강>공구>원예공구>기타원예공구,9999,2026-03-07T00:07:49.098+09:00
13153002221,탈수 밀대 걸레 교체 패드 2장 세트 극세사 물 청소용 리필 바닥 청소 소모품,11390,SUSPENSION,생활/건강>청소용품>밀대/패드,9999,2026-03-07T00:07:45.759+09:00
13153002008,투명 삼각자 각도기 세트 플라스틱 자 직각자 측정도구 학생 제도용 문구,5550,SALE,생활/건강>문구/사무용품>문구용품>기타문구용품,9999,2026-03-07T00:07:41.872+09:00
13132127417,오성 어쏘티드 와퍼 440g 대용량 벌크 과자 모듬 웨이퍼 세트 어른 아이들 간식,10670,SALE,식품>과자/베이커리>스낵>일반스낵,999,2026-03-03T00:11:41.442+09:00
13132127248,미성 해씨 초콜릿 30g 영양 만점 해바라기씨 초코 아이들 초등학생 간식 어른 간식,4460,SALE,식품>과자/베이커리>초콜릿,999,2026-03-03T00:11:38.131+09:00
13132127026,미성 해씨 초콜릿 30g 12개입 1통 고소한 해바라기씨 초콜릿 아이들 초등학생 간식,13850,SALE,식품>과자/베이커리>초콜릿,999,2026-03-03T00:11:34.284+09:00
13132126830,미성 스톤 초콜릿 30g 알록달록 돌멩이 모양 추억의 과자 아이들 초등학생 간식,4460,SALE,식품>과자/베이커리>초콜릿,999,2026-03-03T00:11:30.739+09:00
13132126608,미성 스톤 초콜릿 30g 12개입 1통 추억의 돌멩이 초콜릿 아이들 초등학생 간식,13850,SALE,식품>과자/베이커리>초콜릿,999,2026-03-03T00:11:26.993+09:00
13132126428,머거본 믹스파티 프렌즈 250g 믹스 견과 종합 안주 세트 맥주 안주 어른 간식,8120,SALE,식품>과자/베이커리>스낵>일반스낵,999,2026-03-03T00:11:23.677+09:00
13132126234,스노우 생 초코레드 오리지널 32g 입안에서 사르르 녹는 초콜릿 아이들 초등학생 간식,4990,SALE,식품>과자/베이커리>초콜릿,999,2026-03-03T00:11:19.874+09:00
13132126044,스노우 생 초코레드 오리지널 32g 12개입 1팩 생초콜릿 세트 아이들 초등학생 간식,19580,SALE,식품>과자/베이커리>초콜릿,999,2026-03-03T00:11:16.346+09:00
13132125846,스노우 생 초코레드 말차맛 32g 쌉싸름하고 달콤한 말차 초콜릿 어른 아이들 간식,4990,SALE,식품>과자/베이커리>초콜릿,999,2026-03-03T00:11:12.771+09:00
13132125638,머거본 아몬드 4종 믹스 번들 10g 20개입 1팩 견과류 세트 맥주 안주 어른 간식,14640,SALE,식품>과자/베이커리>스낵>일반스낵,999,2026-03-03T00:11:09.012+09:00
13132125438,엘리스 초코 샌드 비스킷 150g 진한 초콜릿 크림 샌드 과자 아이들 초등학생 간식,5100,SALE,식품>과자/베이커리>초콜릿,999,2026-03-03T00:11:05.492+09:00
13132125257,미니 땅콩버터 와플 초콜릿 콘 300g 대용량 피넛버터 와플 과자 아이들 초등학생 간식,10350,SALE,식품>과자/베이커리>초콜릿,999,2026-03-03T00:11:02.015+09:00
13132125059,미니 땅콩버터 와플 초콜릿 콘 300g 4개 대용량 세트 피넛버터 과자 아이들 초등학생 간식,34690,SALE,식품>과자/베이커리>초콜릿,999,2026-03-03T00:10:58.055+09:00
13132124857,오발틴 코코아 마시멜로우 25g 20개입 1통 초코 마시멜로 대용량 아이들 초등학생 간식,13850,SALE,식품>과자/베이커리>사탕,999,2026-03-03T00:10:54.364+09:00
13132124621,오발틴 코코아 마시멜로우 25g 초코 마시멜로 달콤한 초콜릿 디저트 아이들 초등학생 간식,4060,SALE,식품>과자/베이커리>사탕,999,2026-03-03T00:10:50.269+09:00
13132124405,델피 차차 야구 캡모자 미니 초코볼 30g 12개입 1통 장난감 초코볼 아이들 초등학생 간식,23080,SALE,식품>과자/베이커리>초콜릿,999,2026-03-03T00:10:46.184+09:00
13132124169,리프트 가구 이동 고하중 작키 세트,33240,SALE,생활/건강>공구>운반용품>핸드카트/운반기,389,2026-03-03T00:10:41.928+09:00
13132123788,투명 아크릴 펜꽂이 1칸 사각 다용도 연필 필기구 꽂이,7120,SALE,생활/건강>문구/사무용품>문구용품>기타문구용품,9999,2026-03-03T00:10:37.442+09:00
13132123412,피크닉 소풍 4단 도시락 파우치 세트 1P,58700,SALE,생활/건강>주방용품>보관/밀폐용기>도시락통/찬합,9999,2026-03-03T00:10:33.274+09:00
13132123035,방수 야외 캐릭터 피크닉매트 1P 휴대용 돗자리,47560,SALE,생활/건강>생활용품>생활선물세트,9999,2026-03-03T00:10:29.461+09:00
13132122628,캐릭터 방수 야외 피크닉매트 1P 휴대용 돗자리,40800,SALE,생활/건강>생활용품>생활선물세트,9999,2026-03-03T00:10:25.557+09:00
13132122247,귀여운 캐릭터 피크닉매트 1P 휴대용 돗자리,32310,SUSPENSION,생활/건강>생활용품>생활선물세트,9999,2026-03-03T00:10:21.782+09:00
13132121925,가정용 주방용 식도 조리도구 칼 과도 가위 3종 세트,67050,SALE,생활/건강>주방용품>칼/커팅기구>칼,9999,2026-03-03T00:10:17.816+09:00
13132121646,400ml 텀블러 분쇄컵 믹서기 블랜더 블렌더 세트,67050,SALE,생활/건강>주방용품>잔/컵>텀블러,9999,2026-03-03T00:10:14.030+09:00
13132121393,열전도 볼륨 드라이빗 대왕 롤빗 브러쉬 앞머리 뿌리볼륨 꼬리빗 세트,20270,SALE,화장품/미용>뷰티소품>헤어소품>헤어브러시,9999,2026-03-03T00:10:09.780+09:00
13132121140,bns 자석 다트판 마그네틱 양면 걸이형 다트놀이 세트,40770,SUSPENSION,생활/건강>수집품>게임>보드게임,9999,2026-03-03T00:10:06.205+09:00
13132120898,bns 양면 다트판 다트핀 6개 세트 벽걸이형 바늘 핀다트,33740,SUSPENSION,생활/건강>수집품>게임>보드게임,9999,2026-03-03T00:10:01.861+09:00
13132120610,bns 거치대 포함 고급형 차량용 비상망치 벨트커터 세트,28570,SUSPENSION,생활/건강>자동차용품>세차용품>실내세정제,9999,2026-03-03T00:09:58.051+09:00
13132120381,bns 원형 화분 깔망 10cm 50개입,22200,SUSPENSION,생활/건강>정원/원예용품>원예부자재,9999,2026-03-03T00:09:53.623+09:00
13132120114,홈홈 스마트폰 필기구 수납 거치대 펜꽂이 받침대 연필 펜슬,59330,SALE,생활/건강>문구/사무용품>문구용품>문구세트,9999,2026-03-03T00:09:48.922+09:00
13132119923,문구점 매장 24구 경사형 펜진열대 펜 홀더 꽂이 거치대 책상,30820,SALE,생활/건강>문구/사무용품>문구용품>문구세트,9999,2026-03-03T00:09:45.373+09:00
13132119708,스포츠 심판 카드 세트,5130,SALE,스포츠/레저>축구>기타축구용품,9999,2026-03-03T00:09:41.318+09:00
13132119496,캠핑 먹방 스퀘어 손잡이 앞접시 플레이팅 5종 세트,18390,SALE,생활/건강>주방용품>식기>대접,9999,2026-03-03T00:09:37.510+09:00
13132119273,윈도우마카 6색 세트,16660,SUSPENSION,생활/건강>문구/사무용품>필기도구>매직,9999,2026-03-03T00:09:33.659+09:00
13132119040,피크닉매트 오렌지체크 돗자리 150x200cm,9770,SALE,생활/건강>생활용품>생활선물세트,9999,2026-03-03T00:09:29.636+09:00
13132118728,다육식물 입체화분 물감세트(식물보호케이스포함),18920,SALE,출산/육아>완구/인형>미술놀이>종이접기,9999,2026-03-03T00:09:23.830+09:00
13132118487,뿌리식물 관찰정원 만들기,20510,SALE,출산/육아>완구/인형>미술놀이>종이접기,9999,2026-03-03T00:09:19.534+09:00
13132118272,랜덤컬러 미니 줄노트 손이 편한 스프링노트,4980,SALE,생활/건강>문구/사무용품>노트/수첩>노트,953,2026-03-03T00:09:15.641+09:00
13132118034,베이지 미니노트 A7 사이즈 80g 줄노트 스프링노트,4320,SALE,생활/건강>문구/사무용품>노트/수첩>노트,852,2026-03-03T00:09:11.749+09:00
13132117841,다채로운 10색 볼펜 세트구성 다꾸 다이어리 필기,5630,SALE,생활/건강>문구/사무용품>필기도구>볼펜,948,2026-03-03T00:09:07.673+09:00
13132117606,화이트바디 심플 깔끔한 검정색 볼펜 0.5mm,3240,SALE,생활/건강>문구/사무용품>필기도구>볼펜,1377,2026-03-03T00:09:03.530+09:00
13120138658,조선순덕이 캐릭터 공책 연습장 좌철 스프링 노트 10권,16800,SALE,생활/건강>문구/사무용품>노트/수첩>노트,99998,2026-02-28T00:24:11.898+09:00
13099223341,서류철 집게 클리퍼 세트 16mm 디스펜서 포함 문서 정리 사무 클립,6220,SALE,생활/건강>문구/사무용품>문구용품>클립/핀,9998,2026-02-24T00:16:33.681+09:00
13099213841,와이어 슬림 머리띠 6종 세트 심플 물결 스프링 헤어밴드,6050,SALE,패션잡화>헤어액세서리>헤어밴드,296,2026-02-24T00:14:05.630+09:00
13033226105,초등 1-2 14칸(디자인랜덤 모닝글로리),3480,SALE,생활/건강>문구/사무용품>노트/수첩>노트,997,2026-02-10T00:18:39.541+09:00
13008076661,분갈이 매트 원예용 화분 다용도 매트 (대형),6590,SALE,생활/건강>정원/원예용품>자갈/모래/흙,9998,2026-02-05T00:17:26.617+09:00
13000957861,밴프 슬립프로베개 1000g 목 어깨가 편안한 경추베개 목쿠션 호텔 베개 압축포장,10040,SALE,가구/인테리어>베개>계절베개,369,2026-02-03T17:15:36.460+09:00
